category	domain	domain_rating	traffic_domain	links_to_competitor	dofollow	first_seen	prospect_quality	how_they_link	notes
government-city	hamburg.de	89	1508099	2917	2917	2024-12-09	HIGH	city portal citing a holiday calendar	2917 dofollow links from one city portal. The single strongest pattern in this profile.
government-city	berlin.de	91	2635250	3	3	2024-10-21	HIGH	city portal reference	
government-state	sachsen.de	90	501638	1	1	2019-02-22	HIGH	state portal reference	
government-city	poznan.pl	86	658705	1	1	2020-05-22	HIGH	Polish city portal	relevant to the Polish market where Livdar is weakest
university	uni-bremen.de	83	61542	12	12	2019-03-21	HIGH	term dates and holiday reference	12 dofollow from one university
university	uni-bonn.de	84	86902	2	2	2019-01-29	HIGH	term dates reference	
university	uni-freiburg.de	84	52581	1	1	2023-12-20	HIGH	term dates reference	
university	uni-marburg.de	81	1022967	2	2	2026-03-17	HIGH	term dates reference	
education-authority	ac-versailles.fr	78	384408	1	0	2020-05-08	MEDIUM	French academy citing a calendar	nofollow, but the French school-holiday relevance is exact
niche-peer	feiertage-oesterreich.at	43	37622	4225	4225	2016-01-07	MEDIUM	sitewide reciprocal	4225 dofollow. Almost certainly a sister site rather than an earned link.
niche-peer	calovo.de	55	60360	473	362	2019-10-26	MEDIUM	calendar tool cross-link	
niche-peer	schulferien.eu	27	197445	12	12	2026-08-10	MEDIUM	school-holiday peer	
niche-peer	deutschland-rechner.de	43	89973	1	1	2026-06-10	MEDIUM	calculator peer	also ranks position 4 on kalender 2027
press-tech	iphone-ticker.de	70	37959	35	35	2020-05-04	MEDIUM	tech blog citing a calendar	35 dofollow
press-regional	l-iz.de	72	89023	1	1	2026-05-11	MEDIUM	Leipzig regional news	
press-tech	basicthinking.de	74	39037	1	1	2023-01-06	MEDIUM	German tech and business blog	
press-tech	bug.hr	65	39453	5	5	2019-03-11	MEDIUM	Croatian tech press	
portal-provider	aol.de	72	420655	523	523	2018-01-22	INVESTIGATE	portal widget or syndication	523 dofollow. Looks like a content deal rather than an editorial link.
portal-provider	web.de	86	3037564	2	2	2026-08-29	INVESTIGATE	portal reference	all the portal links appeared within days of each other in Aug and Sep 2026
portal-provider	gmx.net	83	3038669	2	2	2026-08-30	INVESTIGATE	portal reference	same cluster
portal-provider	1und1.de	88	666940	1	1	2026-09-03	INVESTIGATE	portal reference	same cluster
portal-provider	gmx.at	61	538897	2	2	2026-08-29	INVESTIGATE	portal reference	same cluster
portal-provider	gmx.ch	59	293174	2	2	2026-08-30	INVESTIGATE	portal reference	same cluster
commercial-housing	leg-wohnen.de	56	39159	3	3	2023-08-14	MEDIUM	housing company resource page	direct relevance to the rent surface
commercial-logistics	eurosender.com	66	31390	3	3	2019-02-08	MEDIUM	shipping company resource	relevance to the moving-cost tool
commercial-retail	littlejohnbikes.de	48	53094	1	1	2026-08-17	LOW	bike retailer	
media-de	t-online.de	90	11198774	3	0	2024-11-15	LOW	news reference	nofollow
qa-community	gutefrage.net	74	3748918	19	0	2019-05-27	LOW	German Q and A answers	nofollow, but 19 answers cite it
EXCLUDE-ugc	github.com	97	43622764	2	0	2023-12-19	EXCLUDE	user repository	UGC, not a prospect
EXCLUDE-ugc	blogspot.com	95	24021178	46	46	2020-10-22	EXCLUDE	free blog platform	not an editorial signal
EXCLUDE-ugc	t.me	97	31653342	11	11	2021-03-07	EXCLUDE	Telegram	
EXCLUDE-ugc	telegram.me	94	441248	6	6	2021-03-07	EXCLUDE	Telegram	
EXCLUDE-ugc	neocities.org	88	532134	1	1	2026-06-17	EXCLUDE	free hosting	
EXCLUDE-scraper	similarsites.com	58	273839	12	0	2018-08-26	EXCLUDE	site-metrics scraper	auto-generated, zero value
EXCLUDE-scraper	sitelike.org	62	71176	465	0	2020-06-14	EXCLUDE	site-metrics scraper	465 auto-generated links
EXCLUDE-scraper	siteprice.org	72	47589	310	0	2020-12-07	EXCLUDE	site-valuation scraper	
EXCLUDE-spam	za.com	89	523473	140	0	2024-07-05	EXCLUDE	flagged spam by Ahrefs	the same domain that appears in Livdar's own class B list
EXCLUDE-spam	pages.dev	93	5624588	3	0	2024-09-25	EXCLUDE	flagged spam by Ahrefs	
EXCLUDE-spam	c99.nl	49	28202	14	14	2026-05-07	EXCLUDE	flagged spam by Ahrefs	
EXCLUDE-spam	socastsrm.com	55	28010	3	0	2025-02-07	EXCLUDE	flagged spam by Ahrefs	
