family,keywords,live_primary,live_secondary,esim,entity_head,listing_head,durable_head,candidate_head,promising,experiment_only,blocked_data,blocked_licence,reject,measured_with_ahrefs,max_volume,median_volume,total_volume,serp_class,indexable_yes,data_source_required,page_types,markets_present
cost-of-living.country,1961,193,39,0,0,0,0,131,1598,0,0,0,0,41,3100,100,107987,NOT_SAMPLED,1961,,DURABLE,10
events.named-holiday-date,1056,0,0,0,0,0,0,39,1017,0,0,0,0,39,43874,288,147349,NOT_SAMPLED,1056,,DURABLE,8
events.subdivision-holidays,564,28,2,0,0,0,0,12,522,0,0,0,0,5,202000,2500,730807,NOT_SAMPLED,564,,DURABLE,8
neighbourhoods.city-where-to-stay,397,40,10,0,0,0,0,1,346,0,0,0,0,24,8300,1200,118238,NOT_SAMPLED,397,,DURABLE,10
work.country-salaries,365,58,25,0,0,0,1,29,252,0,0,0,0,33,32000,300,142714,NOT_SAMPLED,365,,DURABLE,10
events.country-holidays,356,27,18,0,0,0,0,8,297,0,6,0,0,30,181000,350,497328,NOT_SAMPLED,350,source missing,DURABLE,10
atlas.city-family-carried-forward,301,0,0,0,0,0,301,0,0,0,0,0,0,0,88000,9400,3799000,OPEN,301,,DURABLE,8
rents.country-inflation,293,5,2,0,0,0,0,3,283,0,0,0,0,4,4400,150,9419,NOT_SAMPLED,293,,DURABLE,8
calendar.month,288,0,0,0,0,0,0,0,288,0,0,0,0,14,2027,216,5887,NOT_SAMPLED,288,,DURABLE,8
events.named-holiday-regions,245,0,0,0,0,0,0,9,236,0,0,0,0,9,43496,4,45561,NOT_SAMPLED,245,,DURABLE,5
places.city-category,232,0,0,0,0,0,108,44,61,0,0,0,19,180,55000,600,394430,OPEN,223,,DURABLE,11
activities.city-things-to-do,160,0,0,0,0,0,104,8,31,0,0,0,17,96,35000,1200,551730,OPEN,141,,DURABLE,11
jobs.role-city-and-category-city,148,0,0,0,0,0,0,0,0,0,0,0,0,0,165000,10000,2141100,LISTING_INVENTORY_REQUIRED|LISTING_INVENTORY_REQUIRED_VERTICAL,148,jobs feed,LISTING,8
tools.calculator,133,32,5,0,0,0,0,2,77,0,17,0,0,7,254000,300,728864,NOT_SAMPLED,116,,DURABLE,10
(none),119,0,119,0,0,0,0,0,0,0,0,0,0,0,119000,2700,682670,NOT_SAMPLED,119,,DURABLE,11
rents.city-listings,117,0,0,0,0,0,0,0,0,0,0,0,0,7,312000,4000,1426700,LISTING_INVENTORY_REQUIRED|OPEN_REQUIRES_INVENTORY,117,rental listings feed|listing feed for this family,LISTING|DURABLE,6
stay.city-type,104,0,0,0,0,0,53,10,30,0,0,0,11,86,9000,400,113200,NOT_SAMPLED,97,,DURABLE,11
work.city-jobs,73,0,0,0,0,0,0,0,0,0,0,0,73,72,9800,1400,123250,AGGREGATOR_LOCKED,0,jobs feed,DURABLE,11
rents.city,69,0,0,0,0,0,41,2,21,0,0,0,5,69,14000,450,74440,NOT_SAMPLED,69,,DURABLE,11
transport.node-route-and-hotels,66,0,0,0,0,0,22,44,0,0,0,0,0,0,4400,700,69200,OPEN,66,,DURABLE,1
services.city-practical,66,0,0,0,0,0,29,2,26,0,0,0,9,66,14000,250,41480,NOT_SAMPLED,66,,DURABLE,8
events.city-type,55,0,0,0,0,0,20,5,20,0,0,0,10,55,11000,200,41480,OPEN,55,,DURABLE,11
poi.entity-tickets,45,0,0,0,36,0,0,6,0,0,0,0,3,45,20000,3400,239060,OPEN_WINNER_TAKE_MOST_IF_NO_RESELLER,42,OSM plus Wikidata; attraction affiliate for monetisation only,ENTITY_MODIFIER,1
weather.city-best-time,45,0,0,0,0,0,1,0,2,0,0,0,42,42,85000,9200,813610,SERP_FEATURE_SUPPRESSED,1,,DURABLE,11
calendar.year,45,0,0,0,0,0,0,20,25,0,0,0,0,20,627451,13381,2201913,NOT_SAMPLED,45,,DURABLE,9
transport.city-getting-around,39,0,0,0,0,0,17,3,10,0,0,0,9,39,29000,300,56260,NOT_SAMPLED,39,,DURABLE,8
move.visa-country,38,0,0,0,0,0,14,23,1,0,0,0,0,6,12000,600,56890,OPEN,38,,DURABLE,1
weather.country-best-time,37,24,13,0,0,0,0,0,0,0,0,0,0,13,51000,6400,327800,NOT_SAMPLED,37,,DURABLE,5
sport.city-season,36,29,7,0,0,0,0,0,0,0,0,0,0,7,500,80,4190,NOT_SAMPLED,36,,DURABLE,7
health.city,32,0,0,0,0,0,13,3,8,0,0,0,8,32,2900,350,20010,NOT_SAMPLED,32,,DURABLE,11
rankings.index,28,25,3,0,0,0,0,0,0,0,0,0,0,3,1300,150,9090,NOT_SAMPLED,28,,DURABLE,10
tools.matcher,27,24,3,0,0,0,0,0,0,0,0,0,0,3,6200,60,16040,NOT_SAMPLED,27,,DURABLE,10
poi.entity-opening-hours,24,0,0,0,0,0,0,3,3,0,0,0,18,24,800,80,3630,OPEN_WINNER_TAKE_MOST_IF_NO_RESELLER,6,OSM plus Wikidata; attraction affiliate for monetisation only,ENTITY_MODIFIER,1
property.city-buy,23,0,0,0,0,0,2,2,1,0,18,0,0,23,7000,250,27090,OPEN_BUT_SOURCE_BLOCKED,5,property listings feed,DURABLE,8
events.city-window,22,0,0,0,0,0,6,2,6,0,4,0,2,22,11000,450,31260,NOT_SAMPLED,18,licensed event feed|listing feed for this family,DURABLE,8
route.city-pair,19,0,0,0,0,0,0,0,0,0,0,0,19,19,24000,1500,93200,AGGREGATOR_LOCKED,0,timetable feed,DURABLE,1
education.city-universities,18,0,0,0,0,0,4,2,5,0,0,0,7,18,11000,70,23340,NOT_SAMPLED,18,,DURABLE,11
work.working-time-per-year,16,0,0,0,0,0,0,10,6,0,0,0,0,10,17291,178,23655,NOT_SAMPLED,16,,DURABLE,8
events.long-weekends,16,0,0,0,0,0,0,0,16,0,0,0,0,10,3963,688,10903,NOT_SAMPLED,16,,DURABLE,8
informational,16,0,0,16,0,0,0,0,0,0,0,0,0,16,91000,2400,163400,NOT_SAMPLED,16,,DURABLE,1
sport.route,15,0,0,0,0,0,0,1,11,0,0,0,3,15,300,80,1420,NOT_SAMPLED,15,,DURABLE,6
tools.cost-comparison,12,10,2,0,0,0,0,0,0,0,0,0,0,2,49000,70,102440,NOT_SAMPLED,12,,DURABLE,8
poi.city-category-durable,12,0,0,0,0,0,11,0,1,0,0,0,0,12,12000,1800,39100,NOT_SAMPLED,12,,DURABLE,1
education.city-schools,12,0,0,0,0,0,1,0,7,0,0,0,4,12,300,50,980,NOT_SAMPLED,12,,DURABLE,6
safety.city,12,0,0,0,0,0,0,1,8,0,1,0,2,11,900,40,1400,NOT_SAMPLED,11,source missing,DURABLE,6
poi.landmark-entity,12,0,0,0,0,0,0,0,0,12,0,0,0,12,152000,44000,658800,BRAND_OWNED_PLUS_SOCIAL,12,OSM plus Wikidata plus opening hours,ENTITY,1
poi.entity-how-to-get-to,11,0,0,0,0,0,0,1,1,0,0,0,9,11,600,30,970,OPEN_WINNER_TAKE_MOST_IF_NO_RESELLER,2,OSM plus Wikidata; attraction affiliate for monetisation only,ENTITY_MODIFIER,1
jobs.employer-city,11,0,0,0,0,0,0,0,0,0,1,0,10,1,46000,13000,160700,LISTING_INVENTORY_REQUIRED,0,jobs feed,DURABLE|LISTING,2
category,11,0,0,11,0,0,0,0,0,0,0,0,0,11,21000,3100,63200,NOT_SAMPLED,11,,DURABLE,1
events.city-durable-window-concerts,10,0,0,0,0,0,0,0,0,0,0,0,0,0,14000,11000,80300,LISTING_INVENTORY_REQUIRED,10,licensed event feed,LISTING,3
jobs.rules-durable,9,0,0,0,0,0,9,0,0,0,0,0,0,0,48000,13000,195300,OPEN,9,,DURABLE,1
events.today,9,0,0,0,0,0,0,4,5,0,0,0,0,4,137005,9938,149730,NOT_SAMPLED,9,,DURABLE,9
sport.city-activity,9,0,0,0,0,0,0,0,9,0,0,0,0,9,150,40,380,NOT_SAMPLED,9,,DURABLE,5
commercial,9,0,0,9,0,0,0,0,0,0,0,0,0,9,11000,3600,39600,NOT_SAMPLED,9,,DURABLE,1
rents.rules-durable,8,0,0,0,0,0,8,0,0,0,0,0,0,0,269000,32000,418100,OPEN,8,,DURABLE,1
calendar.week-numbers,8,0,0,0,0,0,0,5,3,0,0,0,0,5,44785,16023,98887,NOT_SAMPLED,8,,DURABLE,8
airport.transfer,7,0,0,0,0,0,2,0,1,0,0,0,4,7,900,40,1660,NOT_SAMPLED,7,,DURABLE,6
move.admin-country,7,0,0,0,0,0,1,0,2,0,0,0,4,7,800,10,1090,NOT_SAMPLED,3,,DURABLE,1
cost-of-living.city,7,0,0,0,0,0,0,1,4,0,0,0,2,7,450,0,590,NOT_SAMPLED,7,,DURABLE,6
jobs.role-city,7,0,0,0,0,0,0,0,0,0,4,0,0,7,600,500,3000,LISTING_INVENTORY_REQUIRED,3,listing feed for this family|jobs feed,DURABLE,2
tools.cost-calculator,6,5,1,0,0,0,0,0,0,0,0,0,0,1,39000,200,78380,NOT_SAMPLED,6,,DURABLE,6
wellness.city-thermal,6,0,0,0,0,0,4,0,1,0,0,0,1,6,9400,2100,15360,NOT_SAMPLED,6,,DURABLE,3
poi.entity-parking,6,0,0,0,2,0,0,1,1,0,0,0,2,6,2700,500,5070,OPEN_WINNER_TAKE_MOST_IF_NO_RESELLER,4,OSM plus Wikidata; attraction affiliate for monetisation only,ENTITY_MODIFIER,1
destination-turkey,6,0,0,6,0,0,0,0,0,0,0,0,0,6,8800,3100,18400,NOT_SAMPLED,6,,DURABLE,1
events.series-city,5,0,0,0,0,0,5,0,0,0,0,0,0,5,7800,3000,20700,NOT_SAMPLED,5,,DURABLE,5
transport.airport-city-route,5,0,0,0,0,0,4,0,1,0,0,0,0,5,2900,900,7100,NOT_SAMPLED,5,,DURABLE,1
orientation.city-country,5,0,0,0,0,0,0,3,2,0,0,0,0,0,800,300,2000,NOT_SAMPLED,3,,DURABLE,1
jobs.city-category,5,0,0,0,0,0,0,0,0,0,0,0,0,5,21000,2400,30200,NOT_SAMPLED,5,listing feed for this family,DURABLE,1
jobs.city-durable,5,0,0,0,0,0,0,0,0,0,0,0,0,5,16000,4500,35100,NOT_SAMPLED,5,listing feed for this family,DURABLE,1
activities.city-itinerary,5,0,0,0,0,0,0,0,4,0,0,0,1,5,200,50,480,NOT_SAMPLED,5,,DURABLE,2
activities.city-nearby,5,0,0,0,0,0,0,0,4,0,0,0,1,5,200,70,420,NOT_SAMPLED,5,,DURABLE,1
neighbourhoods.city-best-for,5,0,0,0,0,0,0,0,5,0,0,0,0,5,150,80,370,NOT_SAMPLED,5,,DURABLE,5
work.city-salaries,5,0,0,0,0,0,0,0,5,0,0,0,0,5,150,50,390,NOT_SAMPLED,5,,DURABLE,5
banking.country,5,0,0,0,0,0,0,0,5,0,0,0,0,5,150,30,310,NOT_SAMPLED,5,,DURABLE,5
money,5,0,0,5,0,0,0,0,0,0,0,0,0,5,119000,2700,128600,NOT_SAMPLED,5,,DURABLE,1
destination-japan,5,0,0,5,0,0,0,0,0,0,0,0,0,5,32000,4600,53200,NOT_SAMPLED,5,,DURABLE,1
destination-morocco,5,0,0,5,0,0,0,0,0,0,0,0,0,5,7700,3300,20500,NOT_SAMPLED,5,,DURABLE,1
sport.facility-durable,4,0,0,0,0,0,2,0,2,0,0,0,0,4,1100,800,2100,NOT_SAMPLED,4,,DURABLE,1
visas.country-residency,4,0,0,0,0,0,0,2,2,0,0,0,0,4,500,400,1200,NOT_SAMPLED,4,,DURABLE,4
stay.student,4,0,0,0,0,0,0,0,0,0,0,0,0,4,2100,2100,6800,NOT_SAMPLED,4,listing feed for this family,DURABLE,1
stay.wg-shared,4,0,0,0,0,0,0,0,0,0,0,0,0,4,1700,1500,5300,NOT_SAMPLED,4,listing feed for this family,DURABLE,1
jobs.company-city,4,0,0,0,0,0,0,0,0,0,2,0,0,4,3200,700,4900,LISTING_INVENTORY_REQUIRED,2,listing feed for this family|jobs feed,DURABLE,2
events.venue-event,4,0,0,0,0,0,0,0,0,0,0,0,3,4,5100,3900,9160,OPEN_BUT_ECONOMICALLY_DEAD,2,listing feed for this family|licensed event feed,DURABLE,2
relocation.country,4,0,0,0,0,0,0,0,4,0,0,0,0,4,100,70,280,NOT_SAMPLED,4,,DURABLE,4
work.city-jobs-category,4,0,0,0,0,0,0,0,4,0,0,0,0,4,40,0,40,NOT_SAMPLED,4,,DURABLE,4
transport.airport-to-city,4,0,0,0,0,0,0,0,4,0,0,0,0,4,0,0,0,NOT_SAMPLED,4,,DURABLE,4
stay.city-hotels,4,0,0,0,0,0,0,0,0,0,0,0,4,4,9500,7300,25200,NOT_SAMPLED,0,,DURABLE,1
destination-korea,4,0,0,4,0,0,0,0,0,0,0,0,0,4,21000,2700,25550,NOT_SAMPLED,4,,DURABLE,1
destination,4,0,0,4,0,0,0,0,0,0,0,0,0,4,16000,13000,29500,NOT_SAMPLED,4,,DURABLE,1
destination-egypt,4,0,0,4,0,0,0,0,0,0,0,0,0,4,6400,5800,15700,NOT_SAMPLED,4,,DURABLE,1
destination-thailand,4,0,0,4,0,0,0,0,0,0,0,0,0,4,5100,2900,10400,NOT_SAMPLED,4,,DURABLE,1
comparison,4,0,0,4,0,0,0,0,0,0,0,0,0,4,4600,2600,7320,NOT_SAMPLED,4,,DURABLE,1
events.recurring-named,3,0,0,0,0,0,2,0,0,0,0,0,0,3,92000,37000,136300,NOT_SAMPLED,3,listing feed for this family,DURABLE,2
stay.airport-hotels,3,0,0,0,0,0,2,0,1,0,0,0,0,3,3200,1200,4490,NOT_SAMPLED,3,,DURABLE,2
move.relocate-country,3,0,0,0,0,0,3,0,0,0,0,0,0,3,1100,700,2300,NOT_SAMPLED,3,,DURABLE,1
stay.vacation-rental,3,0,0,0,0,0,1,0,0,0,0,0,0,3,20000,3700,24150,NOT_SAMPLED,3,listing feed for this family,DURABLE,2
events.city-concerts,3,0,0,0,0,0,0,0,0,0,2,0,0,3,8900,7100,16900,NOT_SAMPLED,1,listing feed for this family|licensed event feed,DURABLE,2
poi.museum-entity,3,0,0,0,0,0,0,0,0,3,0,0,0,3,16000,11000,35900,BRAND_OWNED_PLUS_SOCIAL,3,OSM plus Wikidata plus opening hours,ENTITY,1
move.tax-country,3,0,0,0,0,0,0,0,1,0,0,0,2,3,80,30,140,NOT_SAMPLED,1,,DURABLE,1
poi.entity-restaurants-near,3,0,0,0,0,0,0,0,0,0,0,0,3,3,450,300,770,NOT_SAMPLED,0,,ENTITY_MODIFIER,1
poi.entity-best-time,3,0,0,0,0,0,0,0,0,0,0,0,3,3,20,10,40,NOT_SAMPLED,0,,ENTITY_MODIFIER,1
destination-china,3,0,0,3,0,0,0,0,0,0,0,0,0,3,2700,2700,6400,NOT_SAMPLED,3,,DURABLE,1
jobs.salary-role-city,2,0,0,0,0,0,1,0,1,0,0,0,0,2,450,450,650,OPEN,2,,DURABLE,1
poi.entity-seating-plan,2,0,0,0,2,0,0,0,0,0,0,0,0,2,9400,9400,14300,OPEN_WINNER_TAKE_MOST_IF_NO_RESELLER,2,OSM plus Wikidata; attraction affiliate for monetisation only,ENTITY_MODIFIER,1
stay.student-accommodation,2,0,0,0,0,0,2,0,0,0,0,0,0,2,4800,4800,7800,NOT_SAMPLED,2,,DURABLE,1
stay.landmark-hotels,2,0,0,0,0,0,1,0,1,0,0,0,0,2,900,900,1050,NOT_SAMPLED,2,,DURABLE,1
places.coworking-durable,2,0,0,0,0,0,1,0,1,0,0,0,0,2,700,700,790,NOT_SAMPLED,2,,DURABLE,1
places.gym-durable,2,0,0,0,0,0,1,0,0,0,0,0,1,2,700,700,730,NOT_SAMPLED,1,,DURABLE,1
facts.city,2,0,0,0,0,0,2,0,0,0,0,0,0,2,600,600,950,NOT_SAMPLED,2,,DURABLE,1
poi.beach-durable,2,0,0,0,0,0,2,0,0,0,0,0,0,2,450,450,900,NOT_SAMPLED,2,,DURABLE,1
events.city-seasonal,2,0,0,0,0,0,0,0,0,0,0,0,0,2,21000,21000,26300,NOT_SAMPLED,2,listing feed for this family,DURABLE,1
events.city-exhibitions,2,0,0,0,0,0,0,0,0,0,1,0,0,2,12000,12000,22000,NOT_SAMPLED,1,listing feed for this family|licensed event feed,DURABLE,2
events.city-durable,2,0,0,0,0,0,0,0,0,0,0,0,0,2,9800,9800,19300,NOT_SAMPLED,2,listing feed for this family,DURABLE,1
events.country-festivals,2,0,0,0,0,0,0,0,0,0,1,0,0,2,3100,3100,3900,NOT_SAMPLED,1,listing feed for this family|licensed event feed,DURABLE,2
events.city-whatson,2,0,0,0,0,0,0,0,0,0,1,0,0,2,4600,4600,6500,NOT_SAMPLED,1,listing feed for this family|licensed event feed,DURABLE,2
jobs.remote,2,0,0,0,0,0,0,0,0,0,1,0,0,2,350,350,650,LISTING_INVENTORY_REQUIRED,1,listing feed for this family|jobs feed,DURABLE,2
events.school-holidays,2,0,0,0,0,0,0,0,0,0,1,1,0,2,283339,283339,540339,NOT_SAMPLED,0,source missing,DURABLE,2
stay.coliving,2,0,0,0,0,0,0,0,0,0,2,0,0,2,100,100,190,NOT_SAMPLED,0,operator directory,DURABLE,1
jobs.english-speaking,2,0,0,0,0,0,0,0,0,0,2,0,0,2,100,100,140,LISTING_INVENTORY_REQUIRED,0,jobs feed,DURABLE,1
stay.monthly-rental,2,0,0,0,0,0,0,0,0,0,2,0,0,2,30,30,30,NOT_SAMPLED,0,rental listings feed,DURABLE,1
places.restaurant-entity,2,0,0,0,0,0,0,0,0,2,0,0,0,2,21000,21000,33000,BRAND_OWNED_PLUS_SOCIAL,2,OSM plus opening hours plus menu,ENTITY,1
property.city-prices,2,0,0,0,0,0,0,0,2,0,0,0,0,2,150,150,250,NOT_SAMPLED,2,,DURABLE,1
services.schools-durable,2,0,0,0,0,0,0,0,2,0,0,0,0,2,150,150,300,NOT_SAMPLED,2,,DURABLE,1
poi.nightlife-durable,2,0,0,0,0,0,0,0,2,0,0,0,0,2,90,90,160,NOT_SAMPLED,2,,DURABLE,1
category-overseas,2,0,0,2,0,0,0,0,0,0,0,0,0,2,6300,6300,9300,NOT_SAMPLED,2,,DURABLE,1
destination-switzerland,2,0,0,2,0,0,0,0,0,0,0,0,0,2,5300,5300,6700,NOT_SAMPLED,2,,DURABLE,1
destination-vietnam,2,0,0,2,0,0,0,0,0,0,0,0,0,2,5100,5100,8300,NOT_SAMPLED,2,,DURABLE,1
destination-usa,2,0,0,2,0,0,0,0,0,0,0,0,0,2,4100,4100,5400,NOT_SAMPLED,2,,DURABLE,1
destination-albania,2,0,0,2,0,0,0,0,0,0,0,0,0,2,3700,3700,6500,NOT_SAMPLED,2,,DURABLE,1
destination-europe,2,0,0,2,0,0,0,0,0,0,0,0,0,2,2900,2900,3500,NOT_SAMPLED,2,,DURABLE,1
brand,2,0,0,2,0,0,0,0,0,0,0,0,0,2,0,0,0,NOT_SAMPLED,2,,DURABLE,1
visas.country-visit,1,0,0,0,0,0,1,0,0,0,0,0,0,1,7600,7600,7600,NOT_SAMPLED,1,,DURABLE,1
stay.station-hotels,1,0,0,0,0,0,1,0,0,0,0,0,0,1,1300,1300,1300,NOT_SAMPLED,1,,DURABLE,1
stay.aparthotel,1,0,0,0,0,0,1,0,0,0,0,0,0,1,1000,1000,1000,NOT_SAMPLED,1,,DURABLE,1
services.hospital-durable,1,0,0,0,0,0,1,0,0,0,0,0,0,1,450,450,450,NOT_SAMPLED,1,,DURABLE,1
poi.mall-durable,1,0,0,0,0,0,1,0,0,0,0,0,0,1,400,400,400,NOT_SAMPLED,1,,DURABLE,1
sport.hiking-region,1,0,0,0,0,0,1,0,0,0,0,0,0,1,350,350,350,NOT_SAMPLED,1,,DURABLE,1
relocation.city,1,0,0,0,0,0,0,1,0,0,0,0,0,1,900,900,900,NOT_SAMPLED,1,,DURABLE,1
events.city-market,1,0,0,0,0,0,0,0,0,0,0,0,0,1,16000,16000,16000,NOT_SAMPLED,1,listing feed for this family,DURABLE,1
stay.hostel,1,0,0,0,0,0,0,0,0,0,0,0,0,1,5600,5600,5600,NOT_SAMPLED,1,listing feed for this family,DURABLE,1
events.city-cinema,1,0,0,0,0,0,0,0,0,0,0,0,0,1,2700,2700,2700,NOT_SAMPLED,1,listing feed for this family,DURABLE,1
stay.pension,1,0,0,0,0,0,0,0,0,0,0,0,0,1,1500,1500,1500,NOT_SAMPLED,1,listing feed for this family,DURABLE,1
rents.city-area,1,0,0,0,0,0,0,0,0,0,0,0,0,1,300,300,300,NOT_SAMPLED,1,listing feed for this family,DURABLE,1
stay.sublet,1,0,0,0,0,0,0,0,0,0,0,0,0,1,250,250,250,NOT_SAMPLED,1,listing feed for this family,DURABLE,1
stay.furnished,1,0,0,0,0,0,0,0,0,0,0,0,0,1,150,150,150,NOT_SAMPLED,1,listing feed for this family,DURABLE,1
jobs.visa-sponsorship,1,0,0,0,0,0,0,0,0,0,1,0,0,1,600,600,600,LISTING_INVENTORY_REQUIRED,0,jobs feed,DURABLE,1
stay.flatshare,1,0,0,0,0,0,0,0,0,0,1,0,0,1,450,450,450,NOT_SAMPLED,0,rental listings feed,DURABLE,1
events.sport-tickets,1,0,0,0,0,0,0,0,0,0,1,0,0,1,200,200,200,NOT_SAMPLED,0,licensed event feed,DURABLE,1
events.city-conferences,1,0,0,0,0,0,0,0,0,0,1,0,0,1,20,20,20,NOT_SAMPLED,0,licensed event feed,DURABLE,1
stay.rooms,1,0,0,0,0,0,0,0,0,0,1,0,0,1,10,10,10,NOT_SAMPLED,0,rental listings feed,DURABLE,1
stay.roommates,1,0,0,0,0,0,0,0,0,0,1,0,0,1,10,10,10,NOT_SAMPLED,0,rental listings feed,DURABLE,1
poi.beach-entity,1,0,0,0,0,0,0,0,0,1,0,0,0,1,86000,86000,86000,BRAND_OWNED_PLUS_SOCIAL,1,,ENTITY,1
poi.market-entity,1,0,0,0,0,0,0,0,0,1,0,0,0,1,78000,78000,78000,BRAND_OWNED_PLUS_SOCIAL,1,,ENTITY,1
poi.venue-entity,1,0,0,0,0,0,0,0,0,1,0,0,0,1,70000,70000,70000,BRAND_OWNED_PLUS_SOCIAL,1,,ENTITY,1
transport.station-entity,1,0,0,0,0,0,0,0,0,1,0,0,0,1,32000,32000,32000,BRAND_OWNED_PLUS_SOCIAL,1,,ENTITY,1
transport.terminal-entity,1,0,0,0,0,0,0,0,0,1,0,0,0,1,32000,32000,32000,BRAND_OWNED_PLUS_SOCIAL,1,,ENTITY,1
poi.mall-entity,1,0,0,0,0,0,0,0,0,1,0,0,0,1,20000,20000,20000,BRAND_OWNED_PLUS_SOCIAL,1,,ENTITY,1
poi.stadium-entity,1,0,0,0,0,0,0,0,0,1,0,0,0,1,11000,11000,11000,BRAND_OWNED_PLUS_SOCIAL,1,,ENTITY,1
places.gym-entity,1,0,0,0,0,0,0,0,0,1,0,0,0,1,2300,2300,2300,BRAND_OWNED_PLUS_SOCIAL,1,OSM plus operator data,ENTITY,1
places.coworking-entity,1,0,0,0,0,0,0,0,0,1,0,0,0,1,1400,1400,1400,BRAND_OWNED_PLUS_SOCIAL,1,OSM plus operator data,ENTITY,1
sport.sailing-region,1,0,0,0,0,0,0,0,1,0,0,0,0,1,200,200,200,NOT_SAMPLED,1,,DURABLE,1
events.country-window,1,0,0,0,0,0,0,0,1,0,0,0,0,1,150,150,150,NOT_SAMPLED,1,,DURABLE,1
move.insurance-country,1,0,0,0,0,0,0,0,1,0,0,0,0,1,150,150,150,NOT_SAMPLED,1,,DURABLE,1
services.university-durable,1,0,0,0,0,0,0,0,1,0,0,0,0,1,150,150,150,NOT_SAMPLED,1,,DURABLE,1
move.healthcare-country,1,0,0,0,0,0,0,0,1,0,0,0,0,1,60,60,60,NOT_SAMPLED,1,,DURABLE,1
transport.parking-node,1,0,0,0,0,0,0,0,1,0,0,0,0,1,60,60,60,NOT_SAMPLED,1,,DURABLE,1
sport.diving-region,1,0,0,0,0,0,0,0,1,0,0,0,0,1,50,50,50,NOT_SAMPLED,1,,DURABLE,1
health.country,1,0,0,0,0,0,0,0,1,0,0,0,0,1,0,0,0,NOT_SAMPLED,1,,DURABLE,1
taxes.country-remote-work,1,0,0,0,0,0,0,0,1,0,0,0,0,1,0,0,0,NOT_SAMPLED,1,,DURABLE,1
sport.cycling-route,1,0,0,0,0,0,0,0,0,0,0,0,1,1,40,40,40,NOT_SAMPLED,0,,DURABLE,1
events.recurring,1,0,0,0,0,0,0,0,0,0,0,0,1,1,30,30,30,NOT_SAMPLED,1,,DURABLE,1
sport.surf-region,1,0,0,0,0,0,0,0,0,0,0,0,1,1,30,30,30,NOT_SAMPLED,0,,DURABLE,1
jobs.salary-role,1,0,0,0,0,0,0,0,0,0,0,0,1,1,30,30,30,NOT_SAMPLED,1,listing feed for this family,DURABLE,1
poi.viewpoint-durable,1,0,0,0,0,0,0,0,0,0,0,0,1,1,10,10,10,NOT_SAMPLED,0,,DURABLE,1
move.relocate-city,1,0,0,0,0,0,0,0,0,0,0,0,1,1,10,10,10,NOT_SAMPLED,0,,DURABLE,1
sport.running-route,1,0,0,0,0,0,0,0,0,0,0,0,1,1,10,10,10,NOT_SAMPLED,0,,DURABLE,1
services.doctor-language,1,0,0,0,0,0,0,0,0,0,0,0,1,1,0,0,0,NOT_SAMPLED,0,,DURABLE,1
services.dentist-language,1,0,0,0,0,0,0,0,0,0,0,0,1,1,0,0,0,NOT_SAMPLED,0,,DURABLE,1
stay.monthly,1,0,0,0,0,0,0,0,0,0,0,0,1,1,0,0,0,NOT_SAMPLED,0,,DURABLE,1
poi.entity-wheelchair,1,0,0,0,0,0,0,0,0,0,0,0,1,1,0,0,0,NOT_SAMPLED,0,,ENTITY_MODIFIER,1
stay.city-rooms,1,0,0,0,0,0,0,0,0,0,0,1,0,0,,,0,NOT_SAMPLED,0,source missing,DURABLE,1
destination-taiwan,1,0,0,1,0,0,0,0,0,0,0,0,0,1,9400,9400,9400,NOT_SAMPLED,1,,DURABLE,1
destination-australia,1,0,0,1,0,0,0,0,0,0,0,0,0,1,3900,3900,3900,NOT_SAMPLED,1,,DURABLE,1
destination-singapore,1,0,0,1,0,0,0,0,0,0,0,0,0,1,3800,3800,3800,NOT_SAMPLED,1,,DURABLE,1
destination-southafrica,1,0,0,1,0,0,0,0,0,0,0,0,0,1,3700,3700,3700,NOT_SAMPLED,1,,DURABLE,1
destination-hongkong,1,0,0,1,0,0,0,0,0,0,0,0,0,1,2900,2900,2900,NOT_SAMPLED,1,,DURABLE,1
destination-andorra,1,0,0,1,0,0,0,0,0,0,0,0,0,1,1900,1900,1900,NOT_SAMPLED,1,,DURABLE,1
destination-curacao,1,0,0,1,0,0,0,0,0,0,0,0,0,1,1700,1700,1700,NOT_SAMPLED,1,,DURABLE,1
destination-tunisia,1,0,0,1,0,0,0,0,0,0,0,0,0,1,1600,1600,1600,NOT_SAMPLED,1,,DURABLE,1
destination-uk,1,0,0,1,0,0,0,0,0,0,0,0,0,1,1200,1200,1200,NOT_SAMPLED,1,,DURABLE,1
destination-hawaii,1,0,0,1,0,0,0,0,0,0,0,0,0,1,1100,1100,1100,NOT_SAMPLED,1,,DURABLE,1
