keyword,market,family,page_type,volume,kd,position1_domain,position1_dr,position1_traffic,min_dr_in_top10,weakest_top10_domain,weakest_dr,weakest_refdomains,weakest_position,weakest_traffic,traffic_below_position1,ai_overview,serp_features,aggregator_dominance,official_brand_dominance,serp_class,feed_needed,livdar_can_win,reason,source_file
best time to visit rome,en-US,weather.city-best-time,DURABLE,2000,2,ricksteves.com,76,2085,46,tickets-rome.com,46,24,7,135,651,yes,ai_overview+question+sitelink+image_th+video_th+news,none,none,OPEN,no,yes,"no knowledge card. Every top ten URL RATING is between 0 and 7 and the page level backlinks are 2 to 24: Rick Steves wins on six, Royal Caribbean on two, getyourguide on two. Page authority not domain authority decides this SERP. The AI overview at position 1 is the honest caveat on click through rate.",BEST-TIME-SERP-2026-10-06.csv
beste reisezeit dubai,de-DE,weather.city-best-time,DURABLE,1700,0,tui.com,77,1143,8,restplatzboerse.com,8,0,10,244,4475,yes,ai_overview+question+image_th,none,none,OPEN,no,yes,"no knowledge card. Three domains under DR 35 in the top ten: luxus-reiseprofi.de at DR 9 with ZERO backlinks in position 8, restplatzboerse.com at DR 8 with zero backlinks in position 10, travelklima.de at DR 31 in position 7. The German CPC on this intent is 10 to 45 cents, the highest of any language measured.",BEST-TIME-SERP-2026-10-06.csv
quand partir en islande,fr-FR,weather.city-best-time,DURABLE,1800,0,partir.com,58,2282,37,voyageislande.com,37,0,7,213,2539,yes,ai_overview+question+image_th,none,none,OPEN,no,yes,"no knowledge card. voyageislande.com at DR 37 with zero backlinks holds position 7 and travelbase.fr at DR 43 on ONE backlink holds position 4. The French phrasing is ""quand partir a X"": ""meilleure periode pour visiter rome"" reads 20 against 250 for ""quand partir a rome"".",BEST-TIME-SERP-2026-10-06.csv
edinburgh castle,en-GB,poi.landmark-entity,ENTITY,85000,0,blog.edinburghcastle.scot,73,20929,0,prestonstreetprimary.co.uk,,,,669,11857,,organic,,,BRAND_OWNED_PLUS_SOCIAL,,no,official site at 1 and knowledge panel at 2; the rest of the page is TripAdvisor forum plus Facebook YouTube Instagram. A DR 0 school page ranks at 8 with 669 but there is no informational slot a programmatic page fills,SERP-EVIDENCE.csv
alhambra tickets,en-GB,poi.landmark-entity,ENTITY,3800,13,tickets.alhambra-patronato.es,74,1324,55,alhambra.org,,,,330,2743,YES,ai_overview,,,OFFICIAL_OWNED_PLUS_AI_OVERVIEW,,no,AI overview at 1 with only official sitelinks; positions 2 4 6 7 8 are all official or semi-official. Tiqets at DR 83 takes position 9 with 42 clicks which is the ceiling for a third party,SERP-EVIDENCE.csv
restaurants lincoln,en-GB,places.city-category,DURABLE,2700,0,,,,13,whitehorselincoln.co.uk,,,,2148,11804,,local_pack,,,OPEN,,yes,DR 13 at position 5 earning 2148 and DR 13 at 7 and DR 15 at 9 while TripAdvisor at DR 91 takes 337,SERP-EVIDENCE.csv
o2 arena events,en-GB,events.venue-event,DURABLE,3900,0,ticketweb.uk,76,2308,0,onlytechnoevents.com,,,,0,72,,organic,,,OPEN_BUT_ECONOMICALLY_DEAD,,no,authority is not the gate,SERP-EVIDENCE.csv
product manager jobs london,en-GB,jobs.role-city,DURABLE,600,0,uk.indeed.com,92,546,17,builtinlondon.uk,,,,172,1971,,organic,,,LISTING_INVENTORY_REQUIRED,,no,every one of the ten results is a job board or an employer ATS. builtinlondon.uk at DR 17 ranks at 5,SERP-EVIDENCE.csv
jobs lincoln,en-GB,jobs.city,DURABLE,,,,,,,,,,,,,,organic,,,AGGREGATOR_LOCKED,,no,measured in an earlier pass,SERP-EVIDENCE.csv
houses for sale carlisle,en-GB,property.city-buy,DURABLE,7000,0,rightmove.co.uk,85,6322,7,homesearch-direct.co.uk,,,,1591,6787,,organic,,,OPEN_BUT_SOURCE_BLOCKED,,no,DR 7 at position 3 earning 1591 so authority is not the gate. Every winner serves live listings,SERP-EVIDENCE.csv
lincoln to nottingham,en-GB,route.city-pair,DURABLE,1100,0,eastmidlandsrailway.co.uk,71,215,53,mytrainpal.com,,,,27,701,,ai_overview,,,AGGREGATOR_LOCKED,,no,no top 10 result under DR 53,SERP-EVIDENCE.csv
wetter konstanz,de-DE,weather.city,DURABLE,9200,0,wetter.de,80,923,19,wetter33.de,,,,0,358,,knowledge_card,,,SERP_FEATURE_SUPPRESSED,,no,knowledge card at 1,SERP-EVIDENCE.csv
spokane weather,en-US,weather.city,DURABLE,68000,13,weather.gov,91,10905,72,kxly.com,,,,323,20999,,knowledge_card,,,SERP_FEATURE_SUPPRESSED,,no,no top 10 result under DR 72,SERP-EVIDENCE.csv
british museum tickets,en-GB,poi.entity-tickets,ENTITY_MODIFIER,20000,0,ai_overview official sitelinks,,,6,ootlah.com,33,,,18104,18166,,,,,OPEN_WINNER_TAKE_MOST,affiliate optional,STRONG. A DR 33 programmatic travel page with zero refdomains takes 18104 while TripAdvisor 41 Eventbrite 1 Booking 14 Headout 0. No ticket reseller owns this entity because entry is free,STRONG. A DR 33 programmatic travel page with zero refdomains takes 18104 while TripAdvisor 41 Eventbrite 1 Booking 14 Headout 0. No ticket reseller owns this entity because entry is free,LISTING-SERP-EVIDENCE.csv
tower of london tickets,en-GB,poi.entity-tickets,ENTITY_MODIFIER,17000,0,ai_overview official plus attractiontickets,,,49,ianvisits.co.uk,64,,,17796,17881,,,,,OPEN_WINNER_TAKE_MOST,affiliate optional,STRONG. An independent venue guide takes 17796 at position 2 with zero refdomains on the URL while GetYourGuide 5 Civitatis 68 Fever 12 TripAdvisor 0,STRONG. An independent venue guide takes 17796 at position 2 with zero refdomains on the URL while GetYourGuide 5 Civitatis 68 Fever 12 TripAdvisor 0,LISTING-SERP-EVIDENCE.csv
warwick castle tickets,en-GB,poi.entity-tickets,ENTITY_MODIFIER,6000,0,ai_overview official,,,43,lovetovisit.com,43,,,4,6313,,,,,RESELLER_OWNED,ticketing partner,WEAK. Ticketmaster at DR 82 takes position 2 with 6292 and everything below earns under 12. The differentiator is that this attraction has a ticketing reseller,WEAK. Ticketmaster at DR 82 takes position 2 with 6292 and everything below earns under 12. The differentiator is that this attraction has a ticketing reseller,LISTING-SERP-EVIDENCE.csv
alhambra tickets,en-GB,poi.entity-tickets,ENTITY_MODIFIER,3800,13,ai_overview official only,,,55,alhambra.org,55,,,330,2743,,,,,OFFICIAL_OWNED,none helps,WEAK. Official ticket shop holds 2 4 6 7 8 and Tiqets at DR 83 takes position 9 with 42,WEAK. Official ticket shop holds 2 4 6 7 8 and Tiqets at DR 83 takes position 9 with 42,LISTING-SERP-EVIDENCE.csv
o2 arena parking,en-GB,poi.entity-parking,ENTITY_MODIFIER,1800,1,theo2.co.uk,74,7460,51,greenwichpeninsula.co.uk,61,,,406,1814,,,,,COMPETITIVE_MID_AUTHORITY,parking inventory optional,MODERATE. Venue holds 1 2 5 but JustPark 710 YourParkingSpace 224 greenwichpeninsula 406 Parkopedia 109 all earn real traffic. Entry needs roughly DR 50,MODERATE. Venue holds 1 2 5 but JustPark 710 YourParkingSpace 224 greenwichpeninsula 406 Parkopedia 109 all earn real traffic. Entry needs roughly DR 50,LISTING-SERP-EVIDENCE.csv
edinburgh castle,en-GB,poi.landmark-entity,ENTITY_BARE_BRAND,85000,0,blog.edinburghcastle.scot,73,20929,0,prestonstreetprimary.co.uk,0,,,669,11857,,,,,BRAND_OWNED_PLUS_SOCIAL,none helps,WEAK. Bare brand name goes to the entity plus knowledge panel plus TripAdvisor forum Facebook YouTube Instagram,WEAK. Bare brand name goes to the entity plus knowledge panel plus TripAdvisor forum Facebook YouTube Instagram,LISTING-SERP-EVIDENCE.csv
hotels berlin,de-DE,stay.city-hotels,DURABLE,7300,0,expedia.de,77,0,32,nyx-hotels.de,32,,,6,35,,,,,SERP_FEATURE_SUPPRESSED,rates feed does not help,WEAK. 7300 volume and the entire organic top 10 earns single digits. Accor DR 90 IHG DR 91 Kayak DR 78 all near zero. Google Hotels takes the clicks. A trap: high volume low KD no available traffic,WEAK. 7300 volume and the entire organic top 10 earns single digits. Accor DR 90 IHG DR 91 Kayak DR 78 all near zero. Google Hotels takes the clicks. A trap: high volume low KD no available traffic,LISTING-SERP-EVIDENCE.csv
wohnung mieten berlin,de-DE,rents.city-listings,DURABLE,14000,9,immobilienscout24.de,88,19121,31,livinginberlin.de,31,,,1565,39985,,,,,OPEN_REQUIRES_INVENTORY,rental listings feed,STRONG. inberlinwohnen.de at DR 43 takes 20374 at position 3 which is MORE than ImmoScout24. Also DR 57 with 7903 DR 60 with 4628 DR 55 with 2608 DR 53 with 1978 DR 31 with 1565. Roughly 40000 clicks below position 1 and min DR 31,STRONG. inberlinwohnen.de at DR 43 takes 20374 at position 3 which is MORE than ImmoScout24. Also DR 57 with 7903 DR 60 with 4628 DR 55 with 2608 DR 53 with 1978 DR 31 with 1565. Roughly 40000 clicks below position 1 and min DR 31,LISTING-SERP-EVIDENCE.csv
veranstaltungen berlin,de-DE,events.city-durable,DURABLE,11000,0,ai_overview then berlin.de,91,7952,52,eventfinder.de,52,,,11,2653,,,,,COMPETITIVE_MID_AUTHORITY,licensed event feed,MODERATE. Official city portal dominates but museumsportal DR 70 takes 1275 TripAdvisor 904 ticketonline 204 eventim 58 eventfinder 11. Far better than the venue level page,MODERATE. Official city portal dominates but museumsportal DR 70 takes 1275 TripAdvisor 904 ticketonline 204 eventim 58 eventfinder 11. Far better than the venue level page,LISTING-SERP-EVIDENCE.csv
o2 arena events,en-GB,events.venue-event,DURABLE,3900,0,ticketweb.uk,76,2308,0,onlytechnoevents.com,0,,,0,72,,,,,OPEN_BUT_ECONOMICALLY_DEAD,ticketing inventory,WEAK. Authority open,WEAK. Authority open,LISTING-SERP-EVIDENCE.csv
stellenangebote berlin,de-DE,jobs.city-durable,DURABLE,4500,0,de.indeed.com,92,0,33,pflegia.de,33,,,1,6,,,,,LISTING_INVENTORY_REQUIRED_VERTICAL,jobs feed,MODERATE. Min DR 33 so a niche board ranks,MODERATE. Min DR 33 so a niche board ranks,LISTING-SERP-EVIDENCE.csv
product manager jobs london,en-GB,jobs.role-city,DURABLE,600,0,uk.indeed.com,92,546,17,builtinlondon.uk,17,,,172,1971,,,,,LISTING_INVENTORY_REQUIRED_VERTICAL,jobs feed,MODERATE. builtinlondon.uk at DR 17 ranks fifth with 172,MODERATE. builtinlondon.uk at DR 17 ranks fifth with 172,LISTING-SERP-EVIDENCE.csv
restaurants lincoln,en-GB,places.city-category,DURABLE,2700,0,local_pack,,,13,whitehorselincoln.co.uk,13,,,2148,11804,,,,,OPEN,none,STRONG. DR 13 at position 5 earning 2148 and DR 13 at 7 and DR 15 at 9 while TripAdvisor at DR 91 takes 337,STRONG. DR 13 at position 5 earning 2148 and DR 13 at 7 and DR 15 at 9 while TripAdvisor at DR 91 takes 337,LISTING-SERP-EVIDENCE.csv
houses for sale carlisle,en-GB,property.city-buy,DURABLE,7000,0,rightmove.co.uk,85,6322,7,homesearch-direct.co.uk,7,,,1591,6787,,,,,OPEN_REQUIRES_INVENTORY,property listings feed,MODERATE. DR 7 at position 3 earning 1591 so authority is not the gate at all,MODERATE. DR 7 at position 3 earning 1591 so authority is not the gate at all,LISTING-SERP-EVIDENCE.csv
lincoln to nottingham,en-GB,route.city-pair,DURABLE,1100,0,ai_overview then eastmidlandsrailway,71,215,53,mytrainpal.com,53,,,27,701,,,,,AGGREGATOR_LOCKED,timetable feed,WEAK. No top 10 result under DR 53,WEAK. No top 10 result under DR 53,LISTING-SERP-EVIDENCE.csv
spokane weather,en-US,weather.city,DURABLE,68000,13,knowledge_card then weather.gov,91,10905,72,kxly.com,72,,,323,20999,,,,,SERP_FEATURE_SUPPRESSED,none helps,WEAK. No top 10 result under DR 72,WEAK. No top 10 result under DR 72,LISTING-SERP-EVIDENCE.csv
ristoranti milano,it-IT,places.city-category,DURABLE,10000,5,tripadvisor.it,90,8376,61,italysegreta.com,61,,9,68,,NO,people also ask,HIGH tripadvisor michelin thefork opentable quandoo,none,AGGREGATOR_LOCKED,,,city_tier 1; sampled 2026-09-30,PLACES-EVENTS-SERP-40.csv
restaurants berlin,de-DE,places.city-category,DURABLE,4900,0,tripadvisor.de,89,2194,10,befifty.de,10,0,7,33,,NO,people also ask,MEDIUM tripadvisor at 1 only 2194 traffic,iheartberlin.de DR 52 at 2 with 1075,OPEN,,,city_tier 1; sampled 2026-09-30,PLACES-EVENTS-SERP-40.csv
que ver en segovia,es-ES,activities.city-things-to-do,DURABLE,7600,2,viajeroscallejeros.com,60,3078,3,elsilencioboutiqueroom.es,3,0,4,1410,,NO,people also ask,LOW tripadvisor only 8th with 280,turismodesegovia.com DR 61 at 5,OPEN,,,city_tier 3; sampled 2026-09-30,PLACES-EVENTS-SERP-40.csv
things to do in lincoln,en-GB,activities.city-things-to-do,DURABLE,3700,0,tripadvisor.co.uk,91,632,4,lincoln-rocks.co.uk,4,0,5,311,,YES,AI overview 6 sitelinks plus people also ask,LOW tripadvisor 3rd with 632,visitlincoln.com in AI overview only,OPEN,,,city_tier 3; sampled 2026-09-30,PLACES-EVENTS-SERP-40.csv
京都 観光,ja-JP,activities.city-things-to-do,DURABLE,78000,0,ja.kyoto.travel,77,14410,83,pref.kyoto.jp,83,0,10,2418,,YES,AI overview 4 sitelinks plus people also ask,HIGH all winners DR 70 to 83,ja.kyoto.travel and pref.kyoto.jp,COMPETITIVE,,,city_tier 1; sampled 2026-09-30,PLACES-EVENTS-SERP-40.csv
eventi milano,it-IT,events.city-type,DURABLE,7600,0,happyticket.com,19,5879,3,ilikemilano.com,3,,6,2,,NO,people also ask,LOW eventbrite only 4th with 54,comune.milano.it 5th with 11,OPEN,,,city_tier 1; sampled 2026-09-30,PLACES-EVENTS-SERP-40.csv
イベント 東京,ja-JP,events.city-type,DURABLE,12000,0,walkerplus.com,81,2663,2,event.navy,2,,4,6269,,YES,AI overview 4 sitelinks plus people also ask,LOW,city.ome.tokyo.jp 10th,OPEN,,,city_tier 1; sampled 2026-09-30,PLACES-EVENTS-SERP-40.csv
veranstaltungen bayreuth,de-DE,events.city-type,DURABLE,1300,0,klima.landkreis-bayreuth.de,62,669,5,unichor-bayreuth.de,5,,5,84,,YES,AI overview 3 sitelinks plus people also ask,LOW eventfrog 7th with 24,landkreis and uni-bayreuth dominate,OPEN_OFFICIAL_FAVOURED,,,city_tier 3; sampled 2026-09-30,PLACES-EVENTS-SERP-40.csv
jobs lincoln,en-GB,work.city-jobs,DURABLE,1900,0,simplyhired.co.uk,45,1866,45,simplyhired.co.uk,45,,6,1,,NO,none,TOTAL 100 percent job boards,none,AGGREGATOR_LOCKED,,,city_tier 3; sampled 2026-09-30,PLACES-EVENTS-SERP-40.csv
wohnung mieten konstanz,de-DE,rents.city,DURABLE,4300,0,immowelt.de,85,4686,0,horta-immobilien.de,0,,8,304,,NO,people also ask,HIGH immowelt immoscout kleinanzeigen wg-gesucht,leben-am-bodensee.de DR 20 at 3 with 1884,COMPETITIVE_PARTIAL_OPENING,,,city_tier 3; sampled 2026-09-30,PLACES-EVENTS-SERP-40.csv
bank holidays 2026,en-GB,pulse.country-holidays,DURABLE,415000,0,essexlive.news,71,150498,15,movingtotheuk.co.uk,15,2,8,19925,,YES,AI overview 6 sitelinks plus people also ask,LOW gov.uk only in AI overview,gov.uk in AI overview only,OPEN,,,city_tier 0; sampled 2026-09-30,PLACES-EVENTS-SERP-40.csv
weather in rome in may,en-US,climate.city-month,DURABLE,1000,0,accuweather.com,90,,45,romewise.com,45,1,4,,,YES,AI overview plus knowledge card plus people also ask,MEDIUM accuweather weatherspark,none,SERP_FEATURE_SUPPRESSED,,,city_tier 1; sampled 2026-09-29,PLACES-EVENTS-SERP-40.csv
weather in lisbon in march,en-US,climate.city-month,DURABLE,700,0,accuweather.com,90,446,30,lisbonguru.com,30,1,7,268,,YES,AI overview 9 sitelinks plus knowledge card plus people also ask,MEDIUM,none,SERP_FEATURE_SUPPRESSED,,,city_tier 1; sampled 2026-09-29,PLACES-EVENTS-SERP-40.csv
weather in paris in october,en-US,climate.city-month,DURABLE,1400,0,accuweather.com,90,98,72,weather-and-climate.com,72,,8,34,,YES,AI overview plus knowledge card plus people also ask,LOW nothing relevant ranks,none,SERP_FEATURE_SUPPRESSED,,,city_tier 1; sampled 2026-09-29,PLACES-EVENTS-SERP-40.csv
dublin airport to city centre,en-GB,transport.airport-to-city,DURABLE,4400,0,rome2rio.com,80,1871,0,belfasttransfersandtours.com,0,0,6,99,,YES,AI overview 9 sitelinks plus people also ask,MEDIUM rome2rio at 2 and 7,dublinexpress and aircoach in AI overview,OPEN,,,city_tier 1; sampled 2026-09-29,PLACES-EVENTS-SERP-40.csv
krakow airport to city centre,en-GB,transport.airport-to-city,DURABLE,2700,0,visitkrakow.com,49,1068,10,hellocracow.com,10,2,7,239,,YES,AI overview 7 sitelinks plus people also ask,LOW hoppa 5th flixbus 6th,visitkrakow.com DR 49 at 3,OPEN,,,city_tier 1; sampled 2026-09-29,PLACES-EVENTS-SERP-40.csv
restaurants lincoln,en-GB,places.city-category,DURABLE,2700,0,visitlincoln.com,61,7164,13,whitehorselincoln.co.uk,13,244,5,2148,,no,local_pack+question,LOW_TRIPADVISOR_337,visitlincoln DMO wins at 7164,OPEN,,,city_tier 3; sampled yes,PLACES-EVENTS-SERP-40.csv
houses for sale carlisle,en-GB,property.city-buy,DURABLE,7000,0,rightmove.co.uk,85,6322,7,homesearch-direct.co.uk,7,0,3,1591,,yes,ai_overview,PORTALS_TOP2_BUT_AGENTS_RANK,local estate agents at DR 7-12,OPEN_BUT_SOURCE_BLOCKED,,,city_tier 3; sampled no,PLACES-EVENTS-SERP-40.csv
lincoln to nottingham,en-GB,route.city-pair,DURABLE,1100,0,thetrainline.com,84,426,53,mytrainpal.com,53,0,9,27,,yes,ai_overview+question,RAIL_OPERATORS_AND_AGGREGATORS,none,AGGREGATOR_LOCKED,,,city_tier 3; sampled no,PLACES-EVENTS-SERP-40.csv
