language,language_name,country_measured,measured_rows,measured_monthly_volume,rows_kd_lte_10,rows_kd_lte_30,median_kd,median_cpc_usd,max_cpc_usd,families_measured,family_list,verdict,reading
en,English,us,5387,9365080,4160,4819,1,0.30,60.00,16,activities.city-things-to-do;commercial.esim;commercial.esim-device-and-carrier;outdoors.ski-area;poi.entity-x-parking;poi.place-x-attractions;poi.place-x-fitness-and-workspace;poi.place-x-food;poi.place-x-outdoor-leisure;policy.visa;policy.visa-nationality-x-destination;temporal.best-time-to-visit;temporal.place-x-duration;temporal.place-x-duration.refuted-phrasing;transport.ferry-pair;transport.origin-destination-pair,ADMIT,"Highest total volume, but the least open: median KD 2 against 0 for most others, and the only market where the attractions family sits at median KD 6. The earlier harvest used a floor of 2,000 which understated it; the band probe below that returned a capped 500 rows whose own minimum was 1,300, so the tail below 1,300 is still unmeasured. Carries every commercial family: eSIM, visa, itinerary duration, transport pairs."
ja,Japanese,jp,500,2495600,461,479,0,,,1,activities.city-things-to-do,ADMIT,"Highest measured volume per row of any market. The minimum volume returned was 1,600, which means the 500-row cap hid the entire tail below that: the real family is far larger than this file shows. Kyoto 78,000 at KD 0, Atami 53,000, Kobe 50,000, Sendai 48,000, Kanazawa 47,000. No space between place and category in Japanese, and the slug function already keeps CJK."
de,German,de,1870,2363350,1706,1774,0,0.10,8.00,3,activities.city-things-to-do;poi.place-x-category;transport.origin-destination-pair.refuted,ADMIT,"The most open market measured: 1,147 of 1,193 rows at KD 10 or below. Two band probes each capped at 500. Reaches small coastal towns and city districts. Museums are a destination family here, not a domestic one."
tr,Turkish,tr,1400,2200950,1358,1368,0,,,2,activities.city-things-to-do;poi.five-refuted-categories,ADMIT,"The largest things-to-do market by row count and the second largest by volume, and tr-TR is already materialised. Two band probes each returned a capped 500 rows, so there are at least 1,000 keywords above 300 searches. 992 of 1,000 at KD 10 or below. Reaches small districts (Akdagmadeni, Guzelbahce, Ladik, Cinarcik, Bozcaada). Carries a locative-suffix duplicate pair that must be canonicalised."
es,Spanish,es,1564,2039050,1394,1448,0,0.10,1.50,2,activities.city-things-to-do;poi.place-x-category,ADMIT,"Second most rows. Restaurantes en {city} is the strongest place x category family measured anywhere, at 1,200 to 2,400 searches a city. Playas de {province} is strong at region level."
it,Italian,it,1000,878100,961,975,0,0.01,0.45,1,activities.city-things-to-do,ADMIT,"Cosa vedere a {place} fills 465 of 500 rows in the combined call. Two band probes each capped at 500. Reaches tiny places (Cividale del Friuli, Valeggio sul Mincio, Volterra, Vaduz). Four phrasings collapse to one intent, including cosa fare a, so what-to-see and things-to-do are ONE family in Italian."
pt,Portuguese,br,500,489900,492,494,0,,,1,activities.city-things-to-do,ADMIT,"Strong and almost entirely open: 492 of 500 at KD 10 or below. The tail is small Brazilian towns (Gramado 14,000, Campos do Jordao 10,000, Monte Verde 7,500, Pocos de Caldas 5,500, Holambra 5,400, Serra Negra 4,300, Tiradentes 3,800), which is where a programmatic inventory earns its keep. Measured on country br rather than pt because Brazil is the larger market."
nl,Dutch,nl,500,273350,433,484,1,,,1,activities.city-things-to-do,ADMIT,"Real but mid-sized. Covers Belgian cities as well as Dutch ones (Gent 2,000, Brugge 1,900). Two phrasings cross-reference each other and must resolve to one page."
sv,Swedish,se,500,132250,475,486,0,,,1,activities.city-things-to-do,ADMIT,Smallest of the admitted markets but almost entirely open: 475 of 500 at KD 10 or below. Three phrasings collapse to one intent. One row must be excluded: att goera i stockholm idag is a live events query.
fr,French,fr,19,88400,18,19,2,,,1,activities.city-things-to-do,REFUSE for place x category,"THE ONE REFUSAL. The only language where the place x category family does not carry: restaurants a {place} returns four domestic French rows against twenty-seven foreign neighbourhoods. Things-to-do was measured at a floor of 3,000 and returned only 20 rows. French demand that exists is travel demand about places outside France, which the destination axis already owns."
pl,Polish,pl,27,9000,26,27,0,0.20,0.25,1,activities.city-things-to-do,ADMIT,"Only four rows of 213 exceed KD 30, so it is the most open market after German. Half the tail is foreign destinations, so one dataset feeds both axes. Reaches twenty resort and spa towns. Highest-CPC restaurant family of the five languages measured."
