keyword	country	volume_monthly	kd	cpc_cents	global_volume	serp_has_ai_overview	family	verdict	note
fronleichnam feiertag wo	de	43496	4	70	16000	yes	named-holiday-which-regions	BUILD	largest KD-under-5 term found; competitor page earns 18330
feiertage hamburg 2026	de	6604	0	90	23000	yes	subdivision-holidays	BUILD	highest CPC in the set; data already held
feiertage bremen 2026	de	1353	0	6	5600	yes	subdivision-holidays	BUILD	data already held
feiertage schleswig holstein 2026	de	1005	0	5	5700	yes	subdivision-holidays	BUILD	data already held
feiertage rheinland pfalz 2026	de	679	0	25	3400	yes	subdivision-holidays	BUILD	data already held
feiertage mecklenburg vorpommern 2026	de	136	0	3	500	no	subdivision-holidays	BUILD	data already held
allerheiligen feiertag wo	de	472	5	3	7600	yes	named-holiday-which-regions	BUILD	
reformationstag feiertag wo	de	397	3	2	16000	yes	named-holiday-which-regions	BUILD	
christi himmelfahrt feiertag wo	de	80	5	4	200	yes	named-holiday-which-regions	BUILD	
kalender 2027	de	70657	2	10	134000	no	year-calendar	BUILD	SERP VALIDATED: DR 10 page at position 3, UR 0. Corrects the blanket rejection of this family.
kalenderwoche	de	44785	48	6	46000	no	week-numbers	BUILD	head term contested; one competitor page earns 93469 from this family in NL
welche kalenderwoche	de	4403	0	5	4100	yes	week-numbers	BUILD	KD 0 entry point to the same family
mondkalender	de	20287	30	5	33000	yes	moon-phases	REJECT	off-brand, no monetization path
vollmond	de	162071	0	5	185000	no	moon-phases	REJECT	largest KD 0 term found anywhere; rejected as off-brand, not validated
zeitumstellung 2026	de	56833	8	2	361000	no	dst-clock-change	REJECT	SERP VALIDATED as unwinnable: chip.de DR 86, hamburg.de DR 89, EU Commission DR 97, four news blocks above
kalender januar 2027	de	216		8	500	no	month-calendar	BUILD	month pages are trivially scalable
nsw public holidays 2026	au	8683	0	6	37000	yes	subdivision-holidays	BUILD	absentify has NO NSW page; largest AU state
public holidays 2026	au	1922	56	5	125000	yes	country-holidays	CAUTION	KD 56
queensland public holidays 2026	au	1598	0	4	6100	yes	subdivision-holidays	BUILD	absentify sits at position 24
act public holidays 2026	au	1236	35	0	8000	yes	subdivision-holidays	CAUTION	KD 35, hardest AU state term
sa public holidays 2026	au	715	0	3	8400	yes	subdivision-holidays	BUILD	absentify has no SA page
tasmania public holidays 2026	au	68	42	0	1100	yes	subdivision-holidays	CAUTION	KD 42 on tiny volume
victoria public holidays 2027	au	1249	0	0	700	yes	subdivision-holidays	NOTE	2027 volume is 1249 against 19000 for 2026; next-year demand has not built yet
nsw public holidays 2027	au	727	8	0	400	yes	subdivision-holidays	NOTE	same calibration point
wa public holidays 2027	au	1471		0	700	no	subdivision-holidays	NOTE	same calibration point
stat holidays 2026	ca	1045	39	10	5300	no	country-holidays	CAUTION	no AI Overview on Canadian holiday SERPs
manitoba stat holidays 2026	ca	422	0	0	800	no	subdivision-holidays	BUILD	
new brunswick holidays 2026	ca	335	0	0	300	no	subdivision-holidays	BUILD	
newfoundland holidays 2026	ca	184	0	25	200	no	subdivision-holidays	BUILD	
pei holidays 2026	ca	148	0	0	150	no	subdivision-holidays	BUILD	
nova scotia holidays 2026	ca	137	0	40	500	no	subdivision-holidays	BUILD	
bc stat holidays 2027	ca	1283		0	600	no	subdivision-holidays	NOTE	2027 calibration
ontario holidays 2027	ca	664		0	300	no	subdivision-holidays	NOTE	2027 calibration; 2026 equivalent is 4400
vacances scolaires 2027	fr	283339	0	2	114000	yes	school-holidays	PROSPECT	position 1 is a PDF at DR 32 with 0 refdomains; per-commune pages at positions 5, 6, 10
ascension 2027	fr	43874	0	2	21000	yes	named-holiday	BUILD	
vacances scolaires zone b	fr	23437	58	2	20000	yes	school-holidays	CAUTION	the zone pages are the contested part, unlike the head term
vacances scolaires zone c	fr	10550	50	2	9500	yes	school-holidays	CAUTION	
vacances scolaires zone a	fr	4856	53	1	4300	yes	school-holidays	CAUTION	
jours feries 2027	fr	5530	2	6	3600	yes	country-holidays	BUILD	Livdar already has fr country holidays
calendrier 2027 a imprimer	fr	941	1	20	400	no	printable-calendar	BUILD	CPC 20c
vacances scolaires fevrier 2027	fr	223		1	400	no	school-holidays	NOTE	
vacances scolaires noel 2026	fr	221		1	450	no	school-holidays	NOTE	
vacances scolaires paques 2027	fr	210			100	no	school-holidays	NOTE	
week number	multi	3600			3600	no	week-numbers	BUILD	by country: us 3600, gb 2400, in 1800, nl 1100, fr 900, de 700, ca 600, dk 600, ro 600, au 600, pl 500, se 500
