atlas-de-city-month-1	200	https://livdar.com/de/staedte/amsterdam/wetter-im-april/
atlas-de-city-month-1	200	https://livdar.com/de/staedte/amsterdam/wetter-im-maerz/
atlas-de-city-month-1	200	https://livdar.com/de/staedte/athen/wetter-im-april/
atlas-de-city-month-1	200	https://livdar.com/de/staedte/athen/wetter-im-dezember/
atlas-de-city-month-1	200	https://livdar.com/de/staedte/athen/wetter-im-februar/
atlas-de-city-month-1	200	https://livdar.com/de/staedte/athen/wetter-im-maerz/
atlas-de-city-month-1	200	https://livdar.com/de/staedte/athen/wetter-im-november/
atlas-de-city-month-1	200	https://livdar.com/de/staedte/athen/wetter-im-oktober/
atlas-de-city-month-1	200	https://livdar.com/de/staedte/athen/wetter-im-september/
atlas-de-city-month-1	200	https://livdar.com/de/staedte/london/wetter-im-april/
atlas-de-city-month-1	200	https://livdar.com/de/staedte/london/wetter-im-august/
atlas-de-city-month-1	200	https://livdar.com/de/staedte/london/wetter-im-dezember/
atlas-de-city-month-1	200	https://livdar.com/de/staedte/london/wetter-im-februar/
atlas-de-city-month-1	200	https://livdar.com/de/staedte/london/wetter-im-januar/
atlas-de-city-month-1	200	https://livdar.com/de/staedte/london/wetter-im-juli/
atlas-de-city-month-1	200	https://livdar.com/de/staedte/london/wetter-im-juni/
atlas-de-city-month-1	200	https://livdar.com/de/staedte/london/wetter-im-maerz/
atlas-de-city-month-1	200	https://livdar.com/de/staedte/london/wetter-im-mai/
atlas-de-city-month-1	200	https://livdar.com/de/staedte/london/wetter-im-november/
atlas-de-city-month-1	200	https://livdar.com/de/staedte/london/wetter-im-oktober/
atlas-de-city-month-1	200	https://livdar.com/de/staedte/london/wetter-im-september/
atlas-de-city-month-1	200	https://livdar.com/de/staedte/paris/wetter-im-april/
atlas-de-city-month-1	200	https://livdar.com/de/staedte/paris/wetter-im-februar/
atlas-de-city-month-1	200	https://livdar.com/de/staedte/paris/wetter-im-maerz/
atlas-de-city-month-1	200	https://livdar.com/de/staedte/paris/wetter-im-mai/
atlas-de-city-month-1	200	https://livdar.com/de/staedte/paris/wetter-im-oktober/
atlas-de-city-month-1	200	https://livdar.com/de/staedte/paris/wetter-im-september/
atlas-de-city-month-1	200	https://livdar.com/de/staedte/rom/wetter-im-april/
atlas-de-city-month-1	200	https://livdar.com/de/staedte/rom/wetter-im-august/
atlas-de-city-month-1	200	https://livdar.com/de/staedte/rom/wetter-im-dezember/
atlas-de-city-month-1	200	https://livdar.com/de/staedte/rom/wetter-im-februar/
atlas-de-city-month-1	200	https://livdar.com/de/staedte/rom/wetter-im-januar/
atlas-de-city-month-1	200	https://livdar.com/de/staedte/rom/wetter-im-juli/
atlas-de-city-month-1	200	https://livdar.com/de/staedte/rom/wetter-im-juni/
atlas-de-city-month-1	200	https://livdar.com/de/staedte/rom/wetter-im-maerz/
atlas-de-city-month-1	200	https://livdar.com/de/staedte/rom/wetter-im-mai/
atlas-de-city-month-1	200	https://livdar.com/de/staedte/rom/wetter-im-november/
atlas-de-city-month-1	200	https://livdar.com/de/staedte/rom/wetter-im-oktober/
atlas-de-city-month-1	200	https://livdar.com/de/staedte/rom/wetter-im-september/
atlas-de-city-month-1	200	https://livdar.com/de/staedte/tokio/wetter-im-april/
atlas-de-city-month-1	200	https://livdar.com/de/staedte/tokio/wetter-im-august/
atlas-de-city-month-1	200	https://livdar.com/de/staedte/tokio/wetter-im-dezember/
atlas-de-city-month-1	200	https://livdar.com/de/staedte/tokio/wetter-im-maerz/
atlas-de-city-month-1	200	https://livdar.com/de/staedte/tokio/wetter-im-november/
atlas-de-city-month-1	200	https://livdar.com/de/staedte/tokio/wetter-im-oktober/
atlas-de-city-month-1	200	https://livdar.com/de/staedte/tokio/wetter-im-september/
atlas-de-hub-1	200	https://livdar.com/de/staedte/
atlas-en-city-month-1	000	https://livdar.com/en/cities/amsterdam/weather-in-february/
atlas-en-city-month-1	000	https://livdar.com/en/cities/prague/weather-in-may/
atlas-en-city-month-1	200	https://livdar.com/en/cities/amsterdam/weather-in-april/
atlas-en-city-month-1	200	https://livdar.com/en/cities/amsterdam/weather-in-august/
atlas-en-city-month-1	200	https://livdar.com/en/cities/amsterdam/weather-in-december/
atlas-en-city-month-1	200	https://livdar.com/en/cities/amsterdam/weather-in-january/
atlas-en-city-month-1	200	https://livdar.com/en/cities/amsterdam/weather-in-july/
atlas-en-city-month-1	200	https://livdar.com/en/cities/amsterdam/weather-in-june/
atlas-en-city-month-1	200	https://livdar.com/en/cities/amsterdam/weather-in-march/
atlas-en-city-month-1	200	https://livdar.com/en/cities/amsterdam/weather-in-may/
atlas-en-city-month-1	200	https://livdar.com/en/cities/amsterdam/weather-in-november/
atlas-en-city-month-1	200	https://livdar.com/en/cities/amsterdam/weather-in-october/
atlas-en-city-month-1	200	https://livdar.com/en/cities/amsterdam/weather-in-september/
atlas-en-city-month-1	200	https://livdar.com/en/cities/athens/weather-in-april/
atlas-en-city-month-1	200	https://livdar.com/en/cities/athens/weather-in-december/
atlas-en-city-month-1	200	https://livdar.com/en/cities/athens/weather-in-february/
atlas-en-city-month-1	200	https://livdar.com/en/cities/athens/weather-in-january/
atlas-en-city-month-1	200	https://livdar.com/en/cities/athens/weather-in-march/
atlas-en-city-month-1	200	https://livdar.com/en/cities/athens/weather-in-may/
atlas-en-city-month-1	200	https://livdar.com/en/cities/athens/weather-in-november/
atlas-en-city-month-1	200	https://livdar.com/en/cities/athens/weather-in-october/
atlas-en-city-month-1	200	https://livdar.com/en/cities/london/weather-in-april/
atlas-en-city-month-1	200	https://livdar.com/en/cities/london/weather-in-august/
atlas-en-city-month-1	200	https://livdar.com/en/cities/london/weather-in-december/
atlas-en-city-month-1	200	https://livdar.com/en/cities/london/weather-in-february/
atlas-en-city-month-1	200	https://livdar.com/en/cities/london/weather-in-january/
atlas-en-city-month-1	200	https://livdar.com/en/cities/london/weather-in-july/
atlas-en-city-month-1	200	https://livdar.com/en/cities/london/weather-in-june/
atlas-en-city-month-1	200	https://livdar.com/en/cities/london/weather-in-march/
atlas-en-city-month-1	200	https://livdar.com/en/cities/london/weather-in-may/
atlas-en-city-month-1	200	https://livdar.com/en/cities/london/weather-in-november/
atlas-en-city-month-1	200	https://livdar.com/en/cities/london/weather-in-october/
atlas-en-city-month-1	200	https://livdar.com/en/cities/london/weather-in-september/
atlas-en-city-month-1	200	https://livdar.com/en/cities/paris/weather-in-april/
atlas-en-city-month-1	200	https://livdar.com/en/cities/paris/weather-in-august/
atlas-en-city-month-1	200	https://livdar.com/en/cities/paris/weather-in-december/
atlas-en-city-month-1	200	https://livdar.com/en/cities/paris/weather-in-february/
atlas-en-city-month-1	200	https://livdar.com/en/cities/paris/weather-in-january/
atlas-en-city-month-1	200	https://livdar.com/en/cities/paris/weather-in-july/
atlas-en-city-month-1	200	https://livdar.com/en/cities/paris/weather-in-june/
atlas-en-city-month-1	200	https://livdar.com/en/cities/paris/weather-in-march/
atlas-en-city-month-1	200	https://livdar.com/en/cities/paris/weather-in-may/
atlas-en-city-month-1	200	https://livdar.com/en/cities/paris/weather-in-november/
atlas-en-city-month-1	200	https://livdar.com/en/cities/paris/weather-in-october/
atlas-en-city-month-1	200	https://livdar.com/en/cities/paris/weather-in-september/
atlas-en-city-month-1	200	https://livdar.com/en/cities/prague/weather-in-april/
atlas-en-city-month-1	200	https://livdar.com/en/cities/prague/weather-in-august/
atlas-en-city-month-1	200	https://livdar.com/en/cities/prague/weather-in-december/
atlas-en-city-month-1	200	https://livdar.com/en/cities/prague/weather-in-january/
atlas-en-city-month-1	200	https://livdar.com/en/cities/prague/weather-in-march/
atlas-en-city-month-1	200	https://livdar.com/en/cities/prague/weather-in-november/
atlas-en-city-month-1	200	https://livdar.com/en/cities/prague/weather-in-october/
atlas-en-city-month-1	200	https://livdar.com/en/cities/prague/weather-in-september/
atlas-en-city-month-1	200	https://livdar.com/en/cities/rome/weather-in-april/
atlas-en-city-month-1	200	https://livdar.com/en/cities/rome/weather-in-august/
atlas-en-city-month-1	200	https://livdar.com/en/cities/rome/weather-in-december/
atlas-en-city-month-1	200	https://livdar.com/en/cities/rome/weather-in-february/
atlas-en-city-month-1	200	https://livdar.com/en/cities/rome/weather-in-january/
atlas-en-city-month-1	200	https://livdar.com/en/cities/rome/weather-in-july/
atlas-en-city-month-1	200	https://livdar.com/en/cities/rome/weather-in-june/
atlas-en-city-month-1	200	https://livdar.com/en/cities/rome/weather-in-march/
atlas-en-city-month-1	200	https://livdar.com/en/cities/rome/weather-in-may/
atlas-en-city-month-1	200	https://livdar.com/en/cities/rome/weather-in-november/
atlas-en-city-month-1	200	https://livdar.com/en/cities/rome/weather-in-october/
atlas-en-city-month-1	200	https://livdar.com/en/cities/rome/weather-in-september/
atlas-en-city-month-1	200	https://livdar.com/en/cities/tokyo/weather-in-april/
atlas-en-city-month-1	200	https://livdar.com/en/cities/tokyo/weather-in-august/
atlas-en-city-month-1	200	https://livdar.com/en/cities/tokyo/weather-in-december/
atlas-en-city-month-1	200	https://livdar.com/en/cities/tokyo/weather-in-february/
atlas-en-city-month-1	200	https://livdar.com/en/cities/tokyo/weather-in-january/
atlas-en-city-month-1	200	https://livdar.com/en/cities/tokyo/weather-in-july/
atlas-en-city-month-1	200	https://livdar.com/en/cities/tokyo/weather-in-june/
atlas-en-city-month-1	200	https://livdar.com/en/cities/tokyo/weather-in-march/
atlas-en-city-month-1	200	https://livdar.com/en/cities/tokyo/weather-in-may/
atlas-en-city-month-1	200	https://livdar.com/en/cities/tokyo/weather-in-november/
atlas-en-city-month-1	200	https://livdar.com/en/cities/tokyo/weather-in-october/
atlas-en-city-month-1	200	https://livdar.com/en/cities/tokyo/weather-in-september/
atlas-en-hub-1	200	https://livdar.com/en/cities/
atlas-pages-de-areas	404	https://livdar.com/de/stadtteile/berlin/
atlas-pages-de-areas	404	https://livdar.com/de/stadtteile/hamburg/
atlas-pages-de-areas	404	https://livdar.com/de/stadtteile/koeln/
atlas-pages-de-areas	404	https://livdar.com/de/stadtteile/london/
atlas-pages-de-areas	404	https://livdar.com/de/stadtteile/new-york/
atlas-pages-de-climate	000	https://livdar.com/de/beste-reisezeit/costa-rica/
atlas-pages-de-climate	404	https://livdar.com/de/beste-reisezeit/japan/
atlas-pages-de-climate	404	https://livdar.com/de/beste-reisezeit/mexiko/
atlas-pages-de-climate	404	https://livdar.com/de/beste-reisezeit/thailand/
atlas-pages-de-climate	404	https://livdar.com/de/beste-reisezeit/vietnam/
atlas-pages-de-move	404	https://livdar.com/de/lebenshaltungskosten/australien/
atlas-pages-de-move	404	https://livdar.com/de/lebenshaltungskosten/bulgarien/
atlas-pages-de-move	404	https://livdar.com/de/lebenshaltungskosten/daenemark/
atlas-pages-de-move	404	https://livdar.com/de/lebenshaltungskosten/deutschland/
atlas-pages-de-move	404	https://livdar.com/de/lebenshaltungskosten/griechenland/
atlas-pages-de-move	404	https://livdar.com/de/lebenshaltungskosten/irland/
atlas-pages-de-move	404	https://livdar.com/de/lebenshaltungskosten/italien/
atlas-pages-de-move	404	https://livdar.com/de/lebenshaltungskosten/japan/
atlas-pages-de-move	404	https://livdar.com/de/lebenshaltungskosten/kroatien/
atlas-pages-de-move	404	https://livdar.com/de/lebenshaltungskosten/malta/
atlas-pages-de-move	404	https://livdar.com/de/lebenshaltungskosten/niederlande/
atlas-pages-de-move	404	https://livdar.com/de/lebenshaltungskosten/norwegen/
atlas-pages-de-move	404	https://livdar.com/de/lebenshaltungskosten/oesterreich/
atlas-pages-de-move	404	https://livdar.com/de/lebenshaltungskosten/polen/
atlas-pages-de-move	404	https://livdar.com/de/lebenshaltungskosten/portugal/
atlas-pages-de-move	404	https://livdar.com/de/lebenshaltungskosten/schweden/
atlas-pages-de-move	404	https://livdar.com/de/lebenshaltungskosten/schweiz/
atlas-pages-de-move	404	https://livdar.com/de/lebenshaltungskosten/spanien/
atlas-pages-de-move	404	https://livdar.com/de/lebenshaltungskosten/thailand/
atlas-pages-de-move	404	https://livdar.com/de/lebenshaltungskosten/tschechien/
atlas-pages-de-move	404	https://livdar.com/de/lebenshaltungskosten/tuerkei/
atlas-pages-de-move	404	https://livdar.com/de/lebenshaltungskosten/ungarn/
atlas-pages-de-move	404	https://livdar.com/de/lebenshaltungskosten/vereinigte-staaten/
atlas-pages-de-move	404	https://livdar.com/de/lebenshaltungskosten/zypern/
atlas-pages-de-pulse	000	https://livdar.com/de/feiertage/italien/
atlas-pages-de-pulse	404	https://livdar.com/de/feiertage/baden-wuerttemberg/
atlas-pages-de-pulse	404	https://livdar.com/de/feiertage/bayern/
atlas-pages-de-pulse	404	https://livdar.com/de/feiertage/berlin/
atlas-pages-de-pulse	404	https://livdar.com/de/feiertage/brandenburg/
atlas-pages-de-pulse	404	https://livdar.com/de/feiertage/deutschland/
atlas-pages-de-pulse	404	https://livdar.com/de/feiertage/frankreich/
atlas-pages-de-pulse	404	https://livdar.com/de/feiertage/hessen/
atlas-pages-de-pulse	404	https://livdar.com/de/feiertage/niederlande/
atlas-pages-de-pulse	404	https://livdar.com/de/feiertage/niedersachsen/
atlas-pages-de-pulse	404	https://livdar.com/de/feiertage/nordrhein-westfalen/
atlas-pages-de-pulse	404	https://livdar.com/de/feiertage/oesterreich/
atlas-pages-de-pulse	404	https://livdar.com/de/feiertage/saarland/
atlas-pages-de-pulse	404	https://livdar.com/de/feiertage/sachsen-anhalt/
atlas-pages-de-pulse	404	https://livdar.com/de/feiertage/sachsen/
atlas-pages-de-pulse	404	https://livdar.com/de/feiertage/schweiz/
atlas-pages-de-pulse	404	https://livdar.com/de/feiertage/thueringen/
atlas-pages-de-stay	404	https://livdar.com/de/mietpreisentwicklung/deutschland/
atlas-pages-de-tools	404	https://livdar.com/de/rangliste/guenstigste-laender-in-europa/
atlas-pages-de-tools	404	https://livdar.com/de/rangliste/guenstigste-laender-zum-leben/
atlas-pages-de-tools	404	https://livdar.com/de/rangliste/teuerste-laender-der-welt/
atlas-pages-de-tools	404	https://livdar.com/de/rechner/auswandern-kosten/
atlas-pages-de-tools	404	https://livdar.com/de/rechner/gehaltsrechner/
atlas-pages-de-tools	404	https://livdar.com/de/rechner/laendervergleich/
atlas-pages-de-tools	404	https://livdar.com/de/rechner/lebenshaltungskosten-rechner/
atlas-pages-de-tools	404	https://livdar.com/de/rechner/lebenshaltungskosten-vergleich/
atlas-pages-de-tools	404	https://livdar.com/de/rechner/reisekosten-rechner/
atlas-pages-de-tools	404	https://livdar.com/de/rechner/staedte-vergleich/
atlas-pages-de-tools	404	https://livdar.com/de/rechner/umzugskosten-rechner/
atlas-pages-de-tools	404	https://livdar.com/de/rechner/wie-viel-miete-kann-ich-mir-leisten/
atlas-pages-de-tools	404	https://livdar.com/de/rechner/wo-soll-ich-leben/
atlas-pages-de-tools	404	https://livdar.com/de/rechner/wo-uebernachten/
atlas-pages-de-tools	404	https://livdar.com/de/rechner/wohin-auswandern/
atlas-pages-de-work	404	https://livdar.com/de/gehaelter/daenemark/
atlas-pages-de-work	404	https://livdar.com/de/gehaelter/deutschland/
atlas-pages-de-work	404	https://livdar.com/de/gehaelter/polen/
atlas-pages-de-work	404	https://livdar.com/de/gehaelter/spanien/
atlas-pages-de-work	404	https://livdar.com/de/gehaelter/tschechien/
atlas-pages-en-areas	000	https://livdar.com/en/where-to-stay/new-york/
atlas-pages-en-areas	404	https://livdar.com/en/where-to-stay/amsterdam/
atlas-pages-en-areas	404	https://livdar.com/en/where-to-stay/bangkok/
atlas-pages-en-areas	404	https://livdar.com/en/where-to-stay/barcelona/
atlas-pages-en-areas	404	https://livdar.com/en/where-to-stay/chicago/
atlas-pages-en-areas	404	https://livdar.com/en/where-to-stay/london/
atlas-pages-en-areas	404	https://livdar.com/en/where-to-stay/madrid/
atlas-pages-en-areas	404	https://livdar.com/en/where-to-stay/montreal/
atlas-pages-en-areas	404	https://livdar.com/en/where-to-stay/paris/
atlas-pages-en-areas	404	https://livdar.com/en/where-to-stay/tokyo/
atlas-pages-en-climate	404	https://livdar.com/en/best-time-to-visit/costa-rica/
atlas-pages-en-climate	404	https://livdar.com/en/best-time-to-visit/croatia/
atlas-pages-en-climate	404	https://livdar.com/en/best-time-to-visit/greece/
atlas-pages-en-climate	404	https://livdar.com/en/best-time-to-visit/iceland/
atlas-pages-en-climate	404	https://livdar.com/en/best-time-to-visit/italy/
atlas-pages-en-climate	404	https://livdar.com/en/best-time-to-visit/japan/
atlas-pages-en-climate	404	https://livdar.com/en/best-time-to-visit/peru/
atlas-pages-en-climate	404	https://livdar.com/en/best-time-to-visit/portugal/
atlas-pages-en-climate	404	https://livdar.com/en/best-time-to-visit/spain/
atlas-pages-en-climate	404	https://livdar.com/en/best-time-to-visit/switzerland/
atlas-pages-en-climate	404	https://livdar.com/en/best-time-to-visit/thailand/
atlas-pages-en-climate	404	https://livdar.com/en/best-time-to-visit/tuerkiye/
atlas-pages-en-climate	404	https://livdar.com/en/best-time-to-visit/vietnam/
atlas-pages-en-move	404	https://livdar.com/en/cost-of-living/albania/
atlas-pages-en-move	404	https://livdar.com/en/cost-of-living/australia/
atlas-pages-en-move	404	https://livdar.com/en/cost-of-living/canada/
atlas-pages-en-move	404	https://livdar.com/en/cost-of-living/china/
atlas-pages-en-move	404	https://livdar.com/en/cost-of-living/colombia/
atlas-pages-en-move	404	https://livdar.com/en/cost-of-living/costa-rica/
atlas-pages-en-move	404	https://livdar.com/en/cost-of-living/croatia/
atlas-pages-en-move	404	https://livdar.com/en/cost-of-living/cyprus/
atlas-pages-en-move	404	https://livdar.com/en/cost-of-living/denmark/
atlas-pages-en-move	404	https://livdar.com/en/cost-of-living/france/
atlas-pages-en-move	404	https://livdar.com/en/cost-of-living/germany/
atlas-pages-en-move	404	https://livdar.com/en/cost-of-living/greece/
atlas-pages-en-move	404	https://livdar.com/en/cost-of-living/iceland/
atlas-pages-en-move	404	https://livdar.com/en/cost-of-living/ireland/
atlas-pages-en-move	404	https://livdar.com/en/cost-of-living/italy/
atlas-pages-en-move	404	https://livdar.com/en/cost-of-living/japan/
atlas-pages-en-move	404	https://livdar.com/en/cost-of-living/malta/
atlas-pages-en-move	404	https://livdar.com/en/cost-of-living/netherlands/
atlas-pages-en-move	404	https://livdar.com/en/cost-of-living/new-zealand/
atlas-pages-en-move	404	https://livdar.com/en/cost-of-living/norway/
atlas-pages-en-move	404	https://livdar.com/en/cost-of-living/panama/
atlas-pages-en-move	404	https://livdar.com/en/cost-of-living/poland/
atlas-pages-en-move	404	https://livdar.com/en/cost-of-living/portugal/
atlas-pages-en-move	404	https://livdar.com/en/cost-of-living/puerto-rico/
atlas-pages-en-move	404	https://livdar.com/en/cost-of-living/spain/
atlas-pages-en-move	404	https://livdar.com/en/cost-of-living/sweden/
atlas-pages-en-move	404	https://livdar.com/en/cost-of-living/switzerland/
atlas-pages-en-move	404	https://livdar.com/en/cost-of-living/thailand/
atlas-pages-en-move	404	https://livdar.com/en/cost-of-living/tuerkiye/
atlas-pages-en-move	404	https://livdar.com/en/cost-of-living/vietnam/
atlas-pages-en-pulse	404	https://livdar.com/en/public-holidays/germany/
atlas-pages-en-pulse	404	https://livdar.com/en/public-holidays/south-africa/
atlas-pages-en-pulse	404	https://livdar.com/en/public-holidays/spain/
atlas-pages-en-sport	404	https://livdar.com/en/sport/cycling-in-new-york/
atlas-pages-en-sport	404	https://livdar.com/en/sport/hiking-near-new-york/
atlas-pages-en-sport	404	https://livdar.com/en/sport/hiking-near-san-francisco/
atlas-pages-en-sport	404	https://livdar.com/en/sport/running-in-miami/
atlas-pages-en-sport	404	https://livdar.com/en/sport/running-in-new-york/
atlas-pages-en-sport	404	https://livdar.com/en/sport/running-in-san-francisco/
atlas-pages-en-sport	404	https://livdar.com/en/sport/swimming-in-miami/
atlas-pages-en-tools	404	https://livdar.com/en/rankings/cheapest-countries-in-europe/
atlas-pages-en-tools	404	https://livdar.com/en/rankings/cheapest-countries-to-live-in/
atlas-pages-en-tools	404	https://livdar.com/en/rankings/most-expensive-countries-to-live-in/
atlas-pages-en-tools	404	https://livdar.com/en/tools/compare-cities/
atlas-pages-en-tools	404	https://livdar.com/en/tools/cost-of-living-calculator/
atlas-pages-en-tools	404	https://livdar.com/en/tools/cost-of-living-comparison/
atlas-pages-en-tools	404	https://livdar.com/en/tools/cost-of-moving-abroad/
atlas-pages-en-tools	404	https://livdar.com/en/tools/how-much-rent-can-i-afford/
atlas-pages-en-tools	404	https://livdar.com/en/tools/moving-cost-calculator/
atlas-pages-en-tools	404	https://livdar.com/en/tools/salary-calculator/
atlas-pages-en-tools	404	https://livdar.com/en/tools/travel-budget-calculator/
atlas-pages-en-tools	404	https://livdar.com/en/tools/where-should-i-live/
atlas-pages-en-tools	404	https://livdar.com/en/tools/where-should-i-stay/
atlas-pages-en-tools	404	https://livdar.com/en/tools/which-country-should-i-move-to/
atlas-pages-en-work	404	https://livdar.com/en/salaries/austria/
atlas-pages-en-work	404	https://livdar.com/en/salaries/belgium/
atlas-pages-en-work	404	https://livdar.com/en/salaries/bulgaria/
atlas-pages-en-work	404	https://livdar.com/en/salaries/croatia/
atlas-pages-en-work	404	https://livdar.com/en/salaries/cyprus/
atlas-pages-en-work	404	https://livdar.com/en/salaries/czechia/
atlas-pages-en-work	404	https://livdar.com/en/salaries/denmark/
atlas-pages-en-work	404	https://livdar.com/en/salaries/estonia/
atlas-pages-en-work	404	https://livdar.com/en/salaries/finland/
atlas-pages-en-work	404	https://livdar.com/en/salaries/france/
atlas-pages-en-work	404	https://livdar.com/en/salaries/germany/
atlas-pages-en-work	404	https://livdar.com/en/salaries/greece/
atlas-pages-en-work	404	https://livdar.com/en/salaries/hungary/
atlas-pages-en-work	404	https://livdar.com/en/salaries/ireland/
atlas-pages-en-work	404	https://livdar.com/en/salaries/italy/
atlas-pages-en-work	404	https://livdar.com/en/salaries/luxembourg/
atlas-pages-en-work	404	https://livdar.com/en/salaries/malta/
atlas-pages-en-work	404	https://livdar.com/en/salaries/netherlands/
atlas-pages-en-work	404	https://livdar.com/en/salaries/poland/
atlas-pages-en-work	404	https://livdar.com/en/salaries/portugal/
atlas-pages-en-work	404	https://livdar.com/en/salaries/romania/
atlas-pages-en-work	404	https://livdar.com/en/salaries/spain/
atlas-pages-en-work	404	https://livdar.com/en/salaries/sweden/
atlas-pages-es-areas	404	https://livdar.com/es/zonas/barcelona/
atlas-pages-es-areas	404	https://livdar.com/es/zonas/londres/
atlas-pages-es-areas	404	https://livdar.com/es/zonas/madrid/
atlas-pages-es-areas	404	https://livdar.com/es/zonas/nueva-york/
atlas-pages-es-areas	404	https://livdar.com/es/zonas/paris/
atlas-pages-es-move	404	https://livdar.com/es/coste-de-vida/alemania/
atlas-pages-es-move	404	https://livdar.com/es/coste-de-vida/australia/
atlas-pages-es-move	404	https://livdar.com/es/coste-de-vida/bulgaria/
atlas-pages-es-move	404	https://livdar.com/es/coste-de-vida/chipre/
atlas-pages-es-move	404	https://livdar.com/es/coste-de-vida/croacia/
atlas-pages-es-move	404	https://livdar.com/es/coste-de-vida/dinamarca/
atlas-pages-es-move	404	https://livdar.com/es/coste-de-vida/espana/
atlas-pages-es-move	404	https://livdar.com/es/coste-de-vida/estados-unidos/
atlas-pages-es-move	404	https://livdar.com/es/coste-de-vida/francia/
atlas-pages-es-move	404	https://livdar.com/es/coste-de-vida/grecia/
atlas-pages-es-move	404	https://livdar.com/es/coste-de-vida/irlanda/
atlas-pages-es-move	404	https://livdar.com/es/coste-de-vida/islandia/
atlas-pages-es-move	404	https://livdar.com/es/coste-de-vida/italia/
atlas-pages-es-move	404	https://livdar.com/es/coste-de-vida/japon/
atlas-pages-es-move	404	https://livdar.com/es/coste-de-vida/malta/
atlas-pages-es-move	404	https://livdar.com/es/coste-de-vida/noruega/
atlas-pages-es-move	404	https://livdar.com/es/coste-de-vida/paises-bajos/
atlas-pages-es-move	404	https://livdar.com/es/coste-de-vida/polonia/
atlas-pages-es-move	404	https://livdar.com/es/coste-de-vida/portugal/
atlas-pages-es-move	404	https://livdar.com/es/coste-de-vida/rumania/
atlas-pages-es-move	404	https://livdar.com/es/coste-de-vida/suecia/
atlas-pages-es-move	404	https://livdar.com/es/coste-de-vida/suiza/
atlas-pages-es-pulse	404	https://livdar.com/es/dias-festivos/andalucia/
atlas-pages-es-pulse	404	https://livdar.com/es/dias-festivos/asturias/
atlas-pages-es-pulse	404	https://livdar.com/es/dias-festivos/canarias/
atlas-pages-es-pulse	404	https://livdar.com/es/dias-festivos/cantabria/
atlas-pages-es-pulse	404	https://livdar.com/es/dias-festivos/castilla-la-mancha/
atlas-pages-es-pulse	404	https://livdar.com/es/dias-festivos/castilla-y-leon/
atlas-pages-es-pulse	404	https://livdar.com/es/dias-festivos/catalunya/
atlas-pages-es-pulse	404	https://livdar.com/es/dias-festivos/comunidad-de-madrid/
atlas-pages-es-pulse	404	https://livdar.com/es/dias-festivos/comunidad-foral-de-navarra/
atlas-pages-es-pulse	404	https://livdar.com/es/dias-festivos/comunidad-valenciana/
atlas-pages-es-pulse	404	https://livdar.com/es/dias-festivos/espana/
atlas-pages-es-pulse	404	https://livdar.com/es/dias-festivos/extremadura/
atlas-pages-es-pulse	404	https://livdar.com/es/dias-festivos/francia/
atlas-pages-es-pulse	404	https://livdar.com/es/dias-festivos/galicia/
atlas-pages-es-pulse	404	https://livdar.com/es/dias-festivos/illes-balears/
atlas-pages-es-pulse	404	https://livdar.com/es/dias-festivos/mexico/
atlas-pages-es-pulse	404	https://livdar.com/es/dias-festivos/region-de-murcia/
atlas-pages-es-sport	404	https://livdar.com/es/deporte/correr-en-barcelona/
atlas-pages-es-sport	404	https://livdar.com/es/deporte/correr-en-madrid/
atlas-pages-es-sport	404	https://livdar.com/es/deporte/rutas-de-senderismo-madrid/
atlas-pages-es-sport	404	https://livdar.com/es/deporte/senderismo-barcelona/
atlas-pages-es-stay	404	https://livdar.com/es/subida-del-alquiler/espana/
atlas-pages-es-tools	404	https://livdar.com/es/clasificaciones/paises-mas-baratos-de-europa/
atlas-pages-es-tools	404	https://livdar.com/es/clasificaciones/paises-mas-baratos-para-vivir/
atlas-pages-es-tools	404	https://livdar.com/es/clasificaciones/paises-mas-caros-del-mundo/
atlas-pages-es-tools	404	https://livdar.com/es/herramientas/calculadora-de-salario/
atlas-pages-es-tools	404	https://livdar.com/es/herramientas/calcular-precio-mudanza/
atlas-pages-es-tools	404	https://livdar.com/es/herramientas/calcular-presupuesto-de-viaje/
atlas-pages-es-tools	404	https://livdar.com/es/herramientas/comparar-ciudades/
atlas-pages-es-tools	404	https://livdar.com/es/herramientas/donde-alojarse/
atlas-pages-es-tools	404	https://livdar.com/es/herramientas/donde-emigrar/
atlas-pages-es-tools	404	https://livdar.com/es/herramientas/donde-vivir/
atlas-pages-es-work	404	https://livdar.com/es/salarios/alemania/
atlas-pages-es-work	404	https://livdar.com/es/salarios/espana/
atlas-pages-es-work	404	https://livdar.com/es/salarios/francia/
atlas-pages-es-work	404	https://livdar.com/es/salarios/italia/
atlas-pages-es-work	404	https://livdar.com/es/salarios/polonia/
atlas-pages-fr-areas	404	https://livdar.com/fr/ou-loger/barcelone/
atlas-pages-fr-areas	404	https://livdar.com/fr/ou-loger/londres/
atlas-pages-fr-areas	404	https://livdar.com/fr/ou-loger/new-york/
atlas-pages-fr-areas	404	https://livdar.com/fr/ou-loger/paris/
atlas-pages-fr-climate	404	https://livdar.com/fr/quand-partir/costa-rica/
atlas-pages-fr-climate	404	https://livdar.com/fr/quand-partir/japon/
atlas-pages-fr-climate	404	https://livdar.com/fr/quand-partir/mexique/
atlas-pages-fr-climate	404	https://livdar.com/fr/quand-partir/thailande/
atlas-pages-fr-climate	404	https://livdar.com/fr/quand-partir/viet-nam/
atlas-pages-fr-move	404	https://livdar.com/fr/cout-de-la-vie/albanie/
atlas-pages-fr-move	404	https://livdar.com/fr/cout-de-la-vie/allemagne/
atlas-pages-fr-move	404	https://livdar.com/fr/cout-de-la-vie/australie/
atlas-pages-fr-move	404	https://livdar.com/fr/cout-de-la-vie/autriche/
atlas-pages-fr-move	404	https://livdar.com/fr/cout-de-la-vie/bulgarie/
atlas-pages-fr-move	404	https://livdar.com/fr/cout-de-la-vie/croatie/
atlas-pages-fr-move	404	https://livdar.com/fr/cout-de-la-vie/danemark/
atlas-pages-fr-move	404	https://livdar.com/fr/cout-de-la-vie/espagne/
atlas-pages-fr-move	404	https://livdar.com/fr/cout-de-la-vie/france/
atlas-pages-fr-move	404	https://livdar.com/fr/cout-de-la-vie/grece/
atlas-pages-fr-move	404	https://livdar.com/fr/cout-de-la-vie/hongrie/
atlas-pages-fr-move	404	https://livdar.com/fr/cout-de-la-vie/irlande/
atlas-pages-fr-move	404	https://livdar.com/fr/cout-de-la-vie/islande/
atlas-pages-fr-move	404	https://livdar.com/fr/cout-de-la-vie/italie/
atlas-pages-fr-move	404	https://livdar.com/fr/cout-de-la-vie/japon/
atlas-pages-fr-move	404	https://livdar.com/fr/cout-de-la-vie/malte/
atlas-pages-fr-move	404	https://livdar.com/fr/cout-de-la-vie/maurice/
atlas-pages-fr-move	404	https://livdar.com/fr/cout-de-la-vie/norvege/
atlas-pages-fr-move	404	https://livdar.com/fr/cout-de-la-vie/pologne/
atlas-pages-fr-move	404	https://livdar.com/fr/cout-de-la-vie/portugal/
atlas-pages-fr-move	404	https://livdar.com/fr/cout-de-la-vie/roumanie/
atlas-pages-fr-move	404	https://livdar.com/fr/cout-de-la-vie/suisse/
atlas-pages-fr-move	404	https://livdar.com/fr/cout-de-la-vie/turquie/
atlas-pages-fr-pulse	404	https://livdar.com/fr/jours-feries/belgique/
atlas-pages-fr-pulse	404	https://livdar.com/fr/jours-feries/france/
atlas-pages-fr-pulse	404	https://livdar.com/fr/jours-feries/geneve/
atlas-pages-fr-pulse	404	https://livdar.com/fr/jours-feries/guadeloupe/
atlas-pages-fr-pulse	404	https://livdar.com/fr/jours-feries/luxembourg/
atlas-pages-fr-sport	404	https://livdar.com/fr/sport/courir-a-lyon/
atlas-pages-fr-sport	404	https://livdar.com/fr/sport/courir-a-paris/
atlas-pages-fr-sport	404	https://livdar.com/fr/sport/randonnee-nice/
atlas-pages-fr-sport	404	https://livdar.com/fr/sport/randonnee-pres-de-lyon/
atlas-pages-fr-sport	404	https://livdar.com/fr/sport/velo-a-paris/
atlas-pages-fr-stay	404	https://livdar.com/fr/augmentation-des-loyers/france/
atlas-pages-fr-tools	404	https://livdar.com/fr/classements/pays-les-moins-chers-deurope/
atlas-pages-fr-tools	404	https://livdar.com/fr/classements/pays-les-moins-chers-pour-vivre/
atlas-pages-fr-tools	404	https://livdar.com/fr/classements/pays-les-plus-chers-du-monde/
atlas-pages-fr-tools	404	https://livdar.com/fr/outils/budget-voyage/
atlas-pages-fr-tools	404	https://livdar.com/fr/outils/calculateur-de-salaire/
atlas-pages-fr-tools	404	https://livdar.com/fr/outils/calculer-son-loyer-maximum/
atlas-pages-fr-tools	404	https://livdar.com/fr/outils/comparateur-cout-de-la-vie/
atlas-pages-fr-tools	404	https://livdar.com/fr/outils/cout-demenagement/
atlas-pages-fr-tools	404	https://livdar.com/fr/outils/ou-dormir/
atlas-pages-fr-tools	404	https://livdar.com/fr/outils/ou-sexpatrier/
atlas-pages-fr-tools	404	https://livdar.com/fr/outils/ou-vivre/
atlas-pages-fr-work	404	https://livdar.com/fr/salaires/allemagne/
atlas-pages-fr-work	404	https://livdar.com/fr/salaires/danemark/
atlas-pages-fr-work	404	https://livdar.com/fr/salaires/espagne/
atlas-pages-fr-work	404	https://livdar.com/fr/salaires/france/
atlas-pages-fr-work	404	https://livdar.com/fr/salaires/italie/
atlas-pages-fr-work	404	https://livdar.com/fr/salaires/luxembourg/
atlas-pages-fr-work	404	https://livdar.com/fr/salaires/pologne/
atlas-pages-fr-work	404	https://livdar.com/fr/salaires/portugal/
atlas-pages-fr-work	404	https://livdar.com/fr/salaires/roumanie/
atlas-pages-it-areas	404	https://livdar.com/it/zone/londra/
atlas-pages-it-areas	404	https://livdar.com/it/zone/napoli/
atlas-pages-it-areas	404	https://livdar.com/it/zone/new-york/
atlas-pages-it-areas	404	https://livdar.com/it/zone/parigi/
atlas-pages-it-climate	404	https://livdar.com/it/quando-andare/vietnam/
atlas-pages-it-move	404	https://livdar.com/it/costo-della-vita/albania/
atlas-pages-it-move	404	https://livdar.com/it/costo-della-vita/australia/
atlas-pages-it-move	404	https://livdar.com/it/costo-della-vita/bulgaria/
atlas-pages-it-move	404	https://livdar.com/it/costo-della-vita/cina/
atlas-pages-it-move	404	https://livdar.com/it/costo-della-vita/cipro/
atlas-pages-it-move	404	https://livdar.com/it/costo-della-vita/croazia/
atlas-pages-it-move	404	https://livdar.com/it/costo-della-vita/danimarca/
atlas-pages-it-move	404	https://livdar.com/it/costo-della-vita/germania/
atlas-pages-it-move	404	https://livdar.com/it/costo-della-vita/giappone/
atlas-pages-it-move	404	https://livdar.com/it/costo-della-vita/grecia/
atlas-pages-it-move	404	https://livdar.com/it/costo-della-vita/islanda/
atlas-pages-it-move	404	https://livdar.com/it/costo-della-vita/italia/
atlas-pages-it-move	404	https://livdar.com/it/costo-della-vita/malta/
atlas-pages-it-move	404	https://livdar.com/it/costo-della-vita/norvegia/
atlas-pages-it-move	404	https://livdar.com/it/costo-della-vita/polonia/
atlas-pages-it-move	404	https://livdar.com/it/costo-della-vita/portogallo/
atlas-pages-it-move	404	https://livdar.com/it/costo-della-vita/romania/
atlas-pages-it-move	404	https://livdar.com/it/costo-della-vita/spagna/
atlas-pages-it-move	404	https://livdar.com/it/costo-della-vita/svezia/
atlas-pages-it-move	404	https://livdar.com/it/costo-della-vita/svizzera/
atlas-pages-it-move	404	https://livdar.com/it/costo-della-vita/turchia/
atlas-pages-it-move	404	https://livdar.com/it/costo-della-vita/ungheria/
atlas-pages-it-pulse	404	https://livdar.com/it/giorni-festivi/francia/
atlas-pages-it-pulse	404	https://livdar.com/it/giorni-festivi/italia/
atlas-pages-it-pulse	404	https://livdar.com/it/giorni-festivi/lombardia/
atlas-pages-it-pulse	404	https://livdar.com/it/giorni-festivi/svizzera/
atlas-pages-it-sport	404	https://livdar.com/it/sport/bici-a-milano/
atlas-pages-it-sport	404	https://livdar.com/it/sport/correre-a-milano/
atlas-pages-it-sport	404	https://livdar.com/it/sport/correre-a-roma/
atlas-pages-it-sport	404	https://livdar.com/it/sport/escursioni-vicino-roma/
atlas-pages-it-sport	404	https://livdar.com/it/sport/trekking-vicino-milano/
atlas-pages-it-stay	404	https://livdar.com/it/aumento-affitti/italia/
atlas-pages-it-tools	404	https://livdar.com/it/classifiche/paesi-dove-si-vive-con-poco/
atlas-pages-it-tools	404	https://livdar.com/it/strumenti/calcolo-stipendio/
atlas-pages-it-tools	404	https://livdar.com/it/strumenti/confronto-costo-della-vita/
atlas-pages-it-tools	404	https://livdar.com/it/strumenti/dove-alloggiare/
atlas-pages-it-tools	404	https://livdar.com/it/strumenti/dove-trasferirsi-allestero/
atlas-pages-it-tools	404	https://livdar.com/it/strumenti/dove-vivere/
atlas-pages-it-tools	404	https://livdar.com/it/strumenti/preventivo-trasloco/
atlas-pages-it-work	404	https://livdar.com/it/stipendi/austria/
atlas-pages-it-work	404	https://livdar.com/it/stipendi/danimarca/
atlas-pages-it-work	404	https://livdar.com/it/stipendi/francia/
atlas-pages-it-work	404	https://livdar.com/it/stipendi/germania/
atlas-pages-it-work	404	https://livdar.com/it/stipendi/italia/
atlas-pages-it-work	404	https://livdar.com/it/stipendi/polonia/
atlas-pages-it-work	404	https://livdar.com/it/stipendi/romania/
atlas-pages-it-work	404	https://livdar.com/it/stipendi/spagna/
atlas-pages-ja-move	404	https://livdar.com/ja/seikatsuhi/australia/
atlas-pages-ja-move	404	https://livdar.com/ja/seikatsuhi/canada/
atlas-pages-ja-move	404	https://livdar.com/ja/seikatsuhi/czechia/
atlas-pages-ja-move	404	https://livdar.com/ja/seikatsuhi/denmark/
atlas-pages-ja-move	404	https://livdar.com/ja/seikatsuhi/france/
atlas-pages-ja-move	404	https://livdar.com/ja/seikatsuhi/germany/
atlas-pages-ja-move	404	https://livdar.com/ja/seikatsuhi/hungary/
atlas-pages-ja-move	404	https://livdar.com/ja/seikatsuhi/ireland/
atlas-pages-ja-move	404	https://livdar.com/ja/seikatsuhi/italy/
atlas-pages-ja-move	404	https://livdar.com/ja/seikatsuhi/malaysia/
atlas-pages-ja-move	404	https://livdar.com/ja/seikatsuhi/malta/
atlas-pages-ja-move	404	https://livdar.com/ja/seikatsuhi/netherlands/
atlas-pages-ja-move	404	https://livdar.com/ja/seikatsuhi/norway/
atlas-pages-ja-move	404	https://livdar.com/ja/seikatsuhi/philippines/
atlas-pages-ja-move	404	https://livdar.com/ja/seikatsuhi/poland/
atlas-pages-ja-move	404	https://livdar.com/ja/seikatsuhi/portugal/
atlas-pages-ja-move	404	https://livdar.com/ja/seikatsuhi/spain/
atlas-pages-ja-move	404	https://livdar.com/ja/seikatsuhi/sweden/
atlas-pages-ja-move	404	https://livdar.com/ja/seikatsuhi/switzerland/
atlas-pages-ja-move	404	https://livdar.com/ja/seikatsuhi/thailand/
atlas-pages-ja-move	404	https://livdar.com/ja/seikatsuhi/tuerkiye/
atlas-pages-ja-move	404	https://livdar.com/ja/seikatsuhi/united-kingdom/
atlas-pages-ja-pulse	404	https://livdar.com/ja/holidays/france/
atlas-pages-ja-pulse	404	https://livdar.com/ja/holidays/germany/
atlas-pages-ja-sport	404	https://livdar.com/ja/sport/cycling-tokyo/
atlas-pages-ja-sport	404	https://livdar.com/ja/sport/hiking-sapporo/
atlas-pages-ja-sport	404	https://livdar.com/ja/sport/hiking-tokyo/
atlas-pages-ja-sport	404	https://livdar.com/ja/sport/running-osaka/
atlas-pages-ja-sport	404	https://livdar.com/ja/sport/running-tokyo/
atlas-pages-ja-tools	404	https://livdar.com/ja/ranking/cheapest-countries-europe/
atlas-pages-ja-tools	404	https://livdar.com/ja/ranking/cheapest-countries/
atlas-pages-ja-tools	404	https://livdar.com/ja/ranking/most-expensive-countries/
atlas-pages-ja-tools	404	https://livdar.com/ja/tool/cost-of-living-calculator/
atlas-pages-ja-tools	404	https://livdar.com/ja/tool/destination-matcher/
atlas-pages-ja-tools	404	https://livdar.com/ja/tool/moving-cost/
atlas-pages-ja-tools	404	https://livdar.com/ja/tool/relocation-budget/
atlas-pages-ja-tools	404	https://livdar.com/ja/tool/rent-affordability/
atlas-pages-ja-tools	404	https://livdar.com/ja/tool/salary-calculator/
atlas-pages-ja-tools	404	https://livdar.com/ja/tool/travel-budget/
atlas-pages-ja-tools	404	https://livdar.com/ja/tool/where-should-i-live/
atlas-pages-nl-areas	404	https://livdar.com/nl/stadsdelen/amsterdam/
atlas-pages-nl-areas	404	https://livdar.com/nl/stadsdelen/barcelona/
atlas-pages-nl-areas	404	https://livdar.com/nl/stadsdelen/londen/
atlas-pages-nl-areas	404	https://livdar.com/nl/stadsdelen/parijs/
atlas-pages-nl-move	404	https://livdar.com/nl/kosten-van-levensonderhoud/curacao/
atlas-pages-nl-move	404	https://livdar.com/nl/kosten-van-levensonderhoud/denemarken/
atlas-pages-nl-move	404	https://livdar.com/nl/kosten-van-levensonderhoud/griekenland/
atlas-pages-nl-move	404	https://livdar.com/nl/kosten-van-levensonderhoud/malta/
atlas-pages-nl-move	404	https://livdar.com/nl/kosten-van-levensonderhoud/portugal/
atlas-pages-nl-move	404	https://livdar.com/nl/kosten-van-levensonderhoud/spanje/
atlas-pages-nl-pulse	404	https://livdar.com/nl/feestdagen/belgie/
atlas-pages-nl-pulse	404	https://livdar.com/nl/feestdagen/duitsland/
atlas-pages-nl-pulse	404	https://livdar.com/nl/feestdagen/nederland/
atlas-pages-nl-sport	404	https://livdar.com/nl/sport/fietsen-in-amsterdam/
atlas-pages-nl-sport	404	https://livdar.com/nl/sport/hardlopen-in-amsterdam/
atlas-pages-nl-sport	404	https://livdar.com/nl/sport/wandelen-in-amsterdam/
atlas-pages-nl-stay	404	https://livdar.com/nl/huurverhoging/nederland/
atlas-pages-nl-tools	404	https://livdar.com/nl/ranglijsten/duurste-landen-ter-wereld/
atlas-pages-nl-tools	404	https://livdar.com/nl/ranglijsten/goedkoopste-landen-in-europa/
atlas-pages-nl-tools	404	https://livdar.com/nl/ranglijsten/goedkoopste-landen-om-te-wonen/
atlas-pages-nl-tools	404	https://livdar.com/nl/tools/hoeveel-huur-kan-ik-betalen/
atlas-pages-nl-tools	404	https://livdar.com/nl/tools/naar-welk-land-emigreren/
atlas-pages-nl-tools	404	https://livdar.com/nl/tools/salaris-calculator/
atlas-pages-nl-tools	404	https://livdar.com/nl/tools/verhuiskosten-berekenen/
atlas-pages-nl-tools	404	https://livdar.com/nl/tools/waar-overnachten/
atlas-pages-nl-work	404	https://livdar.com/nl/salarissen/nederland/
atlas-pages-nl-work	404	https://livdar.com/nl/salarissen/spanje/
atlas-pages-pl-areas	404	https://livdar.com/pl/dzielnice-miasta/gdansk/
atlas-pages-pl-areas	404	https://livdar.com/pl/dzielnice-miasta/nowy-jork/
atlas-pages-pl-areas	404	https://livdar.com/pl/dzielnice-miasta/paryz/
atlas-pages-pl-areas	404	https://livdar.com/pl/dzielnice-miasta/wroclaw/
atlas-pages-pl-move	404	https://livdar.com/pl/koszty-zycia/albania/
atlas-pages-pl-move	404	https://livdar.com/pl/koszty-zycia/australia/
atlas-pages-pl-move	404	https://livdar.com/pl/koszty-zycia/belgia/
atlas-pages-pl-move	404	https://livdar.com/pl/koszty-zycia/bulgaria/
atlas-pages-pl-move	404	https://livdar.com/pl/koszty-zycia/czechy/
atlas-pages-pl-move	404	https://livdar.com/pl/koszty-zycia/dania/
atlas-pages-pl-move	404	https://livdar.com/pl/koszty-zycia/francja/
atlas-pages-pl-move	404	https://livdar.com/pl/koszty-zycia/grecja/
atlas-pages-pl-move	404	https://livdar.com/pl/koszty-zycia/hiszpania/
atlas-pages-pl-move	404	https://livdar.com/pl/koszty-zycia/holandia/
atlas-pages-pl-move	404	https://livdar.com/pl/koszty-zycia/irlandia/
atlas-pages-pl-move	404	https://livdar.com/pl/koszty-zycia/japonia/
atlas-pages-pl-move	404	https://livdar.com/pl/koszty-zycia/malta/
atlas-pages-pl-move	404	https://livdar.com/pl/koszty-zycia/niemcy/
atlas-pages-pl-move	404	https://livdar.com/pl/koszty-zycia/norwegia/
atlas-pages-pl-move	404	https://livdar.com/pl/koszty-zycia/polska/
atlas-pages-pl-move	404	https://livdar.com/pl/koszty-zycia/portugalia/
atlas-pages-pl-move	404	https://livdar.com/pl/koszty-zycia/szwajcaria/
atlas-pages-pl-move	404	https://livdar.com/pl/koszty-zycia/szwecja/
atlas-pages-pl-move	404	https://livdar.com/pl/koszty-zycia/tajlandia/
atlas-pages-pl-move	404	https://livdar.com/pl/koszty-zycia/turcja/
atlas-pages-pl-move	404	https://livdar.com/pl/koszty-zycia/wlochy/
atlas-pages-pl-pulse	404	https://livdar.com/pl/dni-wolne-od-pracy/niemcy/
atlas-pages-pl-pulse	404	https://livdar.com/pl/dni-wolne-od-pracy/polska/
atlas-pages-pl-tools	404	https://livdar.com/pl/kalkulatory/gdzie-mieszkac/
atlas-pages-pl-tools	404	https://livdar.com/pl/kalkulatory/gdzie-sie-zatrzymac/
atlas-pages-pl-tools	404	https://livdar.com/pl/kalkulatory/kalkulator-kosztow-zycia/
atlas-pages-pl-tools	404	https://livdar.com/pl/kalkulatory/kalkulator-wynagrodzen/
atlas-pages-pl-tools	404	https://livdar.com/pl/kalkulatory/koszt-przeprowadzki/
atlas-pages-pl-tools	404	https://livdar.com/pl/kalkulatory/porownanie-miast/
atlas-pages-pl-tools	404	https://livdar.com/pl/rankingi/najdrozsze-kraje-swiata/
atlas-pages-pl-tools	404	https://livdar.com/pl/rankingi/najtansze-kraje-do-zycia/
atlas-pages-pl-tools	404	https://livdar.com/pl/rankingi/najtansze-kraje-w-europie/
atlas-pages-pl-work	404	https://livdar.com/pl/wynagrodzenia/czechy/
atlas-pages-pl-work	404	https://livdar.com/pl/wynagrodzenia/dania/
atlas-pages-pl-work	404	https://livdar.com/pl/wynagrodzenia/niemcy/
atlas-pages-pl-work	404	https://livdar.com/pl/wynagrodzenia/polska/
atlas-pages-pl-work	404	https://livdar.com/pl/wynagrodzenia/szwecja/
atlas-pages-pt-areas	404	https://livdar.com/pt/onde-ficar/londres/
atlas-pages-pt-areas	404	https://livdar.com/pt/onde-ficar/nova-york/
atlas-pages-pt-areas	404	https://livdar.com/pt/onde-ficar/paris/
atlas-pages-pt-areas	404	https://livdar.com/pt/onde-ficar/sao-paulo/
atlas-pages-pt-move	404	https://livdar.com/pt/custo-de-vida/alemanha/
atlas-pages-pt-move	404	https://livdar.com/pt/custo-de-vida/argentina/
atlas-pages-pt-move	404	https://livdar.com/pt/custo-de-vida/brasil/
atlas-pages-pt-move	404	https://livdar.com/pt/custo-de-vida/bulgaria/
atlas-pages-pt-move	404	https://livdar.com/pt/custo-de-vida/canada/
atlas-pages-pt-move	404	https://livdar.com/pt/custo-de-vida/croacia/
atlas-pages-pt-move	404	https://livdar.com/pt/custo-de-vida/dinamarca/
atlas-pages-pt-move	404	https://livdar.com/pt/custo-de-vida/espanha/
atlas-pages-pt-move	404	https://livdar.com/pt/custo-de-vida/franca/
atlas-pages-pt-move	404	https://livdar.com/pt/custo-de-vida/grecia/
atlas-pages-pt-move	404	https://livdar.com/pt/custo-de-vida/irlanda/
atlas-pages-pt-move	404	https://livdar.com/pt/custo-de-vida/italia/
atlas-pages-pt-move	404	https://livdar.com/pt/custo-de-vida/japao/
atlas-pages-pt-move	404	https://livdar.com/pt/custo-de-vida/malta/
atlas-pages-pt-move	404	https://livdar.com/pt/custo-de-vida/noruega/
atlas-pages-pt-move	404	https://livdar.com/pt/custo-de-vida/paises-baixos/
atlas-pages-pt-move	404	https://livdar.com/pt/custo-de-vida/portugal/
atlas-pages-pt-move	404	https://livdar.com/pt/custo-de-vida/reino-unido/
atlas-pages-pt-move	404	https://livdar.com/pt/custo-de-vida/suecia/
atlas-pages-pt-move	404	https://livdar.com/pt/custo-de-vida/suica/
atlas-pages-pt-move	404	https://livdar.com/pt/custo-de-vida/turquia/
atlas-pages-pt-move	404	https://livdar.com/pt/custo-de-vida/uruguai/
atlas-pages-pt-pulse	404	https://livdar.com/pt/feriados/mexico/
atlas-pages-pt-pulse	404	https://livdar.com/pt/feriados/portugal/
atlas-pages-pt-tools	404	https://livdar.com/pt/ferramentas/calculadora-custo-de-vida/
atlas-pages-pt-tools	404	https://livdar.com/pt/ferramentas/calculadora-de-salario/
atlas-pages-pt-tools	404	https://livdar.com/pt/ferramentas/comparar-cidades/
atlas-pages-pt-tools	404	https://livdar.com/pt/ferramentas/melhor-pais-para-morar/
atlas-pages-pt-tools	404	https://livdar.com/pt/ferramentas/onde-ficar/
atlas-pages-pt-tools	404	https://livdar.com/pt/ferramentas/onde-morar/
atlas-pages-pt-tools	404	https://livdar.com/pt/ferramentas/quanto-custa-morar-fora/
atlas-pages-pt-tools	404	https://livdar.com/pt/ferramentas/quanto-custa-viajar/
atlas-pages-pt-tools	404	https://livdar.com/pt/rankings/paises-mais-baratos-da-europa/
atlas-pages-pt-tools	404	https://livdar.com/pt/rankings/paises-mais-baratos-para-morar/
atlas-pages-pt-tools	404	https://livdar.com/pt/rankings/paises-mais-caros-do-mundo/
atlas-pages-pt-work	404	https://livdar.com/pt/salarios/portugal/
de-core	200	https://livdar.com/de/
de-core	200	https://livdar.com/de/cookies/
de-core	200	https://livdar.com/de/datenschutz/
de-core	200	https://livdar.com/de/esim/
de-core	200	https://livdar.com/de/kompatibilitaet/
de-core	200	https://livdar.com/de/ratgeber/
de-core	200	https://livdar.com/de/regionen/
de-destinations	200	https://livdar.com/de/esim/aegypten/
de-destinations	200	https://livdar.com/de/esim/albanien/
de-destinations	200	https://livdar.com/de/esim/bali/
de-destinations	200	https://livdar.com/de/esim/grossbritannien/
de-destinations	200	https://livdar.com/de/esim/indien/
de-destinations	200	https://livdar.com/de/esim/indonesien/
de-destinations	200	https://livdar.com/de/esim/japan/
de-destinations	200	https://livdar.com/de/esim/kanada/
de-destinations	200	https://livdar.com/de/esim/marokko/
de-destinations	200	https://livdar.com/de/esim/mexiko/
de-destinations	200	https://livdar.com/de/esim/schweiz/
de-destinations	200	https://livdar.com/de/esim/thailand/
de-destinations	200	https://livdar.com/de/esim/tuerkei/
de-destinations	200	https://livdar.com/de/esim/usa/
de-destinations	200	https://livdar.com/de/esim/vereinigte-arabische-emirate/
de-destinations	200	https://livdar.com/de/esim/vietnam/
de-guides	200	https://livdar.com/de/ratgeber/esim-vs-physical-sim/
de-guides	200	https://livdar.com/de/ratgeber/esim-vs-roaming/
de-guides	200	https://livdar.com/de/ratgeber/how-esim-works/
de-guides	200	https://livdar.com/de/ratgeber/install-esim/
de-regions	200	https://livdar.com/de/regionen/africa/
de-regions	200	https://livdar.com/de/regionen/asia/
de-regions	200	https://livdar.com/de/regionen/balkans/
de-regions	200	https://livdar.com/de/regionen/caribbean/
de-regions	200	https://livdar.com/de/regionen/central-america/
de-regions	200	https://livdar.com/de/regionen/europe/
de-regions	200	https://livdar.com/de/regionen/middle-east/
de-regions	200	https://livdar.com/de/regionen/north-america/
de-regions	200	https://livdar.com/de/regionen/oceania/
de-regions	200	https://livdar.com/de/regionen/south-america/
de-regions	200	https://livdar.com/de/regionen/southeast-asia/
en-core	200	https://livdar.com/en/
en-core	200	https://livdar.com/en/compatibility/
en-core	200	https://livdar.com/en/cookies/
en-core	200	https://livdar.com/en/esim/
en-core	200	https://livdar.com/en/guides/
en-core	200	https://livdar.com/en/privacy/
en-core	200	https://livdar.com/en/regions/
en-destinations	200	https://livdar.com/en/esim/albania/
en-destinations	200	https://livdar.com/en/esim/bali/
en-destinations	200	https://livdar.com/en/esim/canada/
en-destinations	200	https://livdar.com/en/esim/egypt/
en-destinations	200	https://livdar.com/en/esim/greece/
en-destinations	200	https://livdar.com/en/esim/india/
en-destinations	200	https://livdar.com/en/esim/indonesia/
en-destinations	200	https://livdar.com/en/esim/italy/
en-destinations	200	https://livdar.com/en/esim/japan/
en-destinations	200	https://livdar.com/en/esim/mexico/
en-destinations	200	https://livdar.com/en/esim/morocco/
en-destinations	200	https://livdar.com/en/esim/spain/
en-destinations	200	https://livdar.com/en/esim/switzerland/
en-destinations	200	https://livdar.com/en/esim/thailand/
en-destinations	200	https://livdar.com/en/esim/turkey/
en-destinations	200	https://livdar.com/en/esim/united-arab-emirates/
en-destinations	200	https://livdar.com/en/esim/united-kingdom/
en-destinations	200	https://livdar.com/en/esim/united-states/
en-destinations	200	https://livdar.com/en/esim/vietnam/
en-guides	200	https://livdar.com/en/guides/airport-connectivity/
en-guides	200	https://livdar.com/en/guides/esim-vs-physical-sim/
en-guides	200	https://livdar.com/en/guides/esim-vs-roaming/
en-guides	200	https://livdar.com/en/guides/how-esim-works/
en-guides	200	https://livdar.com/en/guides/install-esim/
en-guides	200	https://livdar.com/en/guides/international-sim-card/
en-guides	200	https://livdar.com/en/guides/pocket-wifi-vs-esim/
en-guides	200	https://livdar.com/en/guides/what-is-data-roaming/
en-regions	200	https://livdar.com/en/regions/africa/
en-regions	200	https://livdar.com/en/regions/asia/
en-regions	200	https://livdar.com/en/regions/balkans/
en-regions	200	https://livdar.com/en/regions/caribbean/
en-regions	200	https://livdar.com/en/regions/central-america/
en-regions	200	https://livdar.com/en/regions/europe/
en-regions	200	https://livdar.com/en/regions/middle-east/
en-regions	200	https://livdar.com/en/regions/north-america/
en-regions	200	https://livdar.com/en/regions/oceania/
en-regions	200	https://livdar.com/en/regions/south-america/
en-regions	200	https://livdar.com/en/regions/southeast-asia/
ro-core	200	https://livdar.com/ro/
ro-core	200	https://livdar.com/ro/compatibilitate/
ro-core	200	https://livdar.com/ro/confidentialitate/
ro-core	200	https://livdar.com/ro/cookie-uri/
ro-core	200	https://livdar.com/ro/esim/
ro-core	200	https://livdar.com/ro/ghiduri/
ro-core	200	https://livdar.com/ro/regiuni/
ro-destinations	200	https://livdar.com/ro/esim/albania/
ro-destinations	200	https://livdar.com/ro/esim/bali/
ro-destinations	200	https://livdar.com/ro/esim/egipt/
ro-destinations	200	https://livdar.com/ro/esim/emiratele-arabe-unite/
ro-destinations	200	https://livdar.com/ro/esim/grecia/
ro-destinations	200	https://livdar.com/ro/esim/marea-britanie/
ro-destinations	200	https://livdar.com/ro/esim/maroc/
ro-destinations	200	https://livdar.com/ro/esim/statele-unite/
ro-destinations	200	https://livdar.com/ro/esim/thailanda/
ro-destinations	200	https://livdar.com/ro/esim/turcia/
ro-guides	200	https://livdar.com/ro/ghiduri/airport-connectivity/
ro-guides	200	https://livdar.com/ro/ghiduri/esim-vs-roaming/
ro-guides	200	https://livdar.com/ro/ghiduri/how-esim-works/
ro-guides	200	https://livdar.com/ro/ghiduri/install-esim/
ro-regions	200	https://livdar.com/ro/regiuni/africa/
ro-regions	200	https://livdar.com/ro/regiuni/asia/
ro-regions	200	https://livdar.com/ro/regiuni/balkans/
ro-regions	200	https://livdar.com/ro/regiuni/caribbean/
ro-regions	200	https://livdar.com/ro/regiuni/central-america/
ro-regions	200	https://livdar.com/ro/regiuni/europe/
ro-regions	200	https://livdar.com/ro/regiuni/middle-east/
ro-regions	200	https://livdar.com/ro/regiuni/north-america/
ro-regions	200	https://livdar.com/ro/regiuni/oceania/
ro-regions	200	https://livdar.com/ro/regiuni/south-america/
ro-regions	200	https://livdar.com/ro/regiuni/southeast-asia/
