keyword	country	family	position	url_or_feature	domain_rating	refdomains	traffic	type
weather in rome in may	us	climate.city-month	1	AI Overview and knowledge card				serp_feature
weather in rome in may	us	climate.city-month	4	romewise.com	45	1		organic
weather in rome in may	us	climate.city-month	-	accuweather.com	90			organic
weather in rome in may	us	climate.city-month	-	weatherspark.com	80			organic
weather in rome in may	us	climate.city-month	-	3 Reddit threads, 7 Facebook posts, TikTok, YouTube Shorts				ugc
weather in lisbon in march	us	climate.city-month	1	AI Overview with 9 sitelinks				serp_feature
weather in lisbon in march	us	climate.city-month	2	knowledge card				serp_feature
weather in lisbon in march	us	climate.city-month	3	people also ask, 4 questions				serp_feature
weather in lisbon in march	us	climate.city-month	4	accuweather.com	90	2	446	organic
weather in lisbon in march	us	climate.city-month	5	getyourguide.com	90	0	178	organic
weather in lisbon in march	us	climate.city-month	6	reddit.com	95	1	219	organic
weather in lisbon in march	us	climate.city-month	7	lisbonguru.com	30	1	268	organic
weather in lisbon in march	us	climate.city-month	8	royalcaribbean.com	82	5	509	organic
weather in lisbon in march	us	climate.city-month	9	weatherspark.com	80		56	organic
weather in lisbon in march	us	climate.city-month	10	tripsavvy.com	80	1	43	organic
weather in paris in october	us	climate.city-month	1	AI Overview				serp_feature
weather in paris in october	us	climate.city-month	2	knowledge card				serp_feature
weather in paris in october	us	climate.city-month	3	people also ask, 4 questions				serp_feature
weather in paris in october	us	climate.city-month	4	accuweather.com Villejuif JULY weather	90		98	organic
weather in paris in october	us	climate.city-month	5	weather.com Le Touquet-Paris-Plage	90		296	organic
weather in paris in october	us	climate.city-month	6	sortiraparis.com news article	78	0	54	organic
weather in paris in october	us	climate.city-month	8	weather-and-climate.com Combleux	72		34	organic
weather in paris in october	us	climate.city-month	9	tripadvisor.co.uk May weather 2024 thread	91	0	43	organic
weather in paris in october	us	climate.city-month	10	weather-and-climate.com Mettray	72		22	organic
dublin airport to city centre	gb	transport.airport-to-city	1	AI Overview with 9 sitelinks				serp_feature
dublin airport to city centre	gb	transport.airport-to-city	2	rome2rio.com	80	0	1871	organic
dublin airport to city centre	gb	transport.airport-to-city	3	people also ask, 4 questions				serp_feature
dublin airport to city centre	gb	transport.airport-to-city	4	tripadvisor.co.uk forum thread	91	0	388	organic
dublin airport to city centre	gb	transport.airport-to-city	5	facebook.com Bus Eireann post	100		207	organic
dublin airport to city centre	gb	transport.airport-to-city	6	belfasttransfersandtours.com	0	0	99	organic
dublin airport to city centre	gb	transport.airport-to-city	7	rome2rio.com second URL	80	0	48	organic
dublin airport to city centre	gb	transport.airport-to-city	8	instagram.com	100		24	organic
dublin airport to city centre	gb	transport.airport-to-city	10	tripadvisor.co.uk product page	91		5	organic
krakow airport to city centre	gb	transport.airport-to-city	1	AI Overview with 7 sitelinks				serp_feature
krakow airport to city centre	gb	transport.airport-to-city	2	people also ask, 4 questions				serp_feature
krakow airport to city centre	gb	transport.airport-to-city	3	visitkrakow.com	49	11	1068	organic
krakow airport to city centre	gb	transport.airport-to-city	4	3 YouTube videos				serp_feature
krakow airport to city centre	gb	transport.airport-to-city	5	hoppa.com	59	3	655	organic
krakow airport to city centre	gb	transport.airport-to-city	6	flixbus.co.uk	72		231	organic
krakow airport to city centre	gb	transport.airport-to-city	7	hellocracow.com	10	2	239	organic
krakow airport to city centre	gb	transport.airport-to-city	8	travellingwithnikki.com	17	1	274	organic
krakow airport to city centre	gb	transport.airport-to-city	9	opodo.co.uk	58	0	121	organic
krakow airport to city centre	gb	transport.airport-to-city	10	krakowdirect.com	70	998	163	organic
