axis,label,page_class,url_potential,demand_supported,indexable,demand_verdict,indexable_verdict,lifecycle,expiry_strategy,evidence,blocker,source_class,licence
A_poi,"POI, landmarks, attractions, museums, beaches, malls, parks, viewpoints",DURABLE_PARENT,9513,1680,504,TIER1_ONLY,PARTIAL,PERMANENT,"never expires. The page is the query, the contents refresh under it","museums in london 12,000 and rooftop bars london 11,000, against museums in rome 400, nightlife madrid 70, gyms in berlin 30, viewpoints lisbon 10",,OPEN_DATA OpenStreetMap plus Wikidata,ODbL 1.0 share-alike
B_places,"Restaurants, cafes, bars, gyms, coworking, nightclubs, malls, spas as entities",DURABLE_PARENT,6342,6342,6342,YES,YES,PERMANENT,"never expires. The page is the query, the contents refresh under it","restaurants lincoln 2,700 at tier 3 and the SERP is OPEN: DR 13 at position 5 earning 2,148 while TripAdvisor at DR 91 takes 337",,OPEN_DATA OpenStreetMap,ODbL 1.0 share-alike
C_events,"Concerts, festivals, sport, conferences, exhibitions, venue x event, city x window",DURABLE_PARENT,5171,5171,0,YES,NO,PERMANENT,"never expires. The page is the query, the contents refresh under it","whats on in london 4,600 at KD 0, london events today 2,200 at KD 0, events in london this weekend TP 60,000, o2 arena events 3,900 at KD 0 TP 13,000, wembley events TP 31,000","NO_LAWFUL_ROUTE for listings, PARTNER_FEED would be needed","NO_LAWFUL_ROUTE for listings, PARTNER_FEED would be needed",n/a
D_stay,"Hotels, apartments, hostels, guest houses, student, coliving, rooms, vacation rentals",DURABLE_PARENT,4671,1500,450,NODE_AND_STUDENT_ONLY,PARTIAL,PERMANENT,"never expires. The page is the query, the contents refresh under it","hotels near gatwick airport 3,200 at KD 0, hotels near kings cross 1,300 at KD 2, student accommodation london 4,800, manchester 3,000. Against hotels near colosseum 150 at KD 93, coliving lisbon 90, monthly rentals lisbon 30, apartments barcelona monthly 0",,"AFFILIATE for rates, OPEN_DATA for the node geography",affiliate terms plus ODbL
E_jobs,"Job listings, role x city, company x city, industry, remote, visa sponsorship, salary",DURABLE_PARENT,1585500,1585500,0,YES_BUT_THIN,NO,PERMANENT,"never expires. The page is the query, the contents refresh under it","product manager jobs london 600 at KD 0, nurse jobs london 600, software engineer jobs london 500, amazon jobs london 3,200 TP 168,000, nhs jobs london 2,300 TP 415,000",NO_LAWFUL_ROUTE held. COMMERCIAL_API or PARTNER_FEED would be needed,NO_LAWFUL_ROUTE held. COMMERCIAL_API or PARTNER_FEED would be needed,n/a
F_move,"Visas, residency, tax, banking, healthcare, schools, utilities, relocation procedures",DURABLE_PARENT,1800,1800,1800,YES,YES,PERMANENT,"never expires. The page is the query, the contents refresh under it","uk spouse visa 4,800, portugal golden visa 1,700 at KD 0, spain digital nomad visa 1,100 at KD 0, moving to spain 1,100, d7 visa portugal 1,000 at KD 0, nie number spain 800 at KD 0. CPC 60 to 350 cents",,GOVERNMENT official immigration and tax portals,"mostly reusable with attribution, per country"
G_services,"Schools, universities, hospitals, clinics, dentists, pharmacies, childcare, government",DURABLE_PARENT,6342,0,0,WEAK,NO,PERMANENT,"never expires. The page is the query, the contents refresh under it","private hospitals london 450 at KD 80, international schools dubai 150 at KD 68, universities in netherlands 150. english speaking doctor berlin 0 and english speaking dentist amsterdam 0",OPEN_DATA OpenStreetMap plus GOVERNMENT school registers,OPEN_DATA OpenStreetMap plus GOVERNMENT school registers,ODbL plus per country open licences
H_transport,"Airports, stations, metro, bus and ferry terminals, parking, node x route",DURABLE_PARENT,2000,2000,600,YES,PARTIAL,PERMANENT,"never expires. The page is the query, the contents refresh under it","gatwick to london 2,900 TP 33,000, stansted to london 2,800 TP 84,000, barcelona airport to city centre 900 at KD 0, cdg to paris 450",,OPEN_DATA OpenStreetMap plus OurAirports,ODbL plus public domain
I_sport,"Running, cycling, hiking routes, surf, dive, sail spots, gyms, stadiums, courts, pools",DURABLE_PARENT,3171,0,0,NO,NO,PERMANENT,"never expires. The page is the query, the contents refresh under it","running routes lisbon 10, surf spots portugal 30, cycling routes mallorca 40, padel barcelona 50, diving gozo 50. Only tennis courts london 800 at KD 0 and hiking madeira 350 clear anything",OPEN_DATA OpenStreetMap route relations,OPEN_DATA OpenStreetMap route relations,ODbL 1.0 share-alike
