axis,label,page_class,raw_global,obtainable_11_markets,source_backed,demand_supported,indexable,demand_verdict,indexable_verdict,lifecycle,expiry_strategy,evidence,blocker,source_class,licence
A_poi,"POI, landmarks, attractions, museums, beaches, malls, parks, viewpoints",ENTITY,9189724,3216399,964920,19298,0,YES_HUGE,NO,DURABLE_ENTITY,"entity closes: keep the page, mark permanently closed, keep indexed","british museum 152,000, wembley stadium 102,000, tate modern 90,000, edinburgh castle 85,000 at KD 0","edinburgh castle SERP is the official site at 1 and a knowledge panel at 2, then TripAdvisor forum, Facebook, YouTube, Instagram. alhambra tickets is AI overview plus official at 2 4 6 7 8 with Tiqets at DR 83 taking 42 clicks at position 9",OPEN_DATA OpenStreetMap plus Wikidata,ODbL 1.0 share-alike
B_places,"Restaurants, cafes, bars, gyms, coworking, nightclubs, malls, spas as entities",ENTITY,2934603,1027107,154066,3081,0,YES_FOR_BRANDS_ONLY,NO,DURABLE_ENTITY,"entity closes: keep the page, mark permanently closed, keep indexed","dishoom covent garden 21,000, sketch london 12,000, puregym london 2,300. These are brand searches, and an unbranded restaurant has no query",a named venue query is answered by the venue site plus Google Business Profile. The local pack takes the top slot,OPEN_DATA OpenStreetMap,ODbL 1.0 share-alike
C_events,"Concerts, festivals, sport, conferences, exhibitions, venue x event, city x window",ENTITY,0,0,0,0,0,YES,NO,DURABLE_ENTITY,"entity closes: keep the page, mark permanently closed, keep indexed","glastonbury 2026 37,000, oktoberfest 2026 7,300 at KD 0","no lawful feed held. Eventbrite, Meetup, Fever and Ticketmaster are explicitly out of scope for this project, and an individual event page expires","NO_LAWFUL_ROUTE for listings, PARTNER_FEED would be needed",n/a
D_stay,"Hotels, apartments, hostels, guest houses, student, coliving, rooms, vacation rentals",ENTITY,808541,282988,28299,0,0,AGGREGATOR_OWNED,NO,DURABLE_ENTITY,"entity closes: keep the page, mark permanently closed, keep indexed",a named hotel query is owned by the hotel plus Booking. Not measured separately this pass because the SERP outcome is not in doubt,"Booking, Expedia and the property own the branded query. No lawful rate or availability feed is held","AFFILIATE for rates, OPEN_DATA for the node geography",affiliate terms plus ODbL
E_jobs,"Job listings, role x city, company x city, industry, remote, visa sponsorship, salary",ENTITY,0,0,0,0,0,YES,NO,DURABLE_ENTITY,"entity closes: keep the page, mark permanently closed, keep indexed",an individual vacancy has no durable query and expires in weeks,no jobs feed held,NO_LAWFUL_ROUTE held. COMMERCIAL_API or PARTNER_FEED would be needed,n/a
F_move,"Visas, residency, tax, banking, healthcare, schools, utilities, relocation procedures",ENTITY,0,0,0,0,0,NO,n/a,DURABLE_ENTITY,"entity closes: keep the page, mark permanently closed, keep indexed",there is no entity to page. A procedure is a durable page by nature,n/a,GOVERNMENT official immigration and tax portals,"mostly reusable with attribution, per country"
G_services,"Schools, universities, hospitals, clinics, dentists, pharmacies, childcare, government",ENTITY,4432580,1551395,310279,0,0,LOW,NO,DURABLE_ENTITY,"entity closes: keep the page, mark permanently closed, keep indexed","not measured as entities. The durable form measured weak, so the entity form was not worth a spend","a named school or hospital is owned by its own site, and the local pack takes the top slot",OPEN_DATA OpenStreetMap plus GOVERNMENT school registers,ODbL plus per country open licences
H_transport,"Airports, stations, metro, bus and ferry terminals, parking, node x route",ENTITY,255726,89502,35801,716,0,YES,NO,DURABLE_ENTITY,"entity closes: keep the page, mark permanently closed, keep indexed","kings cross station 32,000 at KD 0, heathrow terminal 5 32,000",the operator owns the node query. National Rail and the airport site answer it,OPEN_DATA OpenStreetMap plus OurAirports,ODbL plus public domain
I_sport,"Running, cycling, hiking routes, surf, dive, sail spots, gyms, stadiums, courts, pools",ENTITY,7946367,2781225,1390613,0,0,NO,NO,DURABLE_ENTITY,"entity closes: keep the page, mark permanently closed, keep indexed",not measured as entities because every durable form measured dead,"n/a, the demand is not there to begin with",OPEN_DATA OpenStreetMap route relations,ODbL 1.0 share-alike
