entity,entity_type,modifier,keyword,market,volume,kd,cpc_cents,traffic_potential,tier,verdict
British Museum,museum,tickets,british museum tickets,en-GB,20000,0,30,20000,head,MODIFIER_WORKS
Tower of London,castle,tickets,tower of london tickets,en-GB,17000,0,25,6500,head,MODIFIER_WORKS
Kew Gardens,garden,tickets,kew gardens tickets,en-GB,16000,31,20,20000,head,MODIFIER_WORKS
London Zoo,zoo,tickets,london zoo tickets,en-GB,15000,35,15,5100,head,MODIFIER_WORKS
Edinburgh Castle,castle,tickets,edinburgh castle tickets,en-GB,14000,37,45,2500,head,MODIFIER_WORKS
Colosseum,landmark,tickets,colosseum tickets,en-GB,13000,1,140,18000,head,MODIFIER_WORKS
Beamish Museum,museum,tickets,beamish museum tickets,en-GB,13000,0,1,1000,mid,MODIFIER_WORKS_AT_TAIL
Stonehenge,landmark,tickets,stonehenge tickets,en-GB,12000,47,20,8800,head,MODIFIER_WORKS
Chester Zoo,zoo,tickets,chester zoo tickets,en-GB,11000,0,8,0,mid,MODIFIER_WORKS_AT_TAIL
Wembley Stadium,stadium,seating plan,wembley stadium seating plan,en-GB,9400,0,50,50,head,MODIFIER_WORKS
Anne Frank House,museum,tickets,anne frank house tickets,en-GB,8900,0,1,6800,head,MODIFIER_WORKS
Sagrada Familia,landmark,tickets,sagrada familia tickets,en-GB,8400,0,80,0,head,MODIFIER_WORKS
Louvre,museum,tickets,louvre tickets,en-GB,8300,61,70,5500,head,MODIFIER_WORKS
Eden Project,attraction,tickets,eden project tickets,en-GB,7800,26,5,700,mid,MODIFIER_WORKS_AT_TAIL
Warwick Castle,castle,tickets,warwick castle tickets,en-GB,6000,0,30,6000,mid,MODIFIER_WORKS_AT_TAIL
Twycross Zoo,zoo,tickets,twycross zoo tickets,en-GB,5700,0,50,0,mid,MODIFIER_WORKS_AT_TAIL
Leeds Castle,castle,tickets,leeds castle tickets,en-GB,5200,0,40,400,mid,MODIFIER_WORKS_AT_TAIL
York Minster,cathedral,tickets,york minster tickets,en-GB,5100,25,30,5200,mid,MODIFIER_WORKS_AT_TAIL
O2 Arena,arena,seating plan,o2 arena seating plan,en-GB,4900,1,60,21000,head,MODIFIER_WORKS
Tintagel Castle,castle,tickets,tintagel castle tickets,en-GB,4600,0,30,250,tail,MODIFIER_WORKS_AT_TAIL
Blenheim Palace,palace,tickets,blenheim palace tickets,en-GB,4600,49,25,4700,mid,MODIFIER_WORKS_AT_TAIL
Drayton Manor,theme park,tickets,drayton manor tickets,en-GB,4200,5,3,5000,mid,MODIFIER_WORKS_AT_TAIL
Roman Baths,attraction,tickets,roman baths tickets,en-GB,3500,0,15,5400,mid,MODIFIER_WORKS_AT_TAIL
Longleat,attraction,tickets,longleat tickets,en-GB,3500,0,60,0,mid,MODIFIER_WORKS_AT_TAIL
Yorkshire Wildlife Park,zoo,tickets,yorkshire wildlife park tickets,en-GB,3400,3,40,900,tail,MODIFIER_WORKS_AT_TAIL
Jorvik Viking Centre,museum,tickets,jorvik viking centre tickets,en-GB,3300,10,35,1200,tail,MODIFIER_WORKS_AT_TAIL
Bletchley Park,museum,tickets,bletchley park tickets,en-GB,3200,10,35,2900,tail,MODIFIER_WORKS_AT_TAIL
Dover Castle,castle,tickets,dover castle tickets,en-GB,3000,12,25,600,tail,MODIFIER_WORKS_AT_TAIL
Arundel Castle,castle,tickets,arundel castle tickets,en-GB,2900,8,30,3600,tail,MODIFIER_WORKS_AT_TAIL
Alton Towers,theme park,parking,alton towers parking,en-GB,2700,0,30,4700,mid,MODIFIER_WORKS
Park Guell,landmark,tickets,park guell tickets,en-GB,2200,31,60,3500,head,MODIFIER_WORKS
Flamingo Land,theme park,tickets,flamingo land tickets,en-GB,2100,4,45,2500,tail,MODIFIER_WORKS_AT_TAIL
Rijksmuseum,museum,tickets,rijksmuseum tickets,en-GB,2000,0,30,150,head,MODIFIER_WORKS
O2 Arena,arena,parking,o2 arena parking,en-GB,1800,1,15,7300,head,MODIFIER_WORKS
Caernarfon Castle,castle,tickets,caernarfon castle tickets,en-GB,1600,5,15,2300,tail,MODIFIER_WORKS_AT_TAIL
Lincoln Castle,castle,tickets,lincoln castle tickets,en-GB,1400,4,80,700,tail,MODIFIER_WORKS_AT_TAIL
Lightwater Valley,theme park,tickets,lightwater valley tickets,en-GB,1300,2,50,2000,tail,MODIFIER_WORKS_AT_TAIL
Sea Life Brighton,aquarium,tickets,sea life brighton tickets,en-GB,1100,4,25,450,tail,MODIFIER_WORKS_AT_TAIL
Hampton Court,palace,tickets,hampton court tickets,en-GB,1100,55,25,6700,mid,MODIFIER_WORKS_AT_TAIL
Paignton Zoo,zoo,tickets,paignton zoo tickets,en-GB,1000,0,30,1000,tail,MODIFIER_WORKS_AT_TAIL
Corfe Castle,castle,tickets,corfe castle tickets,en-GB,800,6,60,5200,tail,MODIFIER_WORKS_AT_TAIL
Westfield London,mall,opening hours,westfield london opening hours,en-GB,800,22,30,5400,head,MODIFIER_WORKS
Louvre,museum,opening hours,louvre opening hours,en-GB,700,57,30,12000,head,MODIFIER_WORKS
Wembley Stadium,stadium,how to get to,how to get to wembley stadium,en-GB,600,21,4,3200,head,MODIFIER_WORKS
Edinburgh Castle,castle,parking,edinburgh castle parking,en-GB,500,14,20,2300,head,MODIFIER_WORKS
Neuschwanstein,castle,tickets,neuschwanstein castle tickets,en-GB,500,0,40,600,head,MODIFIER_WORKS
Camp Nou,stadium,tickets,camp nou tickets,en-GB,500,46,20,5900,head,MODIFIER_WORKS
Carlisle Castle,castle,tickets,carlisle castle tickets,en-GB,500,0,60,0,tail,MODIFIER_WORKS_AT_TAIL
Borough Market,market,opening hours,borough market opening hours,en-GB,400,9,25,2900,head,MODIFIER_WORKS
Tate Modern,museum,opening hours,tate modern opening hours,en-GB,300,76,200,64000,head,MODIFIER_HIGH_TP
British Museum,museum,restaurants near,restaurants near british museum,en-GB,300,5,40,250,head,MODIFIER_WEAK
Crealy,theme park,tickets,crealy tickets,en-GB,250,1,15,1200,tail,MODIFIER_WORKS_AT_TAIL
Colosseum,landmark,opening hours,colosseum opening hours,en-GB,250,2,50,30,head,MODIFIER_WEAK
British Museum,museum,opening hours,british museum opening hours,en-GB,250,0,60,22000,head,MODIFIER_HIGH_TP
Tower of London,castle,opening hours,tower of london opening hours,en-GB,250,45,8,500,head,MODIFIER_WEAK
Eiffel Tower,landmark,opening hours,eiffel tower opening hours,en-GB,200,47,30,18000,head,MODIFIER_HIGH_TP
Big Pit,museum,tickets,big pit tickets,en-GB,100,0,40,1800,tail,MODIFIER_WORKS_AT_TAIL
Park Guell,landmark,opening hours,park guell opening hours,en-GB,100,4,40,300,head,MODIFIER_WEAK
O2 Arena,arena,how to get to,how to get to o2 arena,en-GB,100,0,1,1000,head,MODIFIER_WEAK
Eiffel Tower,landmark,restaurants near,restaurants near eiffel tower,en-GB,450,53,40,500,head,MODIFIER_WEAK
Sagrada Familia,landmark,opening hours,sagrada familia opening hours,en-GB,90,19,35,100,head,MODIFIER_WEAK
Rijksmuseum,museum,opening hours,rijksmuseum opening hours,en-GB,90,3,8,2200,head,MODIFIER_WEAK
British Museum,museum,how to get to,how to get to british museum,en-GB,90,0,50,23000,head,MODIFIER_HIGH_TP
Edinburgh Castle,castle,how to get to,how to get to edinburgh castle,en-GB,90,12,35,300,head,MODIFIER_WEAK
Edinburgh Castle,castle,opening hours,edinburgh castle opening hours,en-GB,80,42,20,450,head,MODIFIER_WEAK
Riverside Museum,museum,parking,riverside museum glasgow parking,en-GB,50,1,,8700,tail,MODIFIER_HIGH_TP
Neuschwanstein,castle,how to get to,how to get to neuschwanstein castle,en-GB,50,25,15,300,head,MODIFIER_WEAK
Park Guell,landmark,how to get to,how to get to park guell,en-GB,30,0,25,30,head,MODIFIER_DEAD
Sagrada Familia,landmark,restaurants near,restaurants near sagrada familia,en-GB,20,1,40,10,head,MODIFIER_DEAD
Neuschwanstein,castle,parking,neuschwanstein castle parking,en-GB,20,,,,head,MODIFIER_DEAD
Fitzwilliam Museum,museum,opening hours,fitzwilliam museum opening hours,en-GB,20,12,,600,tail,MODIFIER_DEAD_AT_TAIL
Lincoln Cathedral,cathedral,opening hours,lincoln cathedral opening hours,en-GB,20,,,,tail,MODIFIER_DEAD_AT_TAIL
Bath Abbey,cathedral,opening hours,bath abbey opening hours,en-GB,20,,,,tail,MODIFIER_DEAD_AT_TAIL
Sagrada Familia,landmark,best time,sagrada familia best time to visit,en-GB,20,,,,head,MODIFIER_DEAD
Durham Cathedral,cathedral,opening hours,durham cathedral opening hours,en-GB,10,,,,tail,MODIFIER_DEAD_AT_TAIL
Kelvingrove,museum,opening hours,kelvingrove museum opening hours,en-GB,10,,,,tail,MODIFIER_DEAD_AT_TAIL
Ashmolean,museum,opening hours,ashmolean museum opening hours,en-GB,10,84,,150,tail,MODIFIER_DEAD_AT_TAIL
Burrell Collection,museum,opening hours,burrell collection opening hours,en-GB,10,13,,200,tail,MODIFIER_DEAD_AT_TAIL
Conwy Castle,castle,opening hours,conwy castle opening hours,en-GB,10,,,,tail,MODIFIER_DEAD_AT_TAIL
Fountains Abbey,abbey,opening hours,fountains abbey opening hours,en-GB,10,,,,tail,MODIFIER_DEAD_AT_TAIL
Ironbridge,museum,tickets,ironbridge museum tickets,en-GB,10,,,,tail,MODIFIER_DEAD_AT_TAIL
Colosseum,landmark,best time,colosseum best time to visit,en-GB,10,,,,head,MODIFIER_DEAD
Eiffel Tower,landmark,best time,eiffel tower best time to visit,en-GB,10,,,,head,MODIFIER_DEAD
Eiffel Tower,landmark,how to get to,how to get to eiffel tower,en-GB,10,,,,head,MODIFIER_DEAD
Whitby Abbey,abbey,opening hours,whitby abbey opening hours,en-GB,0,,,,tail,MODIFIER_DEAD_AT_TAIL
Bodiam Castle,castle,opening hours,bodiam castle opening hours,en-GB,0,,,,tail,MODIFIER_DEAD_AT_TAIL
National Railway Museum,museum,opening hours,national railway museum york opening hours,en-GB,0,,,,tail,MODIFIER_DEAD_AT_TAIL
Eureka Museum,museum,tickets,eureka museum tickets,en-GB,0,,,,tail,MODIFIER_DEAD_AT_TAIL
Thinktank Birmingham,museum,tickets,thinktank birmingham tickets,en-GB,0,,,,tail,MODIFIER_DEAD_AT_TAIL
Colosseum,landmark,parking,colosseum parking,en-GB,0,,,,head,MODIFIER_DEAD
Colosseum,landmark,wheelchair,colosseum wheelchair access,en-GB,0,,,,head,MODIFIER_DEAD
Colosseum,landmark,how to get to,how to get to colosseum,en-GB,0,,,,head,MODIFIER_DEAD
Sagrada Familia,landmark,how to get to,how to get to sagrada familia,en-GB,0,,,,head,MODIFIER_DEAD
Louvre,museum,how to get to,how to get to louvre,en-GB,0,,,,head,MODIFIER_DEAD
Camp Nou,stadium,how to get to,camp nou how to get there,en-GB,0,,,,head,MODIFIER_DEAD
