axis,family,page_type,keyword,market,volume,kd,cpc_cents,traffic_potential,verdict
A_poi,poi.landmark-entity,ENTITY,british museum,en-GB,152000,68,50,103000,ENTITY_DEMAND_HUGE
A_poi,poi.landmark-entity,ENTITY,wembley stadium,en-GB,102000,33,8,45000,ENTITY_DEMAND_HUGE
A_poi,poi.landmark-entity,ENTITY,tate modern,en-GB,90000,76,100,57000,ENTITY_DEMAND_HUGE
A_poi,poi.beach-entity,ENTITY,bondi beach,en-GB,86000,11,10,12000,ENTITY_DEMAND_HUGE
A_poi,poi.landmark-entity,ENTITY,edinburgh castle,en-GB,85000,0,50,9100,ENTITY_DEMAND_HUGE
A_poi,poi.landmark-entity,ENTITY,tower of london,en-GB,80000,61,20,51000,ENTITY_DEMAND_HUGE
A_poi,poi.market-entity,ENTITY,borough market,en-GB,78000,8,30,26000,ENTITY_DEMAND_HUGE
A_poi,poi.venue-entity,ENTITY,o2 arena,en-GB,70000,9,8,104000,ENTITY_DEMAND_HUGE
A_poi,poi.landmark-entity,ENTITY,colosseum,en-GB,44000,74,120,9300,ENTITY_DEMAND_HUGE
A_poi,poi.landmark-entity,ENTITY,sagrada familia,en-GB,44000,80,70,14000,ENTITY_DEMAND_HUGE
A_poi,poi.landmark-entity,ENTITY,neuschwanstein castle,en-GB,21000,0,35,1600,ENTITY_DEMAND_HUGE
B_places,places.restaurant-entity,ENTITY,dishoom covent garden,en-GB,21000,33,60,9900,ENTITY_DEMAND_HUGE
A_poi,poi.mall-entity,ENTITY,westfield london,en-GB,20000,3,2,29000,ENTITY_DEMAND_HUGE
A_poi,poi.museum-entity,ENTITY,anne frank house,en-GB,16000,0,15,12000,ENTITY_DEMAND_HUGE
A_poi,poi.landmark-entity,ENTITY,eiffel tower tickets,en-GB,15000,49,60,4000,ENTITY_DEMAND_HUGE
B_places,places.restaurant-entity,ENTITY,sketch london,en-GB,12000,0,20,0,ENTITY_DEMAND_HUGE
A_poi,poi.landmark-entity,ENTITY,park guell,en-GB,12000,58,60,5400,ENTITY_DEMAND_HUGE
A_poi,poi.museum-entity,ENTITY,rijksmuseum,en-GB,11000,0,15,700,ENTITY_DEMAND_HUGE
A_poi,poi.stadium-entity,ENTITY,camp nou,en-GB,11000,67,30,1900,ENTITY_DEMAND_HUGE
A_poi,poi.landmark-entity,ENTITY,brandenburg gate,en-GB,10000,41,15,2400,ENTITY_DEMAND_HUGE
A_poi,poi.museum-entity,ENTITY,the louvre,en-GB,8900,53,60,9600,ENTITY_DEMAND_HUGE
A_poi,poi.landmark-entity,ENTITY,alhambra tickets,en-GB,3800,13,90,2800,ENTITY_DEMAND_STRONG
B_places,places.gym-entity,ENTITY,puregym london,en-GB,2300,12,15,10000,ENTITY_DEMAND_STRONG
B_places,places.coworking-entity,ENTITY,wework london,en-GB,1400,0,250,0,ENTITY_DEMAND_STRONG
A_poi,poi.city-category-durable,DURABLE,museums in london,en-GB,12000,0,15,90,DURABLE_WORKS_TIER1_ONLY
A_poi,poi.city-category-durable,DURABLE,rooftop bars london,en-GB,11000,1,35,4700,DURABLE_WORKS_TIER1_ONLY
A_poi,poi.city-category-durable,DURABLE,markets in london,en-GB,4400,47,15,3100,DURABLE_WORKS_TIER1_ONLY
A_poi,poi.city-category-durable,DURABLE,parks in london,en-GB,2700,49,35,4500,DURABLE_WORKS_TIER1_ONLY
A_poi,poi.city-category-durable,DURABLE,art galleries london,en-GB,2600,85,50,60000,DURABLE_WORKS_TIER1_ONLY
A_poi,poi.city-category-durable,DURABLE,castles in scotland,en-GB,1800,0,15,10,DURABLE_WORKS_TIER1_ONLY
A_poi,poi.city-category-durable,DURABLE,spas in london,en-GB,1700,0,40,17000,DURABLE_WORKS_TIER1_ONLY
A_poi,poi.city-category-durable,DURABLE,attractions in london,en-GB,1400,0,20,5000,DURABLE_WORKS_TIER1_ONLY
I_sport,sport.facility-durable,DURABLE,padel courts london,en-GB,1100,49,15,300,DURABLE_WEAK
B_places,places.coworking-durable,DURABLE,coworking london,en-GB,700,8,600,3600,DURABLE_WEAK
B_places,places.gym-durable,DURABLE,gyms in london,en-GB,700,0,80,10,DURABLE_WEAK
A_poi,poi.city-category-durable,DURABLE,swimming pools london,en-GB,500,4,50,6300,DURABLE_WEAK
A_poi,poi.beach-durable,DURABLE,beaches in barcelona,en-GB,450,2,45,2500,DURABLE_WEAK
A_poi,poi.beach-durable,DURABLE,beaches near lisbon,en-GB,450,1,30,1000,DURABLE_WEAK
A_poi,poi.city-category-durable,DURABLE,museums in rome,en-GB,400,9,15,450,DURABLE_WEAK
A_poi,poi.mall-durable,DURABLE,shopping centres london,en-GB,400,44,30,28000,DURABLE_WEAK
A_poi,poi.city-category-durable,DURABLE,attractions in paris,en-GB,350,22,20,6400,DURABLE_WEAK
A_poi,poi.city-category-durable,DURABLE,rooftop bars barcelona,en-GB,250,0,50,100,DURABLE_DEAD
I_sport,sport.facility-durable,DURABLE,golf courses algarve,en-GB,150,1,25,700,DURABLE_DEAD
B_places,places.coworking-durable,DURABLE,coworking barcelona,en-GB,90,3,120,50,DURABLE_DEAD
A_poi,poi.nightlife-durable,DURABLE,nightlife berlin,en-GB,90,0,10,350,DURABLE_DEAD
A_poi,poi.nightlife-durable,DURABLE,nightlife madrid,en-GB,70,0,10,80,DURABLE_DEAD
B_places,places.gym-durable,DURABLE,gyms in berlin,en-GB,30,0,45,10,DURABLE_DEAD
A_poi,poi.viewpoint-durable,DURABLE,viewpoints lisbon,en-GB,10,,,,DURABLE_DEAD
C_events,events.recurring-named,DURABLE,glastonbury 2026,en-GB,37000,50,9,14000,EVENTS_RECURRING_STRONG
C_events,events.city-exhibitions,DURABLE,exhibitions london,en-GB,12000,72,60,9500,EVENTS_DURABLE_STRONG
C_events,events.city-concerts,DURABLE,concerts london,en-GB,8900,46,8,17000,EVENTS_DURABLE_STRONG
C_events,events.recurring-named,DURABLE,oktoberfest 2026,en-GB,7300,0,45,3700,EVENTS_RECURRING_STRONG
C_events,events.venue-event,DURABLE,wembley events,en-GB,5100,28,10,31000,EVENTS_VENUE_STRONG
C_events,events.city-whatson,DURABLE,whats on in london,en-GB,4600,0,30,3400,EVENTS_DURABLE_STRONG
C_events,events.venue-event,DURABLE,o2 arena events,en-GB,3900,0,6,13000,EVENTS_VENUE_STRONG
C_events,events.city-window,DURABLE,london events today,en-GB,2200,0,35,5800,EVENTS_WINDOW_STRONG
C_events,events.city-window,DURABLE,events in london this weekend,en-GB,1700,52,30,60000,EVENTS_WINDOW_STRONG
C_events,events.city-concerts,DURABLE,gigs manchester,en-GB,900,3,7,5700,EVENTS_DURABLE_STRONG
C_events,events.country-festivals,DURABLE,festivals uk 2026,en-GB,800,25,15,16000,EVENTS_DURABLE_STRONG
C_events,events.city-window,DURABLE,london events tonight,en-GB,250,34,35,4300,EVENTS_WINDOW_MODERATE
C_events,events.sport-tickets,DURABLE,f1 monaco tickets,en-GB,200,6,20,20,EVENTS_WEAK
C_events,events.country-window,DURABLE,christmas markets europe 2026,en-GB,150,,30,,EVENTS_WEAK
C_events,events.city-window,DURABLE,events in paris this weekend,en-GB,70,0,,400,EVENTS_DEAD_FOREIGN_CITY
C_events,events.city-conferences,DURABLE,conferences london 2026,en-GB,20,,,,EVENTS_DEAD
D_stay,stay.student-accommodation,DURABLE,student accommodation london,en-GB,4800,41,120,4900,STAY_DURABLE_STRONG
D_stay,stay.airport-hotels,DURABLE,hotels near gatwick airport,en-GB,3200,0,120,4600,STAY_NODE_STRONG
D_stay,stay.student-accommodation,DURABLE,student accommodation manchester,en-GB,3000,13,200,11000,STAY_DURABLE_STRONG
D_stay,stay.station-hotels,DURABLE,hotels near kings cross,en-GB,1300,2,140,1200,STAY_NODE_STRONG
D_stay,stay.aparthotel,DURABLE,aparthotel london,en-GB,1000,24,120,900,STAY_DURABLE_MODERATE
D_stay,stay.landmark-hotels,DURABLE,hotels near eiffel tower,en-GB,900,1,80,700,STAY_LANDMARK_WEAK
D_stay,stay.vacation-rental,DURABLE,villas algarve,en-GB,450,0,120,6800,STAY_DURABLE_MODERATE
D_stay,stay.flatshare,DURABLE,flatshare london,en-GB,450,6,20,27000,STAY_HIGH_TP_LOW_VOLUME
D_stay,stay.landmark-hotels,DURABLE,hotels near colosseum,en-GB,150,93,90,90,STAY_LANDMARK_DEAD
D_stay,stay.coliving,DURABLE,coliving barcelona,en-GB,100,58,110,70,STAY_DEAD
D_stay,stay.airport-hotels,DURABLE,hotels near schiphol airport,en-GB,90,11,150,350,STAY_DEAD_FOREIGN
D_stay,stay.coliving,DURABLE,coliving lisbon,en-GB,90,14,70,40,STAY_DEAD
D_stay,stay.monthly-rental,DURABLE,monthly rentals lisbon,en-GB,30,,60,,STAY_DEAD
D_stay,stay.rooms,DURABLE,rooms for rent berlin,en-GB,10,18,45,16000,STAY_DEAD_HIGH_TP
D_stay,stay.roommates,DURABLE,roommates amsterdam,en-GB,10,,50,,STAY_DEAD
D_stay,stay.monthly-rental,DURABLE,apartments barcelona monthly,en-GB,0,,,,STAY_DEAD
E_jobs,jobs.company-city,DURABLE,amazon jobs london,en-GB,3200,0,20,168000,JOBS_HIGH_TP
E_jobs,jobs.employer-city,DURABLE,nhs jobs london,en-GB,2300,21,20,415000,JOBS_HIGH_TP
E_jobs,jobs.role-city,DURABLE,product manager jobs london,en-GB,600,0,35,900,JOBS_ROLE_CITY_MODERATE
E_jobs,jobs.role-city,DURABLE,nurse jobs london,en-GB,600,0,15,1000,JOBS_ROLE_CITY_MODERATE
E_jobs,jobs.role-city,DURABLE,teaching jobs dubai,en-GB,600,0,8,10,JOBS_ROLE_CITY_MODERATE
E_jobs,jobs.visa-sponsorship,DURABLE,visa sponsorship jobs uk,en-GB,600,40,15,15000,JOBS_VISA_HIGH_TP
E_jobs,jobs.role-city,DURABLE,software engineer jobs london,en-GB,500,0,90,1500,JOBS_ROLE_CITY_MODERATE
E_jobs,jobs.salary-role-city,DURABLE,software engineer salary london,en-GB,450,0,80,150,JOBS_SALARY_MODERATE
E_jobs,jobs.company-city,DURABLE,google london jobs,en-GB,400,0,50,500,JOBS_COMPANY_CITY_MODERATE
E_jobs,jobs.remote,DURABLE,remote jobs europe,en-GB,350,48,35,1500,JOBS_WEAK
E_jobs,jobs.salary-role-city,DURABLE,product manager salary london,en-GB,200,0,90,90,JOBS_SALARY_MODERATE
E_jobs,jobs.english-speaking,DURABLE,english speaking jobs berlin,en-GB,100,4,30,700,JOBS_NICHE_WEAK
E_jobs,jobs.english-speaking,DURABLE,english speaking jobs amsterdam,en-GB,40,0,25,0,JOBS_NICHE_WEAK
F_move,move.visa-country,DURABLE,uk spouse visa,en-GB,4800,40,140,20000,MOVE_STRONG
F_move,move.visa-country,DURABLE,portugal golden visa,en-GB,1700,0,90,2700,MOVE_STRONG
F_move,move.visa-country,DURABLE,spain digital nomad visa,en-GB,1100,0,60,4000,MOVE_STRONG
F_move,move.relocate-country,DURABLE,moving to spain,en-GB,1100,5,60,250,MOVE_STRONG
F_move,move.visa-country,DURABLE,d7 visa portugal,en-GB,1000,0,60,1200,MOVE_STRONG
F_move,move.admin-country,DURABLE,nie number spain,en-GB,800,0,120,10,MOVE_MODERATE
F_move,move.relocate-country,DURABLE,moving to dubai,en-GB,700,1,100,1200,MOVE_MODERATE
F_move,move.visa-country,DURABLE,schengen visa requirements,en-GB,600,0,20,25000,MOVE_HIGH_TP
F_move,move.relocate-country,DURABLE,moving to portugal,en-GB,500,2,35,250,MOVE_MODERATE
F_move,move.admin-country,DURABLE,nif portugal,en-GB,200,7,250,90,MOVE_MODERATE
F_move,move.insurance-country,DURABLE,expat health insurance spain,en-GB,150,7,300,1000,MOVE_MODERATE
F_move,move.visa-country,DURABLE,germany blue card,en-GB,90,0,60,250,MOVE_WEAK
F_move,move.admin-country,DURABLE,residence permit germany,en-GB,80,16,50,450,MOVE_WEAK
F_move,move.tax-country,DURABLE,salary calculator germany,en-GB,80,36,120,700,MOVE_WEAK
F_move,move.healthcare-country,DURABLE,healthcare in spain for expats,en-GB,60,7,300,500,MOVE_WEAK
F_move,move.tax-country,DURABLE,netherlands 30 ruling,en-GB,30,0,20,100,MOVE_WEAK
F_move,move.tax-country,DURABLE,income tax netherlands calculator,en-GB,30,18,,1100,MOVE_WEAK
F_move,move.admin-country,DURABLE,opening a bank account in germany,en-GB,10,2,160,60,MOVE_DEAD
F_move,move.relocate-city,DURABLE,relocating to amsterdam,en-GB,10,,110,,MOVE_DEAD
F_move,move.admin-country,DURABLE,driving licence exchange spain,en-GB,0,0,,0,MOVE_DEAD
F_move,move.admin-country,DURABLE,shipping belongings to spain,en-GB,0,,350,,MOVE_DEAD
F_move,move.admin-country,DURABLE,pet passport to spain,en-GB,0,,,,MOVE_DEAD
G_services,services.hospital-durable,DURABLE,private hospitals london,en-GB,450,80,100,6800,SERVICES_WEAK
G_services,services.schools-durable,DURABLE,international schools dubai,en-GB,150,68,70,700,SERVICES_WEAK
G_services,services.schools-durable,DURABLE,international schools barcelona,en-GB,150,56,40,150,SERVICES_WEAK
G_services,services.university-durable,DURABLE,universities in netherlands,en-GB,150,35,45,200,SERVICES_WEAK
G_services,services.doctor-language,DURABLE,english speaking doctor berlin,en-GB,0,,,,SERVICES_DEAD
G_services,services.dentist-language,DURABLE,english speaking dentist amsterdam,en-GB,0,,,,SERVICES_DEAD
H_transport,transport.station-entity,ENTITY,kings cross station,en-GB,32000,0,20,700,TRANSPORT_ENTITY_STRONG
H_transport,transport.terminal-entity,ENTITY,heathrow terminal 5,en-GB,32000,56,70,6700,TRANSPORT_ENTITY_STRONG
H_transport,transport.airport-city-route,DURABLE,gatwick to london,en-GB,2900,10,15,33000,TRANSPORT_ROUTE_HIGH_TP
H_transport,transport.airport-city-route,DURABLE,stansted to london,en-GB,2800,7,20,84000,TRANSPORT_ROUTE_HIGH_TP
H_transport,transport.airport-city-route,DURABLE,barcelona airport to city centre,en-GB,900,0,7,1000,TRANSPORT_ROUTE_MODERATE
H_transport,transport.airport-city-route,DURABLE,cdg to paris,en-GB,450,1,40,1400,TRANSPORT_ROUTE_MODERATE
H_transport,transport.parking-node,DURABLE,schiphol parking,en-GB,60,0,80,50,TRANSPORT_DEAD_FOREIGN
H_transport,transport.airport-city-route,DURABLE,schiphol to amsterdam centraal,en-GB,50,,,,TRANSPORT_DEAD_FOREIGN
I_sport,sport.facility-durable,DURABLE,tennis courts london,en-GB,800,0,15,4500,SPORT_FACILITY_MODERATE
I_sport,sport.hiking-region,DURABLE,hiking madeira,en-GB,350,0,60,1500,SPORT_ROUTE_WEAK
I_sport,sport.sailing-region,DURABLE,sailing greece,en-GB,200,1,120,100,SPORT_WEAK
I_sport,sport.diving-region,DURABLE,diving gozo,en-GB,50,56,40,150,SPORT_DEAD
I_sport,sport.facility-durable,DURABLE,padel barcelona,en-GB,50,0,50,0,SPORT_DEAD
I_sport,sport.cycling-route,DURABLE,cycling routes mallorca,en-GB,40,0,40,10,SPORT_DEAD
I_sport,sport.surf-region,DURABLE,surf spots portugal,en-GB,30,0,15,300,SPORT_DEAD
I_sport,sport.running-route,DURABLE,running routes lisbon,en-GB,10,,,,SPORT_DEAD
