family,axis,market,keyword,volume,kd,cpc_cents,pattern,feed_required,verdict
move.visa-country,F_move,en-GB,biometric residence permit,12000,0,30,entity-rule,none,HARVESTED_HEAD
move.visa-country,F_move,en-GB,work visa uk,7100,28,60,visa-country,none,HARVESTED_HEAD
move.visa-country,F_move,en-GB,work permit,3700,10,60,visa-generic,none,HARVESTED_HEAD
move.visa-country,F_move,en-GB,uk work visa,3500,29,80,visa-country,none,HARVESTED_HEAD
move.visa-country,F_move,en-GB,digital nomad visa,3300,12,40,visa-generic,none,HARVESTED_HEAD
move.visa-country,F_move,en-GB,residence permit uk,2700,10,50,visa-country,none,HARVESTED_HEAD
move.visa-country,F_move,en-GB,uk work permit,2500,33,60,visa-country,none,HARVESTED_HEAD
move.visa-country,F_move,en-GB,residence permit,2400,0,80,visa-generic,none,HARVESTED_HEAD
move.visa-country,F_move,en-GB,uk residence permit,1900,12,50,visa-country,none,HARVESTED_HEAD
move.visa-country,F_move,en-GB,digital nomad visa spain,1800,24,60,visa-country,none,HARVESTED_TAIL
move.visa-country,F_move,en-GB,work permit uk,1300,0,60,visa-country,none,HARVESTED_TAIL
move.visa-country,F_move,en-GB,spain digital nomad visa,1100,0,60,visa-country,none,HARVESTED_TAIL
move.visa-country,F_move,en-GB,australia work visa,1000,24,70,visa-country,none,HARVESTED_TAIL
move.visa-country,F_move,en-GB,work visa,900,26,80,visa-generic,none,HARVESTED_TAIL
move.visa-country,F_move,en-GB,work visa australia,800,9,80,visa-country,none,HARVESTED_TAIL
move.visa-country,F_move,en-GB,skilled work visa,600,0,170,visa-type,none,HARVESTED_TAIL
move.visa-country,F_move,en-GB,new zealand work visa,600,62,40,visa-country,none,HARVESTED_TAIL
move.visa-country,F_move,en-GB,canada work visa,600,0,80,visa-country,none,HARVESTED_TAIL
move.visa-country,F_move,en-GB,what is a biometric residence permit,600,0,8,visa-question,none,HARVESTED_TAIL
move.visa-country,F_move,en-GB,australian work visa,600,20,80,visa-country,none,HARVESTED_TAIL
move.visa-country,F_move,en-GB,post study work visa uk,600,0,30,visa-type-country,none,HARVESTED_TAIL
move.visa-country,F_move,en-GB,what is a work permit,600,0,20,visa-question,none,HARVESTED_TAIL
move.visa-country,F_move,en-GB,post study work visa,500,30,20,visa-type,none,HARVESTED_TAIL
move.visa-country,F_move,en-GB,what is a residence permit,500,38,,visa-question,none,HARVESTED_TAIL
move.visa-country,F_move,en-GB,portugal digital nomad visa,500,21,40,visa-country,none,HARVESTED_TAIL
move.visa-country,F_move,en-GB,work visa usa,500,0,90,visa-country,none,HARVESTED_TAIL
move.visa-country,F_move,en-GB,work permit visa uk,500,22,50,visa-country,none,HARVESTED_TAIL
move.visa-country,F_move,en-GB,digital nomad visa portugal,450,22,40,visa-country,none,HARVESTED_TAIL
move.visa-country,F_move,en-GB,us work visa,450,45,90,visa-country,none,HARVESTED_TAIL
move.visa-country,F_move,en-GB,temporary work visa uk,400,29,60,visa-type-country,none,HARVESTED_TAIL
move.visa-country,F_move,en-GB,uk biometric residence permit,400,0,50,visa-country,none,HARVESTED_TAIL
move.visa-country,F_move,en-GB,australia work visa requirements,350,25,60,visa-country-req,none,HARVESTED_TAIL
move.visa-country,F_move,en-GB,skilled work visa uk,350,30,90,visa-type-country,none,HARVESTED_TAIL
move.visa-country,F_move,en-GB,how to get work permit for uk without job offer,350,4,30,visa-question,none,HARVESTED_TAIL
move.visa-country,F_move,en-GB,thailand digital nomad visa,300,14,30,visa-country,none,HARVESTED_TAIL
move.visa-country,F_move,en-GB,uk work permit visa requirements,300,29,80,visa-country-req,none,HARVESTED_TAIL
move.visa-country,F_move,en-GB,biometric residence permit uk,300,1,9,visa-country,none,HARVESTED_TAIL
move.visa-country,F_move,en-GB,uk work visa requirements,300,27,60,visa-country-req,none,HARVESTED_TAIL
move.visa-country,F_move,en-GB,spanish digital nomad visa,300,5,80,visa-country,none,HARVESTED_TAIL
transport.node-route-and-hotels,H_transport,en-GB,dublin airport to city centre,4400,0,15,airport-to-centre,none,HARVESTED_HEAD
transport.node-route-and-hotels,H_transport,en-GB,airport transfer,3600,64,90,transfer-generic,none,HARVESTED_HEAD
transport.node-route-and-hotels,H_transport,en-GB,hotels near manchester airport,3400,0,100,hotels-near-airport,none,HARVESTED_HEAD
transport.node-route-and-hotels,H_transport,en-GB,hotels near gatwick airport,3200,0,120,hotels-near-airport,none,HARVESTED_HEAD
transport.node-route-and-hotels,H_transport,en-GB,krakow airport to city centre,2700,0,30,airport-to-centre,none,HARVESTED_HEAD
transport.node-route-and-hotels,H_transport,en-GB,hotels near bristol airport,2600,1,80,hotels-near-airport,none,HARVESTED_HEAD
transport.node-route-and-hotels,H_transport,en-GB,airport taxi transfer,2300,52,120,transfer-generic,none,HARVESTED_HEAD
transport.node-route-and-hotels,H_transport,en-GB,hotels near heathrow airport,2200,0,110,hotels-near-airport,none,HARVESTED_HEAD
transport.node-route-and-hotels,H_transport,en-GB,hotels near stansted airport,2200,0,70,hotels-near-airport,none,HARVESTED_HEAD
transport.node-route-and-hotels,H_transport,en-GB,prague airport to city centre,2200,1,10,airport-to-centre,none,HARVESTED_HEAD
transport.node-route-and-hotels,H_transport,en-GB,budapest airport to city centre,2000,2,30,airport-to-centre,none,HARVESTED_HEAD
transport.node-route-and-hotels,H_transport,en-GB,edinburgh airport to city centre,1800,39,7,airport-to-centre,none,HARVESTED_HEAD
transport.node-route-and-hotels,H_transport,en-GB,berlin airport to city centre,1600,13,8,airport-to-centre,none,HARVESTED_HEAD
transport.node-route-and-hotels,H_transport,en-GB,hotels near birmingham airport,1600,3,100,hotels-near-airport,none,HARVESTED_HEAD
transport.node-route-and-hotels,H_transport,en-GB,hotels near edinburgh airport,1600,3,70,hotels-near-airport,none,HARVESTED_HEAD
transport.node-route-and-hotels,H_transport,en-GB,antalya airport transfer,1300,44,100,airport-transfer-node,none,HARVESTED_TAIL
transport.node-route-and-hotels,H_transport,en-GB,amsterdam airport to city centre,1300,2,5,airport-to-centre,none,HARVESTED_TAIL
transport.node-route-and-hotels,H_transport,en-GB,hotels near luton airport,1200,4,110,hotels-near-airport,none,HARVESTED_TAIL
transport.node-route-and-hotels,H_transport,en-GB,vienna airport to city centre,1200,24,15,airport-to-centre,none,HARVESTED_TAIL
transport.node-route-and-hotels,H_transport,en-GB,belfast airport to city centre,1200,0,7,airport-to-centre,none,HARVESTED_TAIL
transport.node-route-and-hotels,H_transport,en-GB,glasgow airport to city centre,1000,0,40,airport-to-centre,none,HARVESTED_TAIL
transport.node-route-and-hotels,H_transport,en-GB,malaga airport to city centre,1000,0,7,airport-to-centre,none,HARVESTED_TAIL
transport.node-route-and-hotels,H_transport,en-GB,rome ciampino airport to city centre,1000,3,25,airport-to-centre,none,HARVESTED_TAIL
transport.node-route-and-hotels,H_transport,en-GB,copenhagen airport to city centre,900,0,25,airport-to-centre,none,HARVESTED_TAIL
transport.node-route-and-hotels,H_transport,en-GB,belfast international airport to belfast city centre,900,4,7,airport-to-centre,none,HARVESTED_TAIL
transport.node-route-and-hotels,H_transport,en-GB,gdansk airport to city centre,900,50,9,airport-to-centre,none,HARVESTED_TAIL
transport.node-route-and-hotels,H_transport,en-GB,barcelona airport to city centre,900,0,7,airport-to-centre,none,HARVESTED_TAIL
transport.node-route-and-hotels,H_transport,en-GB,hotels near dublin airport,800,51,90,hotels-near-airport,none,HARVESTED_TAIL
transport.node-route-and-hotels,H_transport,en-GB,how to get from dublin airport to city centre,800,22,15,airport-to-centre-question,none,HARVESTED_TAIL
transport.node-route-and-hotels,H_transport,en-GB,seville airport to city centre,800,0,15,airport-to-centre,none,HARVESTED_TAIL
transport.node-route-and-hotels,H_transport,en-GB,hotels near east midlands airport,800,0,60,hotels-near-airport,none,HARVESTED_TAIL
transport.node-route-and-hotels,H_transport,en-GB,istanbul airport transfer,800,0,140,airport-transfer-node,none,HARVESTED_TAIL
transport.node-route-and-hotels,H_transport,en-GB,brussels airport to city centre,700,9,8,airport-to-centre,none,HARVESTED_TAIL
transport.node-route-and-hotels,H_transport,en-GB,cologne airport to city centre,700,0,5,airport-to-centre,none,HARVESTED_TAIL
transport.node-route-and-hotels,H_transport,en-GB,hotels near glasgow airport,700,3,100,hotels-near-airport,none,HARVESTED_TAIL
transport.node-route-and-hotels,H_transport,en-GB,hotels near newcastle airport,700,21,90,hotels-near-airport,none,HARVESTED_TAIL
transport.node-route-and-hotels,H_transport,en-GB,milan bergamo airport to city centre,700,6,30,airport-to-centre,none,HARVESTED_TAIL
transport.node-route-and-hotels,H_transport,en-GB,hotels near leeds bradford airport,700,0,80,hotels-near-airport,none,HARVESTED_TAIL
transport.node-route-and-hotels,H_transport,en-GB,lisbon airport to city centre,700,0,15,airport-to-centre,none,HARVESTED_TAIL
transport.node-route-and-hotels,H_transport,en-GB,porto airport to city centre,600,0,15,airport-to-centre,none,HARVESTED_TAIL
transport.node-route-and-hotels,H_transport,en-GB,bus from dublin airport to city centre,600,0,20,airport-to-centre-mode,none,HARVESTED_TAIL
transport.node-route-and-hotels,H_transport,en-GB,london airport transfer,600,42,170,airport-transfer-node,none,HARVESTED_TAIL
transport.node-route-and-hotels,H_transport,en-GB,marrakech airport transfer,600,0,80,airport-transfer-node,none,HARVESTED_TAIL
transport.node-route-and-hotels,H_transport,en-GB,dubai airport transfer,600,0,130,airport-transfer-node,none,HARVESTED_TAIL
transport.node-route-and-hotels,H_transport,en-GB,naples airport to city centre,600,1,8,airport-to-centre,none,HARVESTED_TAIL
transport.node-route-and-hotels,H_transport,en-GB,wroclaw airport to city centre,600,0,8,airport-to-centre,none,HARVESTED_TAIL
transport.node-route-and-hotels,H_transport,en-GB,how to get from prague airport to city centre,600,0,8,airport-to-centre-question,none,HARVESTED_TAIL
transport.node-route-and-hotels,H_transport,en-GB,alicante airport to city centre,600,7,10,airport-to-centre,none,HARVESTED_TAIL
transport.node-route-and-hotels,H_transport,en-GB,hotels near liverpool airport,500,13,70,hotels-near-airport,none,HARVESTED_TAIL
transport.node-route-and-hotels,H_transport,en-GB,geneva airport to city centre,500,0,8,airport-to-centre,none,HARVESTED_TAIL
transport.node-route-and-hotels,H_transport,en-GB,verona airport to city centre,500,0,3,airport-to-centre,none,HARVESTED_TAIL
transport.node-route-and-hotels,H_transport,en-GB,manchester airport to city centre,500,0,10,airport-to-centre,none,HARVESTED_TAIL
transport.node-route-and-hotels,H_transport,en-GB,hotels near london city airport,500,93,80,hotels-near-airport,none,HARVESTED_TAIL
transport.node-route-and-hotels,H_transport,en-GB,gatwick airport transfer,450,26,120,airport-transfer-node,none,HARVESTED_TAIL
transport.node-route-and-hotels,H_transport,en-GB,krakow airport transfer,450,1,130,airport-transfer-node,none,HARVESTED_TAIL
transport.node-route-and-hotels,H_transport,en-GB,nice airport to city centre,450,0,9,airport-to-centre,none,HARVESTED_TAIL
transport.node-route-and-hotels,H_transport,en-GB,how to get from krakow airport to city centre,450,1,25,airport-to-centre-question,none,HARVESTED_TAIL
transport.node-route-and-hotels,H_transport,en-GB,bratislava airport to city centre,450,1,15,airport-to-centre,none,HARVESTED_TAIL
transport.node-route-and-hotels,H_transport,en-GB,heathrow airport transfer,450,4,140,airport-transfer-node,none,HARVESTED_TAIL
transport.node-route-and-hotels,H_transport,en-GB,valencia airport to city centre,400,0,5,airport-to-centre,none,HARVESTED_TAIL
transport.node-route-and-hotels,H_transport,en-GB,bus from belfast international airport to city centre,400,1,5,airport-to-centre-mode,none,HARVESTED_TAIL
transport.node-route-and-hotels,H_transport,en-GB,bordeaux airport to city centre,400,4,5,airport-to-centre,none,HARVESTED_TAIL
transport.node-route-and-hotels,H_transport,en-GB,riga airport to city centre,400,1,10,airport-to-centre,none,HARVESTED_TAIL
transport.node-route-and-hotels,H_transport,en-GB,tram from edinburgh airport to city centre,400,19,7,airport-to-centre-mode,none,HARVESTED_TAIL
transport.node-route-and-hotels,H_transport,en-GB,belfast city airport to city centre,400,2,15,airport-to-centre,none,HARVESTED_TAIL
transport.node-route-and-hotels,H_transport,en-GB,hotels near bournemouth airport,400,0,50,hotels-near-airport,none,HARVESTED_TAIL
transport.node-route-and-hotels,H_transport,en-GB,how to get from edinburgh airport to city centre,400,24,6,airport-to-centre-question,none,HARVESTED_TAIL
transport.node-route-and-hotels,H_transport,en-GB,stansted airport transfer,400,2,90,airport-transfer-node,none,HARVESTED_TAIL
places.city-category,B_places,en-GB,rooftop bar london,5400,0,30,category-city,none,HARVESTED_HEAD
places.city-category,B_places,en-GB,vegan restaurants london,4100,42,15,category-city,none,HARVESTED_HEAD
places.city-category,B_places,en-GB,london bridge rooftop bar,3300,0,35,category-area,none,HARVESTED_HEAD
places.city-category,B_places,en-GB,best vegan restaurants london,2500,6,15,category-city-best,none,HARVESTED_HEAD
places.city-category,B_places,en-GB,coworking space cardiff,1800,28,150,category-city,none,HARVESTED_HEAD
places.city-category,B_places,en-GB,coworking space london,1600,35,700,category-city,none,HARVESTED_HEAD
places.city-category,B_places,en-GB,coworking space in london,1000,10,700,category-city,none,HARVESTED_TAIL
places.city-category,B_places,en-GB,coworking space birmingham,900,0,350,category-city,none,HARVESTED_TAIL
places.city-category,B_places,en-GB,rooftop bar manchester,900,0,30,category-city,none,HARVESTED_TAIL
places.city-category,B_places,en-GB,best cafes for studying,900,0,40,category-intent,none,HARVESTED_TAIL
places.city-category,B_places,en-GB,coworking space manchester,800,50,350,category-city,none,HARVESTED_TAIL
places.city-category,B_places,en-GB,vegan restaurants glasgow,800,28,20,category-city,none,HARVESTED_TAIL
places.city-category,B_places,en-GB,rooftop bar edinburgh,800,0,25,category-city,none,HARVESTED_TAIL
places.city-category,B_places,en-GB,rooftop bar glasgow,800,10,3,category-city,none,HARVESTED_TAIL
places.city-category,B_places,en-GB,coworking space edinburgh,800,23,200,category-city,none,HARVESTED_TAIL
places.city-category,B_places,en-GB,coworking space liverpool,700,26,350,category-city,none,HARVESTED_TAIL
places.city-category,B_places,en-GB,vegan restaurants edinburgh,700,37,15,category-city,none,HARVESTED_TAIL
places.city-category,B_places,en-GB,best cafes in london,700,0,25,category-city-best,none,HARVESTED_TAIL
places.city-category,B_places,en-GB,rooftop bar liverpool,700,6,20,category-city,none,HARVESTED_TAIL
places.city-category,B_places,en-GB,rooftop bar covent garden,700,25,35,category-area,none,HARVESTED_TAIL
places.city-category,B_places,en-GB,coworking space oxford,700,0,250,category-city,none,HARVESTED_TAIL
places.city-category,B_places,en-GB,coworking space leeds,700,1,250,category-city,none,HARVESTED_TAIL
places.city-category,B_places,en-GB,vegan restaurants manchester,700,0,25,category-city,none,HARVESTED_TAIL
places.city-category,B_places,en-GB,coworking space brighton,600,0,200,category-city,none,HARVESTED_TAIL
places.city-category,B_places,en-GB,coworking space bristol,600,0,300,category-city,none,HARVESTED_TAIL
places.city-category,B_places,en-GB,coworking space cambridge,600,39,250,category-city,none,HARVESTED_TAIL
places.city-category,B_places,en-GB,rooftop bar soho,600,10,35,category-area,none,HARVESTED_TAIL
places.city-category,B_places,en-GB,vegan restaurants bristol,500,23,15,category-city,none,HARVESTED_TAIL
places.city-category,B_places,en-GB,vegan restaurants brighton,500,0,7,category-city,none,HARVESTED_TAIL
places.city-category,B_places,en-GB,coworking space central london,500,3,600,category-area,none,HARVESTED_TAIL
places.city-category,B_places,en-GB,rooftop bar leeds,500,28,1,category-city,none,HARVESTED_TAIL
places.city-category,B_places,en-GB,rooftop bar shoreditch,500,46,40,category-area,none,HARVESTED_TAIL
places.city-category,B_places,en-GB,coworking space east london,450,44,450,category-area,none,HARVESTED_TAIL
places.city-category,B_places,en-GB,coworking space nottingham,450,6,450,category-city,none,HARVESTED_TAIL
places.city-category,B_places,en-GB,best cafes london,400,2,45,category-city-best,none,HARVESTED_TAIL
jobs.role-city-and-category-city,E_jobs,de-DE,minijob in der nähe,50000,0,15,category-proximity,jobs feed,HARVESTED_HEAD
jobs.role-city-and-category-city,E_jobs,de-DE,minijob,48000,34,20,category-generic,jobs feed,HARVESTED_HEAD
jobs.role-city-and-category-city,E_jobs,de-DE,jobs in der nähe,36000,0,20,category-proximity,jobs feed,HARVESTED_HEAD
jobs.role-city-and-category-city,E_jobs,de-DE,homeoffice jobs,28000,0,25,category-generic,jobs feed,HARVESTED_HEAD
jobs.role-city-and-category-city,E_jobs,de-DE,stellenangebote in der nähe,27000,70,15,category-proximity,jobs feed,HARVESTED_HEAD
jobs.role-city-and-category-city,E_jobs,de-DE,home office jobs,27000,0,25,category-generic,jobs feed,HARVESTED_HEAD
jobs.role-city-and-category-city,E_jobs,de-DE,social media jobs,23000,0,20,role-category,jobs feed,HARVESTED_HEAD
jobs.role-city-and-category-city,E_jobs,de-DE,freelance jobs,22000,5,35,category-generic,jobs feed,HARVESTED_HEAD
jobs.role-city-and-category-city,E_jobs,de-DE,part time jobs near me,22000,0,60,category-proximity,jobs feed,HARVESTED_HEAD
jobs.role-city-and-category-city,E_jobs,de-DE,minijob berlin,21000,0,25,category-city,jobs feed,HARVESTED_HEAD
jobs.role-city-and-category-city,E_jobs,de-DE,sales jobs,19000,0,70,role-category,jobs feed,HARVESTED_HEAD
jobs.role-city-and-category-city,E_jobs,de-DE,marketing jobs,18000,0,25,role-category,jobs feed,HARVESTED_HEAD
jobs.role-city-and-category-city,E_jobs,de-DE,work from home jobs,17000,0,45,category-generic,jobs feed,HARVESTED_HEAD
jobs.role-city-and-category-city,E_jobs,de-DE,customer service jobs,17000,0,30,role-category,jobs feed,HARVESTED_HEAD
jobs.role-city-and-category-city,E_jobs,de-DE,jobs near me,16000,0,50,category-proximity,jobs feed,HARVESTED_HEAD
jobs.role-city-and-category-city,E_jobs,de-DE,engineering jobs,16000,0,70,role-category,jobs feed,HARVESTED_HEAD
jobs.role-city-and-category-city,E_jobs,de-DE,jobs berlin,16000,37,35,category-city,jobs feed,HARVESTED_HEAD
jobs.role-city-and-category-city,E_jobs,de-DE,quereinsteiger jobs,16000,0,25,category-generic,jobs feed,HARVESTED_HEAD
jobs.role-city-and-category-city,E_jobs,de-DE,jobs beim staat,16000,64,20,category-sector,jobs feed,HARVESTED_HEAD
jobs.role-city-and-category-city,E_jobs,de-DE,minijob münchen,13000,0,20,category-city,jobs feed,HARVESTED_HEAD
jobs.role-city-and-category-city,E_jobs,de-DE,minijob hamburg,13000,0,20,category-city,jobs feed,HARVESTED_HEAD
jobs.role-city-and-category-city,E_jobs,de-DE,home office jobs quereinsteiger,13000,0,30,category-modifier,jobs feed,HARVESTED_HEAD
jobs.role-city-and-category-city,E_jobs,de-DE,minijob home office,12000,0,20,category-modifier,jobs feed,HARVESTED_HEAD
jobs.role-city-and-category-city,E_jobs,de-DE,remote jobs quereinsteiger,10000,0,25,category-modifier,jobs feed,HARVESTED_TAIL
jobs.role-city-and-category-city,E_jobs,de-DE,minijob köln,10000,0,20,category-city,jobs feed,HARVESTED_TAIL
jobs.role-city-and-category-city,E_jobs,de-DE,jobs hamburg,9800,7,35,category-city,jobs feed,HARVESTED_TAIL
jobs.role-city-and-category-city,E_jobs,de-DE,minijob nürnberg,9300,0,20,category-city,jobs feed,HARVESTED_TAIL
jobs.role-city-and-category-city,E_jobs,de-DE,quereinsteiger jobs in der nähe,9100,0,20,category-proximity,jobs feed,HARVESTED_TAIL
jobs.role-city-and-category-city,E_jobs,de-DE,mfa stellenangebote,8800,0,25,role-category,jobs feed,HARVESTED_TAIL
jobs.role-city-and-category-city,E_jobs,de-DE,minijob hannover,8600,0,15,category-city,jobs feed,HARVESTED_TAIL
jobs.role-city-and-category-city,E_jobs,de-DE,homeoffice minijob,8500,0,20,category-modifier,jobs feed,HARVESTED_TAIL
jobs.role-city-and-category-city,E_jobs,de-DE,minijob homeoffice,8100,0,20,category-modifier,jobs feed,HARVESTED_TAIL
jobs.role-city-and-category-city,E_jobs,de-DE,government jobs,8100,0,20,category-sector,jobs feed,HARVESTED_TAIL
jobs.role-city-and-category-city,E_jobs,de-DE,jobs münchen,8000,5,35,category-city,jobs feed,HARVESTED_TAIL
jobs.role-city-and-category-city,E_jobs,de-DE,minijob remote,7800,0,15,category-modifier,jobs feed,HARVESTED_TAIL
jobs.role-city-and-category-city,E_jobs,de-DE,jobs leipzig,7700,2,25,category-city,jobs feed,HARVESTED_TAIL
jobs.role-city-and-category-city,E_jobs,de-DE,minijob bremen,7600,0,20,category-city,jobs feed,HARVESTED_TAIL
jobs.role-city-and-category-city,E_jobs,de-DE,homeoffice jobs quereinsteiger,7000,0,30,category-modifier,jobs feed,HARVESTED_TAIL
jobs.role-city-and-category-city,E_jobs,de-DE,minijob leipzig,7000,0,15,category-city,jobs feed,HARVESTED_TAIL
jobs.role-city-and-category-city,E_jobs,de-DE,minijob dortmund,6900,0,20,category-city,jobs feed,HARVESTED_TAIL
jobs.role-city-and-category-city,E_jobs,de-DE,minijob frankfurt,6700,0,20,category-city,jobs feed,HARVESTED_TAIL
jobs.role-city-and-category-city,E_jobs,de-DE,teilzeit jobs in der nähe,6500,0,15,category-proximity,jobs feed,HARVESTED_TAIL
jobs.role-city-and-category-city,E_jobs,de-DE,minijob stuttgart,6400,0,15,category-city,jobs feed,HARVESTED_TAIL
jobs.role-city-and-category-city,E_jobs,de-DE,part time jobs,6200,0,60,category-generic,jobs feed,HARVESTED_TAIL
jobs.role-city-and-category-city,E_jobs,de-DE,minijob düsseldorf,6100,0,20,category-city,jobs feed,HARVESTED_TAIL
jobs.rules-durable,E_jobs,de-DE,minijob grenze 2026,48000,5,1,rule-year,none,HARVESTED_HEAD_NO_FEED
jobs.rules-durable,E_jobs,de-DE,minijob grenze,43000,0,2,rule-generic,none,HARVESTED_HEAD_NO_FEED
jobs.rules-durable,E_jobs,de-DE,minijob grenze 2025,38000,0,8,rule-year,none,HARVESTED_HEAD_NO_FEED
jobs.rules-durable,E_jobs,de-DE,minijob 2026,22000,14,6,rule-year,none,HARVESTED_HEAD_NO_FEED
jobs.rules-durable,E_jobs,de-DE,minijob gehalt,13000,24,1,rule-pay,none,HARVESTED_HEAD_NO_FEED
jobs.rules-durable,E_jobs,de-DE,minijob erhöhung auf 600 euro ab wann,9900,8,7,rule-change,none,HARVESTED_TAIL_NO_FEED
jobs.rules-durable,E_jobs,de-DE,minijob 2025,9200,3,10,rule-year,none,HARVESTED_TAIL_NO_FEED
jobs.rules-durable,E_jobs,de-DE,minijob wie viele stunden,6200,18,1,rule-hours,none,HARVESTED_TAIL_NO_FEED
jobs.rules-durable,E_jobs,de-DE,kündigungsfrist minijob,6000,0,1,rule-notice,none,HARVESTED_TAIL_NO_FEED
jobs.employer-city,E_jobs,de-DE,indeed jobs,46000,0,20,brand-aggregator,jobs feed,HARVESTED_BRAND_EXCLUDE
jobs.employer-city,E_jobs,de-DE,amazon jobs,20000,0,45,employer,jobs feed,HARVESTED_BRAND_EXCLUDE
jobs.employer-city,E_jobs,de-DE,lidl jobs,18000,0,10,employer,jobs feed,HARVESTED_BRAND_EXCLUDE
jobs.employer-city,E_jobs,de-DE,dm jobs,15000,0,10,employer,jobs feed,HARVESTED_BRAND_EXCLUDE
jobs.employer-city,E_jobs,de-DE,db jobs,14000,0,20,employer,jobs feed,HARVESTED_BRAND_EXCLUDE
jobs.employer-city,E_jobs,de-DE,siemens jobs,13000,5,20,employer,jobs feed,HARVESTED_BRAND_EXCLUDE
jobs.employer-city,E_jobs,de-DE,rossmann jobs,9400,0,30,employer,jobs feed,HARVESTED_BRAND_EXCLUDE
jobs.employer-city,E_jobs,de-DE,porsche jobs,8400,0,15,employer,jobs feed,HARVESTED_BRAND_EXCLUDE
jobs.employer-city,E_jobs,de-DE,deutsche bahn jobs,7800,0,15,employer,jobs feed,HARVESTED_BRAND_EXCLUDE
jobs.employer-city,E_jobs,de-DE,rewe jobs,6800,30,35,employer,jobs feed,HARVESTED_BRAND_EXCLUDE
rents.city-listings,D_stay,de-DE,wohnung mieten,60000,5,15,rent-generic,rental listings feed,HARVESTED_HEAD
rents.city-listings,D_stay,de-DE,wohnung mieten hamburg,15000,3,5,rent-city,rental listings feed,HARVESTED_HEAD
rents.city-listings,D_stay,de-DE,wohnung mieten berlin,14000,9,10,rent-city,rental listings feed,HARVESTED_HEAD
rents.city-listings,D_stay,de-DE,haus mieten,9600,0,5,rent-generic,rental listings feed,HARVESTED_HEAD
rents.city-listings,D_stay,de-DE,wohnung mieten lübeck,9000,0,1,rent-city,rental listings feed,HARVESTED_HEAD
rents.city-listings,D_stay,de-DE,wohnung mieten düsseldorf,8800,0,4,rent-city,rental listings feed,HARVESTED_HEAD
rents.city-listings,D_stay,de-DE,wohnung mieten münchen,8400,0,8,rent-city,rental listings feed,HARVESTED_HEAD
rents.city-listings,D_stay,de-DE,wohnung mieten nürnberg,8300,0,2,rent-city,rental listings feed,HARVESTED_HEAD
rents.city-listings,D_stay,de-DE,wohnung mieten frankfurt,8000,1,5,rent-city,rental listings feed,HARVESTED_HEAD
rents.city-listings,D_stay,de-DE,wohnung mieten leipzig,7400,3,2,rent-city,rental listings feed,HARVESTED_HEAD
rents.city-listings,D_stay,de-DE,wohnung mieten dortmund,7000,0,2,rent-city,rental listings feed,HARVESTED_HEAD
rents.city-listings,D_stay,de-DE,wohnung mieten kiel,6800,0,1,rent-city,rental listings feed,HARVESTED_HEAD
rents.city-listings,D_stay,de-DE,wohnung mieten hannover,6800,1,4,rent-city,rental listings feed,HARVESTED_HEAD
rents.city-listings,D_stay,de-DE,wohnung mieten münster,6200,1,2,rent-city,rental listings feed,HARVESTED_HEAD
rents.city-listings,D_stay,de-DE,wohnung mieten regensburg,6100,0,2,rent-city,rental listings feed,HARVESTED_HEAD
rents.city-listings,D_stay,de-DE,wohnung mieten in der nähe,6100,4,2,rent-proximity,rental listings feed,HARVESTED_HEAD
rents.city-listings,D_stay,de-DE,wohnung mieten trier,5800,0,1,rent-city,rental listings feed,HARVESTED_HEAD
rents.city-listings,D_stay,de-DE,wohnung mieten stuttgart,5400,2,2,rent-city,rental listings feed,HARVESTED_HEAD
rents.city-listings,D_stay,de-DE,wohnung mieten kassel,5200,0,1,rent-city,rental listings feed,HARVESTED_HEAD
rents.city-listings,D_stay,de-DE,wohnung mieten karlsruhe,5100,0,2,rent-city,rental listings feed,HARVESTED_HEAD
rents.city-listings,D_stay,de-DE,wohnung mieten augsburg,5000,0,2,rent-city,rental listings feed,HARVESTED_HEAD
rents.city-listings,D_stay,de-DE,wohnung mieten dresden,5000,2,1,rent-city,rental listings feed,HARVESTED_HEAD
rents.city-listings,D_stay,de-DE,wohnung mieten oldenburg,4600,0,1,rent-city,rental listings feed,HARVESTED_TAIL
rents.city-listings,D_stay,de-DE,wohnung mieten köln,4600,2,5,rent-city,rental listings feed,HARVESTED_TAIL
rents.city-listings,D_stay,de-DE,wohnung mieten bonn,4600,0,2,rent-city,rental listings feed,HARVESTED_TAIL
rents.city-listings,D_stay,de-DE,wohnung mieten bremen,4400,0,2,rent-city,rental listings feed,HARVESTED_TAIL
rents.city-listings,D_stay,de-DE,wohnung mieten konstanz,4300,0,2,rent-city,rental listings feed,HARVESTED_TAIL
rents.city-listings,D_stay,de-DE,wohnung mieten würzburg,4200,0,1,rent-city,rental listings feed,HARVESTED_TAIL
rents.city-listings,D_stay,de-DE,wohnung mieten osnabrück,4000,0,1,rent-city,rental listings feed,HARVESTED_TAIL
rents.city-listings,D_stay,de-DE,wohnung mieten bamberg,4000,0,1,rent-city,rental listings feed,HARVESTED_TAIL
rents.city-listings,D_stay,de-DE,wohnung mieten wuppertal,4000,2,2,rent-city,rental listings feed,HARVESTED_TAIL
rents.city-listings,D_stay,de-DE,wohnung mieten rostock,3900,0,1,rent-city,rental listings feed,HARVESTED_TAIL
rents.city-listings,D_stay,de-DE,wohnung mieten bielefeld,3900,0,1,rent-city,rental listings feed,HARVESTED_TAIL
rents.city-listings,D_stay,de-DE,wohnung mieten hamm,3700,0,1,rent-city,rental listings feed,HARVESTED_TAIL
rents.city-listings,D_stay,de-DE,wohnung mieten landshut,3500,0,1,rent-city,rental listings feed,HARVESTED_TAIL
rents.city-listings,D_stay,de-DE,wohnung mieten heidelberg,3500,0,2,rent-city,rental listings feed,HARVESTED_TAIL
rents.city-listings,D_stay,de-DE,wohnung mieten saarbrücken,3400,0,1,rent-city,rental listings feed,HARVESTED_TAIL
rents.city-listings,D_stay,de-DE,wohnung mieten bochum,3300,0,2,rent-city,rental listings feed,HARVESTED_TAIL
rents.city-listings,D_stay,de-DE,wohnung mieten paderborn,3300,0,1,rent-city,rental listings feed,HARVESTED_TAIL
rents.city-listings,D_stay,de-DE,wohnung mieten mönchengladbach,3300,1,1,rent-city,rental listings feed,HARVESTED_TAIL
rents.city-listings,D_stay,de-DE,wohnung mieten bremerhaven,3300,0,1,rent-city,rental listings feed,HARVESTED_TAIL
rents.city-listings,D_stay,de-DE,wohnung mieten erfurt,3200,0,1,rent-city,rental listings feed,HARVESTED_TAIL
rents.city-listings,D_stay,de-DE,wohnung mieten koblenz,3100,0,1,rent-city,rental listings feed,HARVESTED_TAIL
rents.city-listings,D_stay,de-DE,wohnung mieten freiburg,3100,0,3,rent-city,rental listings feed,HARVESTED_TAIL
rents.city-listings,D_stay,de-DE,wohnung mieten wiesbaden,3100,0,1,rent-city,rental listings feed,HARVESTED_TAIL
rents.city-listings,D_stay,de-DE,wohnung mieten rosenheim,3000,0,2,rent-city,rental listings feed,HARVESTED_TAIL
rents.city-listings,D_stay,de-DE,wohnung mieten erlangen,3000,0,1,rent-city,rental listings feed,HARVESTED_TAIL
rents.city-listings,D_stay,de-DE,wohnung mieten soest,2900,0,1,rent-city,rental listings feed,HARVESTED_TAIL
rents.city-listings,D_stay,de-DE,wohnung mieten gütersloh,2900,0,1,rent-city,rental listings feed,HARVESTED_TAIL
rents.city-listings,D_stay,de-DE,wohnung mieten bayreuth,2900,0,1,rent-city,rental listings feed,HARVESTED_TAIL
rents.city-listings,D_stay,de-DE,wohnung mieten bocholt,2800,0,1,rent-city,rental listings feed,HARVESTED_TAIL
rents.city-listings,D_stay,de-DE,wohnung mieten passau,2800,0,1,rent-city,rental listings feed,HARVESTED_TAIL
rents.city-listings,D_stay,de-DE,wohnung mieten ingolstadt,2800,0,1,rent-city,rental listings feed,HARVESTED_TAIL
rents.city-listings,D_stay,de-DE,wohnung mieten lüneburg,2800,0,1,rent-city,rental listings feed,HARVESTED_TAIL
rents.city-listings,D_stay,de-DE,wohnung mieten detmold,2800,0,1,rent-city,rental listings feed,HARVESTED_TAIL
rents.city-listings,D_stay,de-DE,wohnung mieten cuxhaven,2800,0,1,rent-city,rental listings feed,HARVESTED_TAIL
rents.city-listings,D_stay,de-DE,wohnung mieten fürth,2800,0,1,rent-city,rental listings feed,HARVESTED_TAIL
rents.city-listings,D_stay,de-DE,wohnung mieten kempten,2700,0,1,rent-city,rental listings feed,HARVESTED_TAIL
rents.city-listings,D_stay,de-DE,wohnung mieten mainz,2700,0,1,rent-city,rental listings feed,HARVESTED_TAIL
rents.city-listings,D_stay,de-DE,wohnung mieten ulm,2700,0,1,rent-city,rental listings feed,HARVESTED_TAIL
rents.city-listings,D_stay,de-DE,wohnung mieten braunschweig,2600,1,1,rent-city,rental listings feed,HARVESTED_TAIL
rents.city-listings,D_stay,de-DE,wohnung mieten essen,2600,0,2,rent-city,rental listings feed,HARVESTED_TAIL
rents.city-listings,D_stay,de-DE,wohnung mieten oberhausen,2600,0,1,rent-city,rental listings feed,HARVESTED_TAIL
rents.city-listings,D_stay,de-DE,wohnung mieten lippstadt,2600,0,1,rent-city,rental listings feed,HARVESTED_TAIL
rents.city-listings,D_stay,de-DE,wohnung mieten aachen,2600,0,2,rent-city,rental listings feed,HARVESTED_TAIL
rents.city-listings,D_stay,de-DE,wohnung mieten duisburg,2500,1,1,rent-city,rental listings feed,HARVESTED_TAIL
rents.city-listings,D_stay,de-DE,wohnung mieten krefeld,2400,0,1,rent-city,rental listings feed,HARVESTED_TAIL
rents.city-listings,D_stay,de-DE,wohnung mieten düren,2400,0,1,rent-city,rental listings feed,HARVESTED_TAIL
rents.city-listings,D_stay,de-DE,wohnung mieten leverkusen,2400,0,1,rent-city,rental listings feed,HARVESTED_TAIL
rents.city-listings,D_stay,de-DE,wohnung mieten mannheim,2300,0,2,rent-city,rental listings feed,HARVESTED_TAIL
rents.city-listings,D_stay,de-DE,wohnung mieten schweinfurt,2300,0,1,rent-city,rental listings feed,HARVESTED_TAIL
rents.city-listings,D_stay,de-DE,wohnung mieten elmshorn,2300,0,1,rent-city,rental listings feed,HARVESTED_TAIL
rents.city-listings,D_stay,de-DE,wohnung mieten potsdam,2300,0,2,rent-city,rental listings feed,HARVESTED_TAIL
rents.city-listings,D_stay,de-DE,wohnung mieten schwerin,2300,1,1,rent-city,rental listings feed,HARVESTED_TAIL
rents.city-listings,D_stay,de-DE,wohnung mieten hildesheim,2300,0,1,rent-city,rental listings feed,HARVESTED_TAIL
rents.city-listings,D_stay,de-DE,haus mieten hamburg,2300,0,5,rent-house-city,rental listings feed,HARVESTED_TAIL
