market,keywords,live_primary,live_secondary,esim,entity_head,listing_head,durable_head,candidate_head,promising,experiment_only,blocked_data,blocked_licence,reject,measured_with_ahrefs,max_volume,median_volume,total_volume,serp_class,indexable_yes,data_source_required,families_present,languages
en-US,1326,100,25,0,0,0,129,63,974,0,9,1,14,118,611880,2200,4448914,OPEN|LISTING_INVENTORY_REQUIRED|OPEN_BUT_SOURCE_BLOCKED|SERP_FEATURE_SUPPRESSED|AGGREGATOR_LOCKED,1304,rental listings feed|licensed event feed|source missing|property listings feed|jobs feed,50,en
de-DE,1111,72,22,0,0,0,117,55,642,0,5,1,40,294,333644,2005,3939564,OPEN|SERP_FEATURE_SUPPRESSED|OPEN_BUT_SOURCE_BLOCKED|OPEN_REQUIRES_INVENTORY|LISTING_INVENTORY_REQUIRED_VERTICAL|LISTING_INVENTORY_REQUIRED|OPEN_BUT_ECONOMICALLY_DEAD|AGGREGATOR_LOCKED,1071,property listings feed|licensed event feed|listing feed for this family|rental listings feed|jobs feed|source missing,80,de
fr-FR,844,63,15,0,0,0,69,46,595,0,7,0,17,130,627451,800,1944824,OPEN|OPEN_BUT_SOURCE_BLOCKED|LISTING_INVENTORY_REQUIRED|SERP_FEATURE_SUPPRESSED|AGGREGATOR_LOCKED,827,licensed event feed|property listings feed|rental listings feed|jobs feed|source missing,54,fr
it-IT,836,52,9,0,0,0,65,26,656,0,2,0,16,48,37000,1000,520750,OPEN|LISTING_INVENTORY_REQUIRED|AGGREGATOR_LOCKED|SERP_FEATURE_SUPPRESSED,826,licensed event feed|jobs feed,33,it
es-ES,747,64,5,0,0,0,88,33,538,0,2,0,14,47,48000,1900,680520,OPEN|LISTING_INVENTORY_REQUIRED|AGGREGATOR_LOCKED|SERP_FEATURE_SUPPRESSED,736,licensed event feed|jobs feed|rental listings feed,32,es
en-GB,733,0,108,0,40,0,183,126,92,26,31,0,127,482,380000,600,3333910,OPEN|OPEN_WINNER_TAKE_MOST_IF_NO_RESELLER|OPEN_BUT_SOURCE_BLOCKED|LISTING_INVENTORY_REQUIRED|BRAND_OWNED_PLUS_SOCIAL|SERP_FEATURE_SUPPRESSED|AGGREGATOR_LOCKED|OPEN_BUT_ECONOMICALLY_DEAD,580,OSM plus Wikidata; attraction affiliate for monetisation only|licensed event feed|property listings feed|jobs feed|rental listings feed|operator directory|OSM plus Wikidata plus opening hours|OSM plus opening hours plus menu|OSM plus operator data|timetable feed,114,en
pl-PL,679,42,16,0,0,0,15,44,495,0,2,0,29,126,254000,260,1345356,OPEN|OPEN_BUT_SOURCE_BLOCKED|LISTING_INVENTORY_REQUIRED|AGGREGATOR_LOCKED|SERP_FEATURE_SUPPRESSED,664,licensed event feed|property listings feed|jobs feed,45,pl
nl-NL,670,27,13,0,0,0,32,37,517,0,5,0,16,125,146979,500,722133,OPEN|OPEN_BUT_SOURCE_BLOCKED|LISTING_INVENTORY_REQUIRED|SERP_FEATURE_SUPPRESSED|AGGREGATOR_LOCKED,656,property listings feed|jobs feed|licensed event feed,46,nl
pt-BR,645,40,7,0,0,0,46,24,489,0,3,0,17,47,165000,900,647340,OPEN|LISTING_INVENTORY_REQUIRED|AGGREGATOR_LOCKED|SERP_FEATURE_SUPPRESSED,631,jobs feed|licensed event feed|source missing,30,pt
ja-JP,432,40,14,0,0,0,37,0,295,0,4,0,15,48,153000,3000,1303650,OPEN|LISTING_INVENTORY_REQUIRED|OPEN_BUT_SOURCE_BLOCKED|SERP_FEATURE_SUPPRESSED|AGGREGATOR_LOCKED,420,rental listings feed|jobs feed|property listings feed|source missing,28,ja
zh-Hant-TW,148,0,15,0,0,0,87,14,11,0,2,0,17,48,269000,2400,1438110,OPEN|LISTING_INVENTORY_REQUIRED|OPEN_BUT_SOURCE_BLOCKED|SERP_FEATURE_SUPPRESSED|AGGREGATOR_LOCKED,139,rental listings feed|property listings feed|jobs feed,18,zh-Hant
MULTI_MARKET,104,0,0,104,0,0,0,0,0,0,0,0,0,104,119000,2900,652670,NOT_SAMPLED,104,,30,multi
