family,axis,market,keyword,volume,kd,cpc_cents,pattern,feed_required
atlas.city-family-carried-forward,A_poi,en-US,things to do in chicago,88000,1,5,city,none
atlas.city-family-carried-forward,A_poi,en-US,things to do in san diego,55000,0,6,city,none
atlas.city-family-carried-forward,A_poi,en-US,things to do in nashville,52000,11,9,city,none
atlas.city-family-carried-forward,A_poi,en-US,best things to do in chicago,48000,0,4,city-best,none
atlas.city-family-carried-forward,A_poi,en-US,things to do in las vegas,44000,54,25,city,none
atlas.city-family-carried-forward,A_poi,en-US,things to do in orlando,42000,24,20,city,none
atlas.city-family-carried-forward,A_poi,en-US,things to do in atlanta,40000,0,10,city,none
atlas.city-family-carried-forward,A_poi,en-US,things to do in boston,40000,0,4,city,none
atlas.city-family-carried-forward,A_poi,en-US,things to do in denver,40000,19,4,city,none
atlas.city-family-carried-forward,A_poi,en-US,things to do in dallas,39000,0,6,city,none
atlas.city-family-carried-forward,A_poi,en-US,things to do in miami,39000,7,20,city,none
atlas.city-family-carried-forward,A_poi,en-US,things to do in new orleans,38000,0,20,city,none
atlas.city-family-carried-forward,A_poi,en-US,things to do in la,37000,29,5,city,none
atlas.city-family-carried-forward,A_poi,en-US,things to do in seattle,35000,12,3,city,none
atlas.city-family-carried-forward,A_poi,en-US,things to do in vegas,34000,0,20,city,none
atlas.city-family-carried-forward,A_poi,en-US,things to do in san antonio,33000,0,6,city,none
atlas.city-family-carried-forward,A_poi,en-US,things to do in houston,32000,0,7,city,none
atlas.city-family-carried-forward,A_poi,en-US,things to do in new york,31000,0,7,city,none
atlas.city-family-carried-forward,A_poi,en-US,things to do in nyc,30000,24,15,city,none
atlas.city-family-carried-forward,A_poi,en-US,things to do in san francisco,29000,0,7,city,none
atlas.city-family-carried-forward,A_poi,en-US,things to do in austin,28000,0,5,city,none
atlas.city-family-carried-forward,A_poi,en-US,things to do in charleston sc,28000,1,10,city,none
atlas.city-family-carried-forward,A_poi,en-US,things to do in tampa,26000,44,4,city,none
atlas.city-family-carried-forward,A_poi,en-US,things to do in myrtle beach,25000,3,10,city,none
atlas.city-family-carried-forward,A_poi,en-US,things to do in savannah ga,25000,1,10,city,none
atlas.city-family-carried-forward,A_poi,en-US,things to do in pigeon forge,24000,0,15,city,none
atlas.city-family-carried-forward,A_poi,en-US,things to do in london,24000,0,8,city-outbound,none
atlas.city-family-carried-forward,A_poi,en-US,things to do in colorado springs,22000,0,3,city,none
atlas.city-family-carried-forward,A_poi,en-US,things to do in charlotte nc,22000,10,3,city,none
atlas.city-family-carried-forward,A_poi,en-US,things to do in gatlinburg,22000,24,15,city,none
atlas.city-family-carried-forward,A_poi,en-US,things to do in paris,21000,0,15,city-outbound,none
atlas.city-family-carried-forward,A_poi,en-US,things to do in los angeles,21000,13,5,city,none
atlas.city-family-carried-forward,A_poi,en-US,things to do in orlando florida,20000,0,15,city,none
atlas.city-family-carried-forward,A_poi,en-US,things to do in philadelphia,20000,0,6,city,none
atlas.city-family-carried-forward,A_poi,en-US,things to do in portland,20000,1,6,city,none
atlas.city-family-carried-forward,A_poi,en-US,things to do in phoenix,20000,0,3,city,none
atlas.city-family-carried-forward,A_poi,en-US,things to do in puerto rico,19000,0,15,region,none
atlas.city-family-carried-forward,A_poi,en-US,things to do in key west,19000,2,25,city,none
atlas.city-family-carried-forward,A_poi,en-US,things to do in kansas city,18000,11,2,city,none
atlas.city-family-carried-forward,A_poi,en-US,things to do in fort lauderdale,18000,0,15,city,none
atlas.city-family-carried-forward,A_poi,en-US,things to do in tennessee,18000,8,3,region,none
atlas.city-family-carried-forward,A_poi,en-US,things to do in washington dc,18000,8,3,city,none
atlas.city-family-carried-forward,A_poi,en-US,things to do in dc,17000,2,3,city,none
atlas.city-family-carried-forward,A_poi,en-US,things to do in maui,17000,1,20,city,none
atlas.city-family-carried-forward,A_poi,en-US,things to do in branson mo,17000,5,15,city,none
atlas.city-family-carried-forward,A_poi,en-US,things to do in tokyo,17000,0,7,city-outbound,none
atlas.city-family-carried-forward,A_poi,en-US,things to do in indianapolis,17000,0,3,city,none
atlas.city-family-carried-forward,A_poi,en-US,things to do in st louis,16000,2,20,city,none
atlas.city-family-carried-forward,A_poi,en-US,things to do in salt lake city,16000,12,9,city,none
atlas.city-family-carried-forward,A_poi,en-US,things to do in sedona,16000,1,10,city,none
atlas.city-family-carried-forward,A_poi,en-US,things to do in pittsburgh,16000,0,5,city,none
atlas.city-family-carried-forward,A_poi,en-US,things to do in florida,16000,11,30,region,none
atlas.city-family-carried-forward,A_poi,en-US,things to do in toronto,16000,0,6,city-outbound,none
atlas.city-family-carried-forward,A_poi,en-US,things to do in palm springs,15000,4,9,city,none
atlas.city-family-carried-forward,A_poi,en-US,things to do in honolulu,15000,5,25,city,none
atlas.city-family-carried-forward,A_poi,en-US,things to do in portland maine,15000,0,10,city,none
atlas.city-family-carried-forward,A_poi,en-US,things to do in minneapolis,15000,11,3,city,none
atlas.city-family-carried-forward,A_poi,en-US,things to do in california,15000,0,5,region,none
atlas.city-family-carried-forward,A_poi,en-US,things to do in chattanooga,14000,6,4,city,none
atlas.city-family-carried-forward,A_poi,en-US,things to do in st augustine,14000,0,20,city,none
atlas.city-family-carried-forward,A_poi,en-US,things to do in japan,14000,0,4,country-outbound,none
atlas.city-family-carried-forward,A_poi,en-US,things to do in arizona,14000,0,5,region,none
atlas.city-family-carried-forward,A_poi,en-US,things to do in rome,14000,12,25,city-outbound,none
atlas.city-family-carried-forward,A_poi,en-US,things to do in amsterdam,14000,5,10,city-outbound,none
atlas.city-family-carried-forward,A_poi,en-US,things to do in santa barbara,14000,5,10,city,none
atlas.city-family-carried-forward,A_poi,en-US,things to do in charlotte,13000,26,4,city,none
atlas.city-family-carried-forward,A_poi,en-US,things to do in hawaii,13000,10,10,region,none
atlas.city-family-carried-forward,A_poi,en-US,things to do in portland oregon,13000,0,8,city,none
atlas.city-family-carried-forward,A_poi,en-US,things to do in columbus ohio,13000,24,3,city,none
atlas.city-family-carried-forward,A_poi,en-US,things to do in nashville tennessee,13000,0,9,city,none
atlas.city-family-carried-forward,A_poi,en-US,things to do in destin florida,13000,0,25,city,none
atlas.city-family-carried-forward,A_poi,en-US,things to do in austin texas,13000,39,3,city,none
atlas.city-family-carried-forward,A_poi,en-US,things to do in osaka,13000,6,8,city-outbound,none
atlas.city-family-carried-forward,A_poi,en-US,things to do in colorado,13000,24,9,region,none
atlas.city-family-carried-forward,A_poi,en-US,things to do in aruba,13000,0,20,country-outbound,none
atlas.city-family-carried-forward,A_poi,en-US,things to do in asheville nc,12000,3,3,city,none
atlas.city-family-carried-forward,A_poi,en-US,things to do in mexico city,12000,0,10,city-outbound,none
atlas.city-family-carried-forward,A_poi,en-US,things to do in barcelona,12000,4,20,city-outbound,none
atlas.city-family-carried-forward,A_poi,en-US,things to do in costa rica,12000,5,15,country-outbound,none
atlas.city-family-carried-forward,A_poi,en-US,things to do in cincinnati,12000,0,3,city,none
atlas.city-family-carried-forward,A_poi,en-US,things to do in montreal,12000,3,5,city-outbound,none
atlas.city-family-carried-forward,A_poi,en-US,things to do in dubai,12000,0,20,city-outbound,none
atlas.city-family-carried-forward,A_poi,en-US,things to do in phoenix arizona,11000,0,3,city,none
atlas.city-family-carried-forward,A_poi,en-US,things to do in milwaukee,11000,12,6,city,none
atlas.city-family-carried-forward,A_poi,en-US,things to do in michigan,11000,0,7,region,none
atlas.city-family-carried-forward,A_poi,en-US,things to do in maine,11000,11,7,region,none
atlas.city-family-carried-forward,A_poi,en-US,things to do in north carolina,11000,0,3,region,none
atlas.city-family-carried-forward,A_poi,en-US,things to do in louisville ky,11000,2,6,city,none
atlas.city-family-carried-forward,A_poi,en-US,things to do in galveston,11000,3,10,city,none
atlas.city-family-carried-forward,A_poi,en-US,things to do in ohio,11000,8,6,region,none
atlas.city-family-carried-forward,A_poi,en-US,things to do in albuquerque,11000,19,7,city,none
atlas.city-family-carried-forward,A_poi,en-US,things to do in sacramento,11000,7,3,city,none
atlas.city-family-carried-forward,A_poi,en-US,things to do in gatlinburg tn,11000,0,15,city,none
atlas.city-family-carried-forward,A_poi,en-US,things to do in salem ma,10000,4,20,city,none
atlas.city-family-carried-forward,A_poi,en-US,things to do in oahu,10000,0,20,city,none
atlas.city-family-carried-forward,A_poi,en-US,things to do in vancouver,10000,0,7,city-outbound,none
events.city-durable-window-concerts,C_events,en-US,things to do in chicago this weekend,14000,36,15,city-window,licensed event feed
events.city-durable-window-concerts,C_events,en-US,things to do in nyc this weekend,14000,0,40,city-window,licensed event feed
events.city-durable-window-concerts,C_events,en-US,things to do in denver this weekend,12000,26,10,city-window,licensed event feed
events.city-durable-window-concerts,C_events,en-US,things to do in dc this weekend,12000,0,25,city-window,licensed event feed
events.city-durable-window-concerts,C_events,en-US,things to do in atlanta this weekend,11000,0,20,city-window,licensed event feed
rents.city-listings,D_stay,en-US,apartments for rent,312000,4,40,rent-generic,rental listings feed
rents.city-listings,D_stay,en-US,apartments for rent near me,190000,0,40,rent-proximity,rental listings feed
rents.city-listings,D_stay,en-US,apartments near me for rent,16000,0,45,rent-proximity,rental listings feed
rents.city-listings,D_stay,en-US,apartments for rent chicago,15000,0,45,rent-city,rental listings feed
rents.city-listings,D_stay,en-US,apartments for rent los angeles,14000,45,50,rent-city,rental listings feed
rents.city-listings,D_stay,en-US,apartments for rent nyc,13000,0,25,rent-city,rental listings feed
rents.city-listings,D_stay,en-US,apartments for rent under $1000,12000,0,30,rent-price,rental listings feed
places.city-category,B_places,en-US,coworking space,13000,45,500,category-generic,none
atlas.city-family-carried-forward,A_poi,fr-FR,que faire à paris,7500,0,15,city,none
atlas.city-family-carried-forward,A_poi,fr-FR,que faire à lille,4700,2,1,city,none
atlas.city-family-carried-forward,A_poi,fr-FR,que faire à copenhague,3600,0,1,city-outbound,none
atlas.city-family-carried-forward,A_poi,fr-FR,que faire à nantes,3500,7,1,city,none
atlas.city-family-carried-forward,A_poi,fr-FR,que faire à lyon,3100,8,8,city,none
atlas.city-family-carried-forward,A_poi,fr-FR,que faire à lisbonne,3000,0,6,city-outbound,none
atlas.city-family-carried-forward,A_poi,fr-FR,que faire à londres,2900,0,8,city-outbound,none
atlas.city-family-carried-forward,A_poi,fr-FR,que faire à lanzarote,2700,0,10,city-outbound,none
atlas.city-family-carried-forward,A_poi,fr-FR,que faire à bruxelles,2400,0,1,city-outbound,none
atlas.city-family-carried-forward,A_poi,fr-FR,que faire à prague,2300,0,1,city-outbound,none
atlas.city-family-carried-forward,A_poi,fr-FR,que faire à bordeaux,2100,5,9,city,none
atlas.city-family-carried-forward,A_poi,fr-FR,que faire à tours,2100,0,1,city,none
atlas.city-family-carried-forward,A_poi,fr-FR,que faire à noirmoutier,2000,55,1,city,none
atlas.city-family-carried-forward,A_poi,fr-FR,que faire à toulouse,1900,0,1,city,none
atlas.city-family-carried-forward,A_poi,fr-FR,que faire à budapest,1900,58,5,city-outbound,none
atlas.city-family-carried-forward,A_poi,fr-FR,que faire à la rochelle,1700,2,1,city,none
atlas.city-family-carried-forward,A_poi,fr-FR,que faire à montpellier,1700,1,1,city,none
atlas.city-family-carried-forward,A_poi,fr-FR,que faire à clermont ferrand,1700,0,1,city,none
atlas.city-family-carried-forward,A_poi,fr-FR,que faire à stockholm,1700,0,6,city-outbound,none
atlas.city-family-carried-forward,A_poi,fr-FR,que faire à bruges,1700,0,4,city-outbound,none
atlas.city-family-carried-forward,A_poi,fr-FR,que faire à annecy,1500,5,1,city,none
atlas.city-family-carried-forward,A_poi,fr-FR,que faire à milan,1500,0,6,city-outbound,none
atlas.city-family-carried-forward,A_poi,fr-FR,que faire à amsterdam,1500,13,2,city-outbound,none
atlas.city-family-carried-forward,A_poi,fr-FR,que faire à zanzibar,1500,0,10,country-outbound,none
events.city-durable-window-concerts,C_events,fr-FR,que faire à lyon ce week end,4100,1,25,city-window,licensed event feed
events.city-durable-window-concerts,C_events,fr-FR,que faire à paris ce week end,3300,0,20,city-window,licensed event feed
events.city-durable-window-concerts,C_events,fr-FR,que faire à paris aujourd'hui,2800,70,10,city-window,licensed event feed
events.city-durable-window-concerts,C_events,fr-FR,que faire à nantes ce week end,2600,1,35,city-window,licensed event feed
rents.city-listings,D_stay,fr-FR,location appartement,46000,1,9,rent-generic,rental listings feed
rents.city-listings,D_stay,fr-FR,location appartement autour de moi,14000,3,5,rent-proximity,rental listings feed
rents.city-listings,D_stay,fr-FR,location appartement paris,11000,8,15,rent-city,rental listings feed
rents.city-listings,D_stay,fr-FR,location appartement lyon,7100,0,10,rent-city,rental listings feed
rents.city-listings,D_stay,fr-FR,location appartement rennes,5600,1,10,rent-city,rental listings feed
rents.city-listings,D_stay,fr-FR,location appartement toulouse,4900,0,10,rent-city,rental listings feed
rents.city-listings,D_stay,fr-FR,location appartement marseille,4800,1,8,rent-city,rental listings feed
rents.city-listings,D_stay,fr-FR,location appartement bordeaux,4600,0,15,rent-city,rental listings feed
rents.city-listings,D_stay,fr-FR,location appartement nice,4100,0,10,rent-city,rental listings feed
rents.city-listings,D_stay,fr-FR,location appartement montpellier,4000,0,10,rent-city,rental listings feed
rents.city-listings,D_stay,fr-FR,location appartement nantes,3700,0,15,rent-city,rental listings feed
rents.city-listings,D_stay,fr-FR,location appartement angers,3400,0,9,rent-city,rental listings feed
rents.city-listings,D_stay,fr-FR,location appartement caen,3100,0,8,rent-city,rental listings feed
rents.city-listings,D_stay,fr-FR,location appartement lille,3000,0,10,rent-city,rental listings feed
rents.city-listings,D_stay,fr-FR,location appartement strasbourg,2900,0,10,rent-city,rental listings feed
rents.city-listings,D_stay,fr-FR,location appartement brest,2200,0,6,rent-city,rental listings feed
rents.city-listings,D_stay,fr-FR,location appartement dijon,1900,0,9,rent-city,rental listings feed
rents.city-listings,D_stay,fr-FR,location appartement annecy,1900,0,6,rent-city,rental listings feed
rents.city-listings,D_stay,fr-FR,location appartement tours,1900,39,9,rent-city,rental listings feed
rents.city-listings,D_stay,fr-FR,location appartement vannes,1800,0,7,rent-city,rental listings feed
rents.city-listings,D_stay,fr-FR,location appartement la rochelle,1700,0,8,rent-city,rental listings feed
rents.city-listings,D_stay,fr-FR,location appartement reims,1700,0,15,rent-city,rental listings feed
rents.city-listings,D_stay,fr-FR,location appartement rouen,1700,0,9,rent-city,rental listings feed
rents.city-listings,D_stay,fr-FR,location appartement quimper,1600,0,5,rent-city,rental listings feed
rents.city-listings,D_stay,fr-FR,location appartement grenoble,1600,38,15,rent-city,rental listings feed
rents.city-listings,D_stay,fr-FR,location appartement metz,1500,0,7,rent-city,rental listings feed
rents.city-listings,D_stay,fr-FR,location appartement annemasse,1500,0,7,rent-city,rental listings feed
places.city-category,B_places,fr-FR,coworking,9500,8,150,category-generic,none
places.city-category,B_places,fr-FR,coworking paris,2800,9,300,category-city,none
places.city-category,B_places,fr-FR,espace de coworking,2700,0,300,category-generic,none
places.city-category,B_places,fr-FR,espace coworking,2500,0,250,category-generic,none
places.city-category,B_places,fr-FR,coworking marseille,1500,30,200,category-city,none
jobs.role-city-and-category-city,E_jobs,fr-FR,offre emploi,16000,41,9,category-generic,jobs feed
jobs.role-city-and-category-city,E_jobs,fr-FR,offre emploi autour de moi,9900,1,10,category-proximity,jobs feed
jobs.role-city-and-category-city,E_jobs,fr-FR,offre d emploi,5700,48,10,category-generic,jobs feed
jobs.role-city-and-category-city,E_jobs,fr-FR,offre emploi 100% télétravail,2400,3,,category-modifier,jobs feed
atlas.city-family-carried-forward,A_poi,es-ES,que ver en madrid,16000,0,1,city,none
atlas.city-family-carried-forward,A_poi,es-ES,que ver en granada,14000,2,1,city,none
atlas.city-family-carried-forward,A_poi,es-ES,que ver en sevilla,13000,0,2,city,none
atlas.city-family-carried-forward,A_poi,es-ES,que ver en tenerife,11000,0,10,city,none
atlas.city-family-carried-forward,A_poi,es-ES,que ver en bilbao,11000,1,1,city,none
atlas.city-family-carried-forward,A_poi,es-ES,que ver en toledo,11000,0,1,city,none
atlas.city-family-carried-forward,A_poi,es-ES,que ver en roma,10000,0,1,city-outbound,none
atlas.city-family-carried-forward,A_poi,es-ES,que ver en valencia,9600,2,1,city,none
atlas.city-family-carried-forward,A_poi,es-ES,que ver en oporto,9600,0,2,city-outbound,none
atlas.city-family-carried-forward,A_poi,es-ES,que ver en malaga,9500,0,1,city,none
atlas.city-family-carried-forward,A_poi,es-ES,que ver en barcelona,8900,0,1,city,none
atlas.city-family-carried-forward,A_poi,es-ES,que ver en milan,8700,0,1,city-outbound,none
atlas.city-family-carried-forward,A_poi,es-ES,que ver en zaragoza,8700,1,1,city,none
atlas.city-family-carried-forward,A_poi,es-ES,que ver en cadiz,8600,0,1,city,none
atlas.city-family-carried-forward,A_poi,es-ES,que ver en londres,8400,0,1,city-outbound,none
atlas.city-family-carried-forward,A_poi,es-ES,que ver en lanzarote,8300,0,1,city,none
atlas.city-family-carried-forward,A_poi,es-ES,que ver en salamanca,8200,0,1,city,none
atlas.city-family-carried-forward,A_poi,es-ES,que ver en cordoba,8200,0,2,city,none
atlas.city-family-carried-forward,A_poi,es-ES,que ver en cantabria,8100,0,6,region,none
atlas.city-family-carried-forward,A_poi,es-ES,que ver en asturias,8000,0,1,region,none
atlas.city-family-carried-forward,A_poi,es-ES,que ver en gran canaria,7900,0,2,city,none
atlas.city-family-carried-forward,A_poi,es-ES,que ver en lisboa,7800,0,2,city-outbound,none
atlas.city-family-carried-forward,A_poi,es-ES,que ver en viena,7800,0,2,city-outbound,none
atlas.city-family-carried-forward,A_poi,es-ES,que ver en alicante,7800,0,15,city,none
atlas.city-family-carried-forward,A_poi,es-ES,que ver en mallorca,7600,1,1,city,none
atlas.city-family-carried-forward,A_poi,es-ES,que ver en segovia,7600,2,1,city,none
atlas.city-family-carried-forward,A_poi,es-ES,que ver en valladolid,7300,0,1,city,none
atlas.city-family-carried-forward,A_poi,es-ES,que ver en praga,7200,0,2,city-outbound,none
atlas.city-family-carried-forward,A_poi,es-ES,que ver en menorca,7100,0,2,city,none
atlas.city-family-carried-forward,A_poi,es-ES,que ver en san sebastian,7000,0,1,city,none
atlas.city-family-carried-forward,A_poi,es-ES,que ver en cuenca,6600,0,20,city,none
atlas.city-family-carried-forward,A_poi,es-ES,que ver en santander,6300,0,20,city,none
atlas.city-family-carried-forward,A_poi,es-ES,que ver en budapest,6200,0,2,city-outbound,none
atlas.city-family-carried-forward,A_poi,es-ES,que ver en bruselas,6200,0,1,city-outbound,none
atlas.city-family-carried-forward,A_poi,es-ES,que ver en florencia,6100,0,5,city-outbound,none
atlas.city-family-carried-forward,A_poi,es-ES,que ver en paris,6100,1,1,city-outbound,none
atlas.city-family-carried-forward,A_poi,es-ES,que ver en gijon,6000,0,2,city,none
atlas.city-family-carried-forward,A_poi,es-ES,que ver en santiago de compostela,5900,0,1,city,none
atlas.city-family-carried-forward,A_poi,es-ES,que ver en merida,5800,0,1,city,none
atlas.city-family-carried-forward,A_poi,es-ES,que ver en pamplona,5700,0,1,city,none
atlas.city-family-carried-forward,A_poi,es-ES,que ver en ibiza,5700,0,3,city,none
atlas.city-family-carried-forward,A_poi,es-ES,que ver en pontevedra,5600,1,1,city,none
atlas.city-family-carried-forward,A_poi,es-ES,que ver en tarragona,5600,1,15,city,none
atlas.city-family-carried-forward,A_poi,es-ES,que ver en marrakech,5500,0,3,city-outbound,none
atlas.city-family-carried-forward,A_poi,es-ES,que ver en avila,5400,0,1,city,none
atlas.city-family-carried-forward,A_poi,es-ES,que ver en burgos,5400,0,1,city,none
atlas.city-family-carried-forward,A_poi,es-ES,que ver en vigo,5300,1,1,city,none
atlas.city-family-carried-forward,A_poi,es-ES,que ver en fuerteventura,5300,0,2,city,none
atlas.city-family-carried-forward,A_poi,es-ES,que ver en oviedo,5200,0,1,city,none
atlas.city-family-carried-forward,A_poi,es-ES,que ver en jerez de la frontera,5100,0,25,city,none
atlas.city-family-carried-forward,A_poi,es-ES,que ver en malta,5100,0,9,country-outbound,none
atlas.city-family-carried-forward,A_poi,es-ES,que ver en napoles,5000,0,2,city-outbound,none
atlas.city-family-carried-forward,A_poi,es-ES,que ver en amsterdam,5000,0,2,city-outbound,none
atlas.city-family-carried-forward,A_poi,es-ES,que ver en murcia,5000,1,2,city,none
atlas.city-family-carried-forward,A_poi,es-ES,que ver en altea,5000,0,2,city,none
atlas.city-family-carried-forward,A_poi,es-ES,que ver en almeria,4900,0,10,city,none
atlas.city-family-carried-forward,A_poi,es-ES,que ver en soria,4900,1,1,city,none
atlas.city-family-carried-forward,A_poi,es-ES,que ver en zamora,4800,0,1,city,none
atlas.city-family-carried-forward,A_poi,es-ES,que ver en teruel,4700,0,4,city,none
atlas.city-family-carried-forward,A_poi,es-ES,que ver en nerja,4700,0,1,city,none
atlas.city-family-carried-forward,A_poi,es-ES,que ver en andorra,4700,0,9,country-outbound,none
atlas.city-family-carried-forward,A_poi,es-ES,que ver en caceres,4600,0,20,city,none
atlas.city-family-carried-forward,A_poi,es-ES,que ver en vitoria,4600,0,20,city,none
atlas.city-family-carried-forward,A_poi,es-ES,que ver en llanes,4400,0,20,city,none
atlas.city-family-carried-forward,A_poi,es-ES,que ver en logroño,4300,0,1,city,none
rents.city-listings,D_stay,es-ES,alquiler piso madrid,6300,2,15,rent-city,rental listings feed
rents.city-listings,D_stay,es-ES,alquiler piso sevilla,5800,0,1,rent-city,rental listings feed
places.city-category,B_places,es-ES,coworking,14000,0,160,category-generic,none
jobs.role-city-and-category-city,E_jobs,es-ES,ofertas de empleo,9800,6,15,category-generic,jobs feed
atlas.city-family-carried-forward,A_poi,it-IT,cosa vedere a palermo,17000,0,1,city,none
atlas.city-family-carried-forward,A_poi,it-IT,cosa vedere a napoli,17000,0,1,city,none
atlas.city-family-carried-forward,A_poi,it-IT,cosa vedere a verona,12000,0,1,city,none
atlas.city-family-carried-forward,A_poi,it-IT,cosa vedere a vienna,11000,0,1,city-outbound,none
atlas.city-family-carried-forward,A_poi,it-IT,cosa vedere a torino,11000,0,1,city,none
atlas.city-family-carried-forward,A_poi,it-IT,cosa vedere a roma,11000,0,1,city,none
atlas.city-family-carried-forward,A_poi,it-IT,cosa vedere a budapest,10000,0,2,city-outbound,none
atlas.city-family-carried-forward,A_poi,it-IT,cosa vedere a madrid,9800,0,1,city-outbound,none
atlas.city-family-carried-forward,A_poi,it-IT,cosa vedere a praga,9300,0,1,city-outbound,none
atlas.city-family-carried-forward,A_poi,it-IT,cosa vedere a milano,9100,0,1,city,none
atlas.city-family-carried-forward,A_poi,it-IT,cosa vedere a parigi,9000,0,1,city-outbound,none
atlas.city-family-carried-forward,A_poi,it-IT,cosa vedere a barcellona,8700,0,2,city-outbound,none
atlas.city-family-carried-forward,A_poi,it-IT,cosa vedere a firenze,8300,0,1,city,none
atlas.city-family-carried-forward,A_poi,it-IT,cosa vedere a londra,8100,0,1,city-outbound,none
atlas.city-family-carried-forward,A_poi,it-IT,cosa vedere a catania,7500,0,1,city,none
atlas.city-family-carried-forward,A_poi,it-IT,cosa vedere a bologna,7000,0,1,city,none
atlas.city-family-carried-forward,A_poi,it-IT,cosa vedere a trieste,6900,0,1,city,none
atlas.city-family-carried-forward,A_poi,it-IT,cosa vedere a padova,6700,0,1,city,none
atlas.city-family-carried-forward,A_poi,it-IT,cosa vedere a valencia,6600,0,2,city-outbound,none
atlas.city-family-carried-forward,A_poi,it-IT,cosa vedere a lisbona,6500,0,1,city-outbound,none
atlas.city-family-carried-forward,A_poi,it-IT,cosa vedere a venezia,6300,0,2,city,none
atlas.city-family-carried-forward,A_poi,it-IT,cosa vedere a napoli in 3 giorni,5900,0,1,city-duration,none
atlas.city-family-carried-forward,A_poi,it-IT,cosa vedere a mantova,5900,0,2,city,none
atlas.city-family-carried-forward,A_poi,it-IT,cosa vedere a ferrara,5600,0,1,city,none
atlas.city-family-carried-forward,A_poi,it-IT,cosa vedere a bari,5500,0,1,city,none
atlas.city-family-carried-forward,A_poi,it-IT,cosa vedere a malta,5400,0,1,country-outbound,none
atlas.city-family-carried-forward,A_poi,it-IT,cosa vedere a genova,5100,0,1,city,none
atlas.city-family-carried-forward,A_poi,it-IT,cosa vedere a siviglia,5000,0,2,city-outbound,none
atlas.city-family-carried-forward,A_poi,it-IT,cosa vedere a siena,4900,0,1,city,none
atlas.city-family-carried-forward,A_poi,it-IT,cosa vedere a trento,4800,0,1,city,none
atlas.city-family-carried-forward,A_poi,it-IT,cosa vedere a pisa,4700,0,2,city,none
atlas.city-family-carried-forward,A_poi,it-IT,cosa vedere a bruxelles,4700,0,2,city-outbound,none
atlas.city-family-carried-forward,A_poi,it-IT,cosa vedere a matera,4700,0,1,city,none
atlas.city-family-carried-forward,A_poi,it-IT,cosa vedere a perugia,4400,0,1,city,none
atlas.city-family-carried-forward,A_poi,it-IT,cosa vedere a lucca,4200,0,1,city,none
atlas.city-family-carried-forward,A_poi,it-IT,cosa vedere a bucarest,4200,0,9,city-outbound,none
atlas.city-family-carried-forward,A_poi,it-IT,cosa vedere a new york,4200,0,3,city-outbound,none
atlas.city-family-carried-forward,A_poi,it-IT,cosa vedere a parma,4000,0,2,city,none
atlas.city-family-carried-forward,A_poi,it-IT,cosa vedere a malaga,3800,0,2,city-outbound,none
atlas.city-family-carried-forward,A_poi,it-IT,cosa vedere a lecce,3800,0,1,city,none
atlas.city-family-carried-forward,A_poi,it-IT,cosa vedere a bolzano,3600,0,1,city,none
atlas.city-family-carried-forward,A_poi,it-IT,cosa vedere a copenaghen,3600,0,1,city-outbound,none
atlas.city-family-carried-forward,A_poi,it-IT,cosa vedere a monaco di baviera,3500,0,1,city-outbound,none
atlas.city-family-carried-forward,A_poi,it-IT,cosa vedere a sofia,3400,0,6,city-outbound,none
atlas.city-family-carried-forward,A_poi,it-IT,cosa vedere a treviso,3400,0,1,city,none
atlas.city-family-carried-forward,A_poi,it-IT,polignano a mare cosa vedere,3400,0,1,city,none
atlas.city-family-carried-forward,A_poi,it-IT,cosa vedere a napoli in un giorno,3300,0,1,city-duration,none
atlas.city-family-carried-forward,A_poi,it-IT,cosa vedere a dublino,3200,0,7,city-outbound,none
jobs.role-city-and-category-city,E_jobs,it-IT,offerte di lavoro,37000,0,20,category-generic,jobs feed
jobs.role-city-and-category-city,E_jobs,it-IT,offerte di lavoro vicino a me,20000,0,3,category-proximity,jobs feed
jobs.role-city-and-category-city,E_jobs,it-IT,offerte di lavoro roma,7400,0,3,category-city,jobs feed
jobs.role-city-and-category-city,E_jobs,it-IT,offerte di lavoro torino,6100,3,6,category-city,jobs feed
jobs.role-city-and-category-city,E_jobs,it-IT,offerte di lavoro milano,6000,9,10,category-city,jobs feed
jobs.role-city-and-category-city,E_jobs,it-IT,offerte di lavoro palermo,5800,0,2,category-city,jobs feed
jobs.role-city-and-category-city,E_jobs,it-IT,offerte di lavoro bari,5400,0,3,category-city,jobs feed
jobs.role-city-and-category-city,E_jobs,it-IT,offerte di lavoro catania,5400,0,2,category-city,jobs feed
jobs.role-city-and-category-city,E_jobs,it-IT,offerte di lavoro napoli,5300,0,3,category-city,jobs feed
jobs.role-city-and-category-city,E_jobs,it-IT,offerte di lavoro bologna,3800,0,5,category-city,jobs feed
places.city-category,B_places,it-IT,coworking,5900,0,110,category-generic,none
atlas.city-family-carried-forward,A_poi,nl-NL,wat te doen in amsterdam,5300,0,10,city,none
atlas.city-family-carried-forward,A_poi,nl-NL,wat te doen in rotterdam,3700,0,9,city,none
atlas.city-family-carried-forward,A_poi,nl-NL,wat te doen in maastricht,3700,40,2,city,none
atlas.city-family-carried-forward,A_poi,nl-NL,wat te doen in utrecht,3100,16,25,city,none
jobs.role-city-and-category-city,E_jobs,nl-NL,vacatures,54000,0,25,category-generic,jobs feed
jobs.role-city-and-category-city,E_jobs,nl-NL,culturele vacatures,13000,1,1,category-sector,jobs feed
jobs.role-city-and-category-city,E_jobs,nl-NL,thuiswerk vacatures,10000,0,20,category-modifier,jobs feed
jobs.role-city-and-category-city,E_jobs,nl-NL,zzp vacatures,9600,0,45,category-modifier,jobs feed
jobs.role-city-and-category-city,E_jobs,nl-NL,vacatures groningen,7900,27,20,category-city,jobs feed
jobs.role-city-and-category-city,E_jobs,nl-NL,vacatures rotterdam,6400,16,35,category-city,jobs feed
jobs.role-city-and-category-city,E_jobs,nl-NL,vacatures amsterdam,5700,0,50,category-city,jobs feed
jobs.role-city-and-category-city,E_jobs,nl-NL,vacatures friesland,5300,0,8,category-region,jobs feed
jobs.role-city-and-category-city,E_jobs,nl-NL,vacatures den haag,4800,32,40,category-city,jobs feed
jobs.role-city-and-category-city,E_jobs,nl-NL,vacatures tilburg,4000,5,35,category-city,jobs feed
jobs.role-city-and-category-city,E_jobs,nl-NL,vacatures leeuwarden,3900,0,15,category-city,jobs feed
jobs.role-city-and-category-city,E_jobs,nl-NL,vacatures utrecht,3700,38,25,category-city,jobs feed
jobs.role-city-and-category-city,E_jobs,nl-NL,vacatures zwolle,3700,0,25,category-city,jobs feed
jobs.role-city-and-category-city,E_jobs,nl-NL,vacatures nijmegen,3600,0,20,category-city,jobs feed
jobs.role-city-and-category-city,E_jobs,nl-NL,vacatures zeeland,3500,30,2,category-region,jobs feed
jobs.role-city-and-category-city,E_jobs,nl-NL,vacatures eindhoven,3500,18,50,category-city,jobs feed
jobs.role-city-and-category-city,E_jobs,nl-NL,vacatures apeldoorn,3300,7,20,category-city,jobs feed
jobs.role-city-and-category-city,E_jobs,nl-NL,vacatures almere,3300,0,25,category-city,jobs feed
jobs.role-city-and-category-city,E_jobs,nl-NL,vacatures enschede,3200,0,20,category-city,jobs feed
jobs.role-city-and-category-city,E_jobs,nl-NL,vacatures arnhem,3200,24,20,category-city,jobs feed
jobs.role-city-and-category-city,E_jobs,nl-NL,marketing vacatures,3100,12,20,role-category,jobs feed
jobs.role-city-and-category-city,E_jobs,nl-NL,vacatures breda,3000,16,20,category-city,jobs feed
jobs.role-city-and-category-city,E_jobs,nl-NL,hr vacatures,3000,1,50,role-category,jobs feed
jobs.role-city-and-category-city,E_jobs,pl-PL,praca,64000,0,2,category-generic,jobs feed
jobs.role-city-and-category-city,E_jobs,pl-PL,praca zdalna,49000,0,3,category-modifier,jobs feed
jobs.role-city-and-category-city,E_jobs,pl-PL,praca warszawa,29000,3,4,category-city,jobs feed
jobs.role-city-and-category-city,E_jobs,pl-PL,praca białystok,28000,0,2,category-city,jobs feed
jobs.role-city-and-category-city,E_jobs,pl-PL,praca kraków,24000,0,3,category-city,jobs feed
jobs.role-city-and-category-city,E_jobs,pl-PL,praca kielce,24000,0,2,category-city,jobs feed
jobs.role-city-and-category-city,E_jobs,pl-PL,praca lublin,22000,0,3,category-city,jobs feed
jobs.role-city-and-category-city,E_jobs,pl-PL,praca wrocław,21000,0,3,category-city,jobs feed
jobs.role-city-and-category-city,E_jobs,pl-PL,praca rzeszów,20000,0,1,category-city,jobs feed
jobs.role-city-and-category-city,E_jobs,pl-PL,praca szczecin,17000,0,3,category-city,jobs feed
jobs.role-city-and-category-city,E_jobs,pl-PL,praca bydgoszcz,17000,0,3,category-city,jobs feed
jobs.role-city-and-category-city,E_jobs,pl-PL,praca olsztyn,17000,0,2,category-city,jobs feed
jobs.role-city-and-category-city,E_jobs,pl-PL,praca radom,16000,0,2,category-city,jobs feed
jobs.role-city-and-category-city,E_jobs,pl-PL,praca bielsko,15000,0,2,category-city,jobs feed
jobs.role-city-and-category-city,E_jobs,pl-PL,praca poznań,15000,0,3,category-city,jobs feed
jobs.role-city-and-category-city,E_jobs,pl-PL,praca częstochowa,15000,0,1,category-city,jobs feed
jobs.role-city-and-category-city,E_jobs,pl-PL,praca nowy sącz,15000,0,1,category-city,jobs feed
jobs.role-city-and-category-city,E_jobs,pl-PL,praca tarnów,14000,0,1,category-city,jobs feed
jobs.role-city-and-category-city,E_jobs,pl-PL,praca stalowa wola,12000,0,1,category-city,jobs feed
jobs.role-city-and-category-city,E_jobs,pl-PL,praca krosno,12000,0,1,category-city,jobs feed
jobs.role-city-and-category-city,E_jobs,pl-PL,praca kalisz,12000,0,2,category-city,jobs feed
jobs.role-city-and-category-city,E_jobs,pl-PL,praca przemyśl,12000,0,1,category-city,jobs feed
jobs.role-city-and-category-city,E_jobs,pl-PL,praca opole,11000,0,2,category-city,jobs feed
jobs.role-city-and-category-city,E_jobs,pl-PL,praca katowice,11000,0,3,category-city,jobs feed
jobs.role-city-and-category-city,E_jobs,pl-PL,praca gdańsk,11000,0,3,category-city,jobs feed
jobs.role-city-and-category-city,E_jobs,pl-PL,praca płock,11000,0,1,category-city,jobs feed
jobs.role-city-and-category-city,E_jobs,pl-PL,praca elbląg,11000,0,1,category-city,jobs feed
jobs.role-city-and-category-city,E_jobs,pl-PL,praca toruń,10000,0,1,category-city,jobs feed
jobs.role-city-and-category-city,E_jobs,pl-PL,praca włocławek,10000,0,1,category-city,jobs feed
jobs.role-city-and-category-city,E_jobs,pl-PL,praca słupsk,10000,0,2,category-city,jobs feed
jobs.role-city-and-category-city,E_jobs,pl-PL,praca koszalin,10000,0,1,category-city,jobs feed
jobs.role-city-and-category-city,E_jobs,pl-PL,praca gniezno,10000,0,1,category-city,jobs feed
jobs.role-city-and-category-city,E_jobs,pl-PL,praca zielona góra,9900,0,1,category-city,jobs feed
jobs.role-city-and-category-city,E_jobs,pl-PL,praca łódź,9900,0,2,category-city,jobs feed
jobs.role-city-and-category-city,E_jobs,pl-PL,praca zamość,9900,0,1,category-city,jobs feed
jobs.role-city-and-category-city,E_jobs,pl-PL,praca stargard,9800,0,1,category-city,jobs feed
atlas.city-family-carried-forward,A_poi,pt-BR,o que fazer em recife,20000,0,1,city,none
atlas.city-family-carried-forward,A_poi,pt-BR,o que fazer em gramado,14000,0,4,city,none
atlas.city-family-carried-forward,A_poi,pt-BR,o que fazer em curitiba,13000,0,4,city,none
atlas.city-family-carried-forward,A_poi,pt-BR,o que fazer em sao paulo,12000,0,1,city,none
atlas.city-family-carried-forward,A_poi,pt-BR,o que fazer em fortaleza,12000,0,2,city,none
atlas.city-family-carried-forward,A_poi,pt-BR,o que fazer em campos do jordão,10000,0,1,city,none
atlas.city-family-carried-forward,A_poi,pt-BR,o que fazer em balneário camboriú,9400,0,5,city,none
atlas.city-family-carried-forward,A_poi,pt-BR,o que fazer em salvador,8800,0,3,city,none
atlas.city-family-carried-forward,A_poi,pt-BR,o que fazer em foz do iguaçu,8300,0,3,city,none
atlas.city-family-carried-forward,A_poi,pt-BR,o que fazer em monte verde,7500,0,1,city,none
atlas.city-family-carried-forward,A_poi,pt-BR,o que fazer em paraty,7000,1,1,city,none
atlas.city-family-carried-forward,A_poi,pt-BR,o que fazer em natal,6600,0,1,city,none
atlas.city-family-carried-forward,A_poi,pt-BR,o que fazer em floripa,6100,0,2,city,none
atlas.city-family-carried-forward,A_poi,pt-BR,o que fazer em porto seguro,5900,0,1,city,none
atlas.city-family-carried-forward,A_poi,pt-BR,o que fazer em sp,5800,0,1,city,none
atlas.city-family-carried-forward,A_poi,pt-BR,o que fazer em porto de galinhas,5600,1,2,city,none
atlas.city-family-carried-forward,A_poi,pt-BR,o que fazer em poços de caldas,5500,0,1,city,none
atlas.city-family-carried-forward,A_poi,pt-BR,o que fazer em buenos aires,5400,33,3,city-outbound,none
atlas.city-family-carried-forward,A_poi,pt-BR,o que fazer em holambra,5400,0,1,city,none
atlas.city-family-carried-forward,A_poi,pt-BR,o que fazer em bh,5200,1,1,city,none
atlas.city-family-carried-forward,A_poi,pt-BR,o que fazer em ouro preto,5100,0,1,city,none
atlas.city-family-carried-forward,A_poi,pt-BR,o que fazer em maceio,5000,0,4,city,none
atlas.city-family-carried-forward,A_poi,pt-BR,o que fazer em porto alegre,4800,0,1,city,none
atlas.city-family-carried-forward,A_poi,pt-BR,o que fazer em florianopolis,4700,0,3,city,none
atlas.city-family-carried-forward,A_poi,pt-BR,o que fazer em joão pessoa,4600,0,1,city,none
atlas.city-family-carried-forward,A_poi,pt-BR,o que fazer em serra negra,4300,0,1,city,none
atlas.city-family-carried-forward,A_poi,pt-BR,o que fazer em brasilia,4200,1,1,city,none
atlas.city-family-carried-forward,A_poi,pt-BR,o que fazer em belo horizonte,3900,0,1,city,none
atlas.city-family-carried-forward,A_poi,pt-BR,o que fazer em arraial do cabo,3800,2,4,city,none
atlas.city-family-carried-forward,A_poi,pt-BR,o que fazer em tiradentes,3800,0,1,city,none
events.city-durable-window-concerts,C_events,pt-BR,o que fazer em sp hoje,4500,0,15,city-window,licensed event feed
jobs.role-city-and-category-city,E_jobs,pt-BR,vagas de emprego,165000,61,1,category-generic,jobs feed
jobs.role-city-and-category-city,E_jobs,pt-BR,vagas de emprego home office,26000,0,2,category-modifier,jobs feed
jobs.role-city-and-category-city,E_jobs,pt-BR,vagas de emprego rj,21000,0,1,category-region,jobs feed
jobs.role-city-and-category-city,E_jobs,pt-BR,vagas de emprego df,11000,0,2,category-region,jobs feed
jobs.role-city-and-category-city,E_jobs,pt-BR,vagas de emprego bh,9000,0,1,category-city,jobs feed
jobs.role-city-and-category-city,E_jobs,pt-BR,vagas de emprego sp,7200,6,4,category-region,jobs feed
jobs.role-city-and-category-city,E_jobs,pt-BR,vagas de emprego em fortaleza,6600,0,1,category-city,jobs feed
jobs.role-city-and-category-city,E_jobs,pt-BR,vagas de emprego recife,5200,0,2,category-city,jobs feed
jobs.role-city-and-category-city,E_jobs,pt-BR,vagas de emprego campo grande ms,5000,0,1,category-city,jobs feed
jobs.role-city-and-category-city,E_jobs,pt-BR,vagas de emprego perto de mim,4900,0,2,category-proximity,jobs feed
jobs.role-city-and-category-city,E_jobs,pt-BR,vagas de emprego porto alegre,4900,0,2,category-city,jobs feed
jobs.role-city-and-category-city,E_jobs,pt-BR,vagas de emprego são paulo,4900,6,2,category-city,jobs feed
jobs.role-city-and-category-city,E_jobs,pt-BR,vagas de emprego em curitiba,4500,0,1,category-city,jobs feed
jobs.role-city-and-category-city,E_jobs,pt-BR,vagas de emprego curitiba,4400,0,1,category-city,jobs feed
jobs.role-city-and-category-city,E_jobs,pt-BR,vagas de emprego salvador,4200,3,2,category-city,jobs feed
jobs.role-city-and-category-city,E_jobs,pt-BR,vagas de emprego em manaus,4000,1,2,category-city,jobs feed
jobs.role-city-and-category-city,E_jobs,pt-BR,vagas de emprego remoto,3700,0,3,category-modifier,jobs feed
jobs.role-city-and-category-city,E_jobs,pt-BR,vagas de emprego ponta grossa,3700,0,1,category-city,jobs feed
places.city-category,B_places,pt-BR,coworking,55000,0,60,category-generic,none
places.city-category,B_places,pt-BR,coworking o que é,4800,0,15,category-informational,none
rents.city-listings,D_stay,ja-JP,賃貸,153000,0,5,rent-generic,rental listings feed
rents.city-listings,D_stay,ja-JP,賃貸マンション,24000,0,5,rent-type,rental listings feed
rents.city-listings,D_stay,ja-JP,ur賃貸,17000,2,6,rent-brand,rental listings feed
rents.city-listings,D_stay,ja-JP,東京 賃貸,16000,0,5,rent-city,rental listings feed
rents.city-listings,D_stay,ja-JP,賃貸物件,13000,0,6,rent-generic,rental listings feed
rents.city-listings,D_stay,ja-JP,賃貸 東京,12000,0,3,rent-city,rental listings feed
rents.city-listings,D_stay,ja-JP,賃貸住宅,10000,0,5,rent-generic,rental listings feed
rents.city-listings,D_stay,ja-JP,ペット可 賃貸,9800,0,7,rent-feature,rental listings feed
rents.city-listings,D_stay,ja-JP,札幌 賃貸,9300,0,3,rent-city,rental listings feed
rents.city-listings,D_stay,ja-JP,沖縄 賃貸,8500,0,8,rent-city,rental listings feed
rents.city-listings,D_stay,ja-JP,大阪 賃貸,8300,0,4,rent-city,rental listings feed
rents.city-listings,D_stay,ja-JP,福岡 賃貸,8000,4,5,rent-city,rental listings feed
rents.city-listings,D_stay,ja-JP,一軒家 賃貸,7900,0,3,rent-type,rental listings feed
jobs.role-city-and-category-city,E_jobs,ja-JP,求人,93000,0,25,category-generic,jobs feed
jobs.role-city-and-category-city,E_jobs,ja-JP,在宅ワーク 求人,37000,0,70,category-modifier,jobs feed
jobs.role-city-and-category-city,E_jobs,ja-JP,フルリモート 求人,27000,0,160,category-modifier,jobs feed
jobs.role-city-and-category-city,E_jobs,ja-JP,リモートワーク 求人,16000,0,100,category-modifier,jobs feed
jobs.role-city-and-category-city,E_jobs,ja-JP,シニア求人,16000,4,8,category-audience,jobs feed
jobs.role-city-and-category-city,E_jobs,ja-JP,障害者雇用 求人,15000,0,45,category-audience,jobs feed
jobs.role-city-and-category-city,E_jobs,ja-JP,看護師 求人,14000,0,400,role-category,jobs feed
jobs.role-city-and-category-city,E_jobs,ja-JP,完全在宅 求人,12000,0,70,category-modifier,jobs feed
jobs.role-city-and-category-city,E_jobs,ja-JP,正社員 求人,11000,0,80,category-modifier,jobs feed
jobs.role-city-and-category-city,E_jobs,ja-JP,沖縄 求人,10000,0,15,category-city,jobs feed
jobs.role-city-and-category-city,E_jobs,ja-JP,歯科衛生士 求人,9600,0,100,role-category,jobs feed
jobs.role-city-and-category-city,E_jobs,ja-JP,パート求人,9300,0,7,category-modifier,jobs feed
jobs.role-city-and-category-city,E_jobs,ja-JP,介護 求人,8200,6,200,role-category,jobs feed
jobs.role-city-and-category-city,E_jobs,ja-JP,医療事務 求人,7800,0,20,role-category,jobs feed
jobs.role-city-and-category-city,E_jobs,ja-JP,保育士 求人,7700,10,250,role-category,jobs feed
atlas.city-family-carried-forward,A_poi,ja-JP,観光スポット,17000,8,7,generic,none
atlas.city-family-carried-forward,A_poi,ja-JP,近くの観光スポット,12000,2,1,proximity,none
atlas.city-family-carried-forward,A_poi,ja-JP,東京 観光スポット,11000,1,1,city,none
atlas.city-family-carried-forward,A_poi,ja-JP,大阪観光スポット,11000,0,1,city,none
atlas.city-family-carried-forward,A_poi,ja-JP,沖縄 観光スポット,9700,7,1,city,none
atlas.city-family-carried-forward,A_poi,ja-JP,大阪 観光スポット,9200,2,1,city,none
atlas.city-family-carried-forward,A_poi,ja-JP,東京観光スポット,8700,1,1,city,none
atlas.city-family-carried-forward,A_poi,ja-JP,沖縄観光スポット,8100,7,1,city,none
places.city-category,B_places,ja-JP,コワーキングスペース,40000,0,50,category-generic,none
rents.rules-durable,D_stay,zh-Hant-TW,租屋補助,269000,0,1,subsidy-rule,none
rents.rules-durable,D_stay,zh-Hant-TW,租屋補助查詢,45000,0,1,subsidy-rule,none
rents.rules-durable,D_stay,zh-Hant-TW,租屋補助申請,32000,0,1,subsidy-rule,none
rents.rules-durable,D_stay,zh-Hant-TW,租屋補助資格,32000,13,1,subsidy-rule,none
rents.rules-durable,D_stay,zh-Hant-TW,租屋補助試算,12000,0,1,subsidy-rule,none
rents.rules-durable,D_stay,zh-Hant-TW,租屋補貼,11000,0,1,subsidy-rule,none
rents.rules-durable,D_stay,zh-Hant-TW,租屋補助房東,9400,4,1,subsidy-rule,none
rents.rules-durable,D_stay,zh-Hant-TW,租屋補助線上申請,7700,0,1,subsidy-rule,none
rents.city-listings,D_stay,zh-Hant-TW,租屋,60000,0,1,rent-generic,rental listings feed
rents.city-listings,D_stay,zh-Hant-TW,租屋網,26000,0,1,rent-generic,rental listings feed
atlas.city-family-carried-forward,A_poi,zh-Hant-TW,嘉義景點,60000,0,1,city,none
atlas.city-family-carried-forward,A_poi,zh-Hant-TW,宜蘭景點,51000,1,1,city,none
atlas.city-family-carried-forward,A_poi,zh-Hant-TW,高雄景點,50000,0,1,city,none
atlas.city-family-carried-forward,A_poi,zh-Hant-TW,台南景點,49000,0,1,city,none
atlas.city-family-carried-forward,A_poi,zh-Hant-TW,苗栗景點,41000,0,1,city,none
atlas.city-family-carried-forward,A_poi,zh-Hant-TW,桃園景點,34000,0,1,city,none
atlas.city-family-carried-forward,A_poi,zh-Hant-TW,南投景點,29000,4,1,city,none
atlas.city-family-carried-forward,A_poi,zh-Hant-TW,彰化景點,26000,0,1,city,none
atlas.city-family-carried-forward,A_poi,zh-Hant-TW,新竹景點,25000,3,1,city,none
atlas.city-family-carried-forward,A_poi,zh-Hant-TW,雲林景點,23000,0,2,city,none
atlas.city-family-carried-forward,A_poi,zh-Hant-TW,花蓮景點,22000,0,2,city,none
atlas.city-family-carried-forward,A_poi,zh-Hant-TW,台北景點,21000,11,1,city,none
atlas.city-family-carried-forward,A_poi,zh-Hant-TW,附近景點,19000,0,2,proximity,none
atlas.city-family-carried-forward,A_poi,zh-Hant-TW,基隆景點,19000,36,1,city,none
atlas.city-family-carried-forward,A_poi,zh-Hant-TW,台東景點,19000,0,1,city,none
atlas.city-family-carried-forward,A_poi,zh-Hant-TW,屏東景點,17000,1,1,city,none
atlas.city-family-carried-forward,A_poi,zh-Hant-TW,名古屋景點,15000,2,1,city-outbound,none
atlas.city-family-carried-forward,A_poi,zh-Hant-TW,大阪景點,15000,5,1,city-outbound,none
atlas.city-family-carried-forward,A_poi,zh-Hant-TW,台中親子景點,14000,0,1,city-audience,none
atlas.city-family-carried-forward,A_poi,zh-Hant-TW,福岡景點,13000,1,1,city-outbound,none
atlas.city-family-carried-forward,A_poi,zh-Hant-TW,埔里景點,11000,0,1,city,none
atlas.city-family-carried-forward,A_poi,zh-Hant-TW,墾丁景點,11000,4,1,city,none
atlas.city-family-carried-forward,A_poi,zh-Hant-TW,新北景點,11000,0,1,city,none
atlas.city-family-carried-forward,A_poi,zh-Hant-TW,沖繩景點,11000,0,1,city-outbound,none
atlas.city-family-carried-forward,A_poi,zh-Hant-TW,台南親子景點,10000,2,1,city-audience,none
atlas.city-family-carried-forward,A_poi,zh-Hant-TW,東京景點,10000,6,3,city-outbound,none
atlas.city-family-carried-forward,A_poi,zh-Hant-TW,親子景點,10000,3,1,audience,none
atlas.city-family-carried-forward,A_poi,zh-Hant-TW,礁溪景點,9000,0,1,city,none
atlas.city-family-carried-forward,A_poi,zh-Hant-TW,澎湖景點,8700,0,2,city,none
atlas.city-family-carried-forward,A_poi,zh-Hant-TW,小琉球景點,8700,0,1,city,none
atlas.city-family-carried-forward,A_poi,zh-Hant-TW,京都景點,8700,0,1,city-outbound,none
atlas.city-family-carried-forward,A_poi,zh-Hant-TW,台南好玩私房景點,8100,4,1,city-modifier,none
atlas.city-family-carried-forward,A_poi,zh-Hant-TW,北部景點,7800,0,1,region,none
atlas.city-family-carried-forward,A_poi,zh-Hant-TW,彰化親子景點,7800,0,1,city-audience,none
atlas.city-family-carried-forward,A_poi,zh-Hant-TW,宜蘭室內景點,7500,1,1,city-modifier,none
rents.rules-durable,D_stay,zh-Hant-TW,租屋補助金額,6200,0,1,subsidy-amount,none
rents.rules-durable,D_stay,zh-Hant-TW,114年租屋補助查詢,5500,0,1,subsidy-year,none
rents.rules-durable,D_stay,zh-Hant-TW,115年租屋補助查詢,5300,5,1,subsidy-year,none
rents.rules-durable,D_stay,zh-Hant-TW,租屋補助可以領多久,5000,0,1,subsidy-question,none
rents.rules-durable,D_stay,zh-Hant-TW,租屋補助審核結果查詢,4800,0,1,subsidy-status,none
rents.rules-durable,D_stay,zh-Hant-TW,台中租屋補助,4000,0,1,subsidy-city,none
rents.rules-durable,D_stay,zh-Hant-TW,租屋補助條件,3900,6,1,subsidy-rule,none
rents.rules-durable,D_stay,zh-Hant-TW,租屋補助入帳時間,3400,3,3,subsidy-payment,none
rents.rules-durable,D_stay,zh-Hant-TW,租屋補助進度查詢,3000,1,,subsidy-status,none
rents.rules-durable,D_stay,zh-Hant-TW,租屋補助每月幾號入帳,2400,22,,subsidy-payment,none
rents.rules-durable,D_stay,zh-Hant-TW,2026租屋補助,2300,0,1,subsidy-year,none
rents.rules-durable,D_stay,zh-Hant-TW,高雄租屋補助,2000,0,1,subsidy-city,none
rents.rules-durable,D_stay,zh-Hant-TW,租屋補助資格查詢,2000,2,1,subsidy-eligibility,none
rents.rules-durable,D_stay,zh-Hant-TW,租屋補助家庭成員定義,1700,0,2,subsidy-rule,none
rents.rules-durable,D_stay,zh-Hant-TW,新北市租屋補助,1700,27,1,subsidy-city,none
rents.rules-durable,D_stay,zh-Hant-TW,新北租屋補助,1500,2,1,subsidy-city,none
rents.rules-durable,D_stay,zh-Hant-TW,學生租屋補助,1400,0,1,subsidy-audience,none
rents.rules-durable,D_stay,zh-Hant-TW,租屋補助電話,1400,0,,subsidy-contact,none
rents.rules-durable,D_stay,zh-Hant-TW,台北租屋補助,1200,20,1,subsidy-city,none
rents.rules-durable,D_stay,zh-Hant-TW,台北市租屋補助,1200,0,1,subsidy-city,none
rents.rules-durable,D_stay,zh-Hant-TW,台南租屋補助,1200,19,,subsidy-city,none
rents.rules-durable,D_stay,zh-Hant-TW,台中租屋補助資格,1200,0,1,subsidy-city-eligibility,none
rents.rules-durable,D_stay,zh-Hant-TW,內政部租屋補助,1100,0,1,subsidy-authority,none
rents.rules-durable,D_stay,zh-Hant-TW,桃園租屋補助,1100,0,1,subsidy-city,none
rents.rules-durable,D_stay,zh-Hant-TW,台中市租屋補助,1100,15,1,subsidy-city,none
rents.rules-durable,D_stay,zh-Hant-TW,如何申請租屋補助,1000,8,1,subsidy-question,none
rents.rules-durable,D_stay,zh-Hant-TW,租屋補助多少錢,900,18,1,subsidy-question,none
rents.rules-durable,D_stay,zh-Hant-TW,租屋補助怎麼申請,900,6,1,subsidy-question,none
rents.rules-durable,D_stay,zh-Hant-TW,租屋補助金額試算,700,15,1,subsidy-calculator,none
rents.rules-durable,D_stay,zh-Hant-TW,大學生校外租屋補助申請,700,0,,subsidy-audience,none
rents.rules-durable,D_stay,zh-Hant-TW,大學生租屋補助資格,700,3,1,subsidy-audience,none
rents.rules-durable,D_stay,zh-Hant-TW,新竹租屋補助,600,0,1,subsidy-city,none
rents.rules-durable,D_stay,zh-Hant-TW,大學生租屋補助,600,2,1,subsidy-audience,none
rents.rules-durable,D_stay,zh-Hant-TW,社會住宅可以申請租屋補助嗎,600,0,1,subsidy-question,none
rents.rules-durable,D_stay,zh-Hant-TW,高雄市租屋補助,600,9,1,subsidy-city,none
rents.rules-durable,D_stay,zh-Hant-TW,為什麼房東不給申請租屋補助,500,0,,subsidy-landlord,none
rents.rules-durable,D_stay,zh-Hant-TW,原住民租屋補助,500,5,,subsidy-audience,none
rents.rules-durable,D_stay,zh-Hant-TW,申請租屋補助房東會知道嗎,450,0,1,subsidy-landlord,none
rents.rules-durable,D_stay,zh-Hant-TW,申請租屋補助房東會被課稅嗎,450,1,1,subsidy-landlord,none
rents.rules-durable,D_stay,zh-Hant-TW,租屋補助對房東的影響,450,0,1,subsidy-landlord,none
