keyword	country	volume_monthly	kd	cpc_cents	global_volume
kalendarz 2026	pl	211323	2	4	453000
niedziele handlowe 2026	pl	112119	2	1	365000
imieniny	pl	50193	0	2	68000
wielkanoc 2027	pl	25644	0	10	32000
kalendarz 2027	pl	15801	0	4	13000
jakie jest dzisiaj swieto	pl	9938	18	160	10000
boze cialo 2027	pl	9228	0	4	5700
godziny pracy 2026	pl	4976	1	1	14000
niedziele handlowe 2027	pl	2689	0		2200
zielone swiatki 2027	pl	2605	0		1900
kalendarz 2028	pl	2345	0	3	2200
numer tygodnia	pl	1383	3	20	2200
kalendarz 2029	pl	1294	0	3	1100
dlugie weekendy 2027	pl	739	0	10	300
trzech kroli 2027	pl	625			300
kalendarz styczen 2027	pl	598			250
zarobki w niemczech	pl	570	0		700
dni robocze 2027	pl	417			250
godziny pracy 2027	pl	413			200
srednie zarobki w niemczech	pl	390	0		600
wymiar czasu pracy 2027	pl	341			200
kalendarz 2030	pl	322	0	6	400
kalendarz lipiec 2027	pl	288			100
ceny w niemczech	pl	268	0		300
dni wolne od pracy niemcy	pl	260	0	1	600
dlugie weekendy 2026	pl	240	0	1	3900
kalendarz luty 2027	pl	227			150
srednie wynagrodzenie w niemczech	pl	154	0		200
nowy rok 2027	pl	143			200
boze narodzenie 2027	pl	162			100
wynajem mieszkania niemcy	pl	162	5		250
dni wolne od pracy polska	pl	85	2	1	250
dni wolne od pracy czechy	pl	60	0	1	90
ile kosztuje zycie w niemczech	pl	51	0		60
srednia pensja niemcy	pl	37	0		40
wszystkich swietych 2027	pl	35			30
kalendarz grudzien 2027	pl	29			30
srednia pensja polska	pl	25	8		50
koszty utrzymania w niemczech	pl	12	0		20
dni wolne od pracy slowacja	pl	11			30
dni wolne od pracy litwa	pl	10			20
koszty zycia tajlandia	pl	8			10
swieto pracy 2027	pl	2			0
koszty zycia polska	pl	1			0
koszty zycia niemcy	pl	1			10
koszty zycia hiszpania	pl	1			0
koszty zycia portugalia	pl	1			0
koszty utrzymania niemcy	pl	1			0
