key	total	VALID	SOURCE_ACQUISITION_CANDIDATE	REJECTED_FAMILY	MERGED_DUPLICATE
annual-climate	3460	3006	0	0	454
neighbourhood-profile	1403	1403	0	0	0
country-cost-of-living	995	995	0	0	0
month-climate-january	13911	565	0	11251	2095
month-climate-february	13911	565	0	11251	2095
month-climate-march	13911	565	0	11251	2095
month-climate-april	13911	565	0	11251	2095
month-climate-may	13911	565	0	11251	2095
month-climate-june	13911	565	0	11251	2095
month-climate-july	13911	565	0	11251	2095
month-climate-august	13911	565	0	11251	2095
month-climate-september	13911	565	0	11251	2095
month-climate-october	13911	565	0	11251	2095
month-climate-november	13911	565	0	11251	2095
month-climate-december	13911	565	0	11251	2095
subdivision-holidays	190	144	0	0	46
country-holidays	116	111	0	0	5
country-salary	145	108	0	0	37
where-to-stay	312	39	0	39	234
long-weekends-2026	39	38	0	0	1
long-weekends-2027	39	38	0	0	1
working-time-2026	39	38	0	0	1
working-time-2027	39	38	0	0	1
today	5	5	0	0	0
year-calendar-2026	5	5	0	0	0
month-calendar-2026-january	5	5	0	0	0
month-calendar-2026-february	5	5	0	0	0
month-calendar-2026-march	5	5	0	0	0
month-calendar-2026-april	5	5	0	0	0
month-calendar-2026-may	5	5	0	0	0
month-calendar-2026-june	5	5	0	0	0
month-calendar-2026-july	5	5	0	0	0
month-calendar-2026-august	5	5	0	0	0
month-calendar-2026-september	5	5	0	0	0
month-calendar-2026-october	5	5	0	0	0
month-calendar-2026-november	5	5	0	0	0
month-calendar-2026-december	5	5	0	0	0
year-calendar-2027	5	5	0	0	0
month-calendar-2027-january	5	5	0	0	0
month-calendar-2027-february	5	5	0	0	0
month-calendar-2027-march	5	5	0	0	0
month-calendar-2027-april	5	5	0	0	0
month-calendar-2027-may	5	5	0	0	0
month-calendar-2027-june	5	5	0	0	0
month-calendar-2027-july	5	5	0	0	0
month-calendar-2027-august	5	5	0	0	0
month-calendar-2027-september	5	5	0	0	0
month-calendar-2027-october	5	5	0	0	0
month-calendar-2027-november	5	5	0	0	0
month-calendar-2027-december	5	5	0	0	0
year-calendar-2028	5	5	0	0	0
month-calendar-2028-january	5	5	0	0	0
month-calendar-2028-february	5	5	0	0	0
month-calendar-2028-march	5	5	0	0	0
month-calendar-2028-april	5	5	0	0	0
month-calendar-2028-may	5	5	0	0	0
month-calendar-2028-june	5	5	0	0	0
month-calendar-2028-july	5	5	0	0	0
month-calendar-2028-august	5	5	0	0	0
month-calendar-2028-september	5	5	0	0	0
month-calendar-2028-october	5	5	0	0	0
month-calendar-2028-november	5	5	0	0	0
month-calendar-2028-december	5	5	0	0	0
year-calendar-2029	5	5	0	0	0
year-calendar-2030	5	5	0	0	0
week-numbers	5	5	0	0	0
tool-salary-calculator	5	5	0	0	0
tool-rent-affordability	5	5	0	0	0
tool-cost-of-living-comparison	5	5	0	0	0
tool-moving-cost	5	5	0	0	0
tool-travel-budget	5	5	0	0	0
tool-city-comparison	5	5	0	0	0
tool-relocation-calculator	5	5	0	0	0
tool-tax-calculator	5	5	0	0	0
tool-working-time-calculator	5	5	0	0	0
tool-bridge-day-planner	5	5	0	0	0
tool-date-calculator	5	5	0	0	0
tool-week-number-calculator	5	5	0	0	0
tool-currency-cost-converter	5	5	0	0	0
tool-esim-data-estimator	5	5	0	0	0
holiday-date-allerheiligen	8	4	0	0	4
holiday-date-saint-joseph	4	4	0	0	0
holiday-date-workers-day	4	4	0	0	0
holiday-date-corpus-christi	9	3	0	0	6
holiday-date-labour-day	38	2	0	0	36
holiday-date-christmas-day	38	2	0	0	36
holiday-date-new-years-day	34	2	0	0	32
holiday-date-easter-monday	34	2	0	0	32
holiday-date-good-friday	22	2	0	0	20
holiday-date-all-saints-day	20	2	0	0	18
holiday-date-epiphany	16	2	0	0	14
holiday-date-easter-sunday	16	2	0	0	14
holiday-date-christmas-eve	14	2	0	0	12
holiday-date-assumption-day	12	2	0	0	10
holiday-date-immaculate-conception	8	2	0	0	6
holiday-date-independence-day	8	2	0	0	6
holiday-date-victory-day	8	2	0	0	6
holiday-date-midsummer-day	8	2	0	0	6
holiday-date-pentecost-monday	6	2	0	0	4
holiday-date-st-stephens-day	6	2	0	0	4
holiday-date-orthodox-easter-sunday	6	2	0	0	4
holiday-date-orthodox-easter-monday	6	2	0	0	4
holiday-date-ostermontag	6	2	0	0	4
holiday-date-pfingstmontag	6	2	0	0	4
holiday-date-fronleichnam	6	2	0	0	4
holiday-date-mariae-himmelfahrt	6	2	0	0	4
holiday-date-lundi-de-paques	6	2	0	0	4
holiday-date-fete-du-travail	6	2	0	0	4
holiday-date-ascension	6	2	0	0	4
holiday-date-lundi-de-pentecote	6	2	0	0	4
holiday-date-assomption	6	2	0	0	4
holiday-date-toussaint	6	2	0	0	4
holiday-date-noel	6	2	0	0	4
holiday-date-second-christmas-day	6	2	0	0	4
holiday-date-boxing-day	6	2	0	0	4
holiday-date-national-day	6	2	0	0	4
holiday-date-ascension-day	6	2	0	0	4
holiday-date-all-souls-day	6	2	0	0	4
holiday-date-new-year	6	2	0	0	4
holiday-date-liberation-day	4	2	0	0	2
holiday-date-youth-day	4	2	0	0	2
holiday-date-neujahr	4	2	0	0	2
holiday-date-heilige-drei-koenige	4	2	0	0	2
holiday-date-christi-himmelfahrt	4	2	0	0	2
holiday-date-mariae-empfaengnis	4	2	0	0	2
holiday-date-nieuwjaarsdag	4	2	0	0	2
holiday-date-jour-de-lan	4	2	0	0	2
holiday-date-fete-nationale	4	2	0	0	2
holiday-date-capodanno	4	2	0	0	2
holiday-date-epifania	4	2	0	0	2
holiday-date-karfreitag	4	2	0	0	2
holiday-date-vendredi-saint	4	2	0	0	2
holiday-date-lunedi-di-pasqua	4	2	0	0	2
holiday-date-fahrtsfest	4	2	0	0	2
holiday-date-tag-der-arbeit	4	2	0	0	2
holiday-date-festa-del-lavoro	4	2	0	0	2
holiday-date-lunedi-di-pentecoste	4	2	0	0	2
holiday-date-santi-pietro-e-paolo	4	2	0	0	2
holiday-date-ognissanti	4	2	0	0	2
holiday-date-immacolata-concezione	4	2	0	0	2
holiday-date-st-cyril-and-methodius-day	4	2	0	0	2
holiday-date-day-of-struggle-for-freedom-and-democracy	4	2	0	0	2
holiday-date-pentecost	4	2	0	0	2
holiday-date-statehood-day	4	2	0	0	2
holiday-date-nativity-of-mary	4	2	0	0	2
holiday-date-2nd-day-of-christmas	4	2	0	0	2
holiday-date-europe-day	4	2	0	0	2
holiday-date-whit-monday	4	2	0	0	2
holiday-date-new-years-eve	4	2	0	0	2
holiday-date-international-womens-day	4	2	0	0	2
holiday-date-childrens-day	4	2	0	0	2
holiday-date-freedom-day	4	2	0	0	2
holiday-date-whit-sunday	4	2	0	0	2
holiday-date-saint-stephens-day	4	2	0	0	2
holiday-date-ano-nuevo	3	2	0	0	1
holiday-date-navidad	3	2	0	0	1
holiday-date-carnival	2	2	0	0	0
holiday-date-constitution-day	2	2	0	0	0
holiday-date-national-holiday	2	2	0	0	0
holiday-date-new-years-day-holiday	2	2	0	0	0
holiday-date-summer-day	2	2	0	0	0
holiday-date-eid-al-fitr-holiday-of-breaking-the-fast	2	2	0	0	0
holiday-date-nowruz-persian-new-year	2	2	0	0	0
holiday-date-eid-ul-adha-feast-of-sacrifice	2	2	0	0	0
holiday-date-mother-teresa-day	2	2	0	0	0
holiday-date-flag-and-independence-day	2	2	0	0	0
holiday-date-staatsfeiertag	2	2	0	0	0
holiday-date-nationalfeiertag	2	2	0	0	0
holiday-date-christtag	2	2	0	0	0
holiday-date-stefanitag	2	2	0	0	0
holiday-date-pasen	2	2	0	0	0
holiday-date-paques	2	2	0	0	0
holiday-date-paasmaandag	2	2	0	0	0
holiday-date-dag-van-de-arbeid	2	2	0	0	0
holiday-date-o-l-h-hemelvaart	2	2	0	0	0
holiday-date-pinksteren	2	2	0	0	0
holiday-date-pentecote	2	2	0	0	0
holiday-date-pinkstermaandag	2	2	0	0	0
holiday-date-nationale-feestdag	2	2	0	0	0
holiday-date-o-l-v-hemelvaart	2	2	0	0	0
holiday-date-wapenstilstand-van-1918	2	2	0	0	0
holiday-date-armistice-de-1918	2	2	0	0	0
holiday-date-kerstmis	2	2	0	0	0
holiday-date-bulgarias-liberation-from-the-ottoman-empire	2	2	0	0	0
holiday-date-holy-saturday	2	2	0	0	0
holiday-date-st-georges-day-and-the-bulgarian-armys-day	2	2	0	0	0
holiday-date-bulgarian-education-and-culture-and-slavic-script-day	2	2	0	0	0
holiday-date-unification-day	2	2	0	0	0
holiday-date-christmas-orthodox-christmas	2	2	0	0	0
holiday-date-womens-day	2	2	0	0	0
holiday-date-radunitsa	2	2	0	0	0
holiday-date-day-of-the-republic	2	2	0	0	0
holiday-date-october-revolution-day	2	2	0	0	0
holiday-date-catholic-christmas	2	2	0	0	0
holiday-date-neujahrstag	2	2	0	0	0
holiday-date-nouvel-an	2	2	0	0	0
holiday-date-berchtoldstag	2	2	0	0	0
holiday-date-saint-berchtold	2	2	0	0	0
holiday-date-santo-berchold	2	2	0	0	0
holiday-date-dreikoenigstag	2	2	0	0	0
holiday-date-epiphanie	2	2	0	0	0
holiday-date-antoniustag	2	2	0	0	0
holiday-date-fete-de-saint-antoine	2	2	0	0	0
holiday-date-festa-di-santantonio	2	2	0	0	0
holiday-date-meinradstag	2	2	0	0	0
holiday-date-journee-de-meinrad	2	2	0	0	0
holiday-date-giorno-di-meinrad	2	2	0	0	0
holiday-date-mariae-lichtmess	2	2	0	0	0
holiday-date-la-chandeleur	2	2	0	0	0
holiday-date-candelora	2	2	0	0	0
holiday-date-agathatag	2	2	0	0	0
holiday-date-journee-de-lagathe	2	2	0	0	0
holiday-date-giorno-di-santagata	2	2	0	0	0
holiday-date-jahrestag-der-ausrufung-der-republik	2	2	0	0	0
holiday-date-instauration-de-la-republique	2	2	0	0	0
holiday-date-istituzione-della-repubblica	2	2	0	0	0
holiday-date-josephstag	2	2	0	0	0
holiday-date-san-giuseppe	2	2	0	0	0
holiday-date-heiliger-benedikt	2	2	0	0	0
holiday-date-saint-benoit	2	2	0	0	0
holiday-date-san-benedetto	2	2	0	0	0
holiday-regions-vendredi-saint	2	2	0	0	0
holiday-date-venerdi-santo	2	2	0	0	0
holiday-date-naefelser-fahrt	2	2	0	0	0
holiday-date-heiliger-sigismund	2	2	0	0	0
holiday-date-saint-sigismond	2	2	0	0	0
holiday-date-san-sigismondo	2	2	0	0	0
holiday-date-auffahrt	2	2	0	0	0
holiday-date-ascensione	2	2	0	0	0
holiday-regions-lunedi-di-pentecoste	2	2	0	0	0
holiday-regions-fronleichnam	2	2	0	0	0
holiday-date-fete-dieu	2	2	0	0	0
holiday-date-corpus-domini	2	2	0	0	0
holiday-date-fest-der-unabhaengigkeit	2	2	0	0	0
holiday-date-commemoration-du-plebiscite-jurassien	2	2	0	0	0
holiday-date-commemorazione-del-plebiscito-del-giura	2	2	0	0	0
holiday-date-peter-und-paul	2	2	0	0	0
holiday-date-saint-pierre-et-paul	2	2	0	0	0
holiday-regions-santi-pietro-e-paolo	2	2	0	0	0
holiday-date-bundesfeiertag	2	2	0	0	0
holiday-date-fete-nationale-suisse	2	2	0	0	0
holiday-date-festa-nazionale	2	2	0	0	0
holiday-regions-mariae-himmelfahrt	2	2	0	0	0
holiday-date-assunzione	2	2	0	0	0
holiday-date-genfer-bettag	2	2	0	0	0
holiday-date-jeune-genevois	2	2	0	0	0
holiday-date-digiuno-ginevrino	2	2	0	0	0
holiday-date-engelweihe	2	2	0	0	0
holiday-date-consecration-des-anges	2	2	0	0	0
holiday-date-consacrazione-dellangelo	2	2	0	0	0
holiday-date-bettagsmontag	2	2	0	0	0
holiday-date-lundi-du-jeune	2	2	0	0	0
holiday-date-lunedi-di-quaresima	2	2	0	0	0
holiday-date-eidgenoessischer-dank-buss-und-bettag	2	2	0	0	0
holiday-date-jeune-federal	2	2	0	0	0
holiday-date-festa-federale-di-ringraziamento	2	2	0	0	0
holiday-date-mauritiustag	2	2	0	0	0
holiday-date-saint-maurice	2	2	0	0	0
holiday-date-san-maurizio	2	2	0	0	0
holiday-date-bruder-klausen-fest	2	2	0	0	0
holiday-date-fete-de-saint-nicolas-de-fluee	2	2	0	0	0
holiday-date-festa-di-san-nicola-di-fluee	2	2	0	0	0
holiday-date-gallustag	2	2	0	0	0
holiday-date-journee-de-gallus	2	2	0	0	0
holiday-date-giorno-di-gallus	2	2	0	0	0
holiday-regions-allerheiligen	2	2	0	0	0
holiday-date-martinstag	2	2	0	0	0
holiday-date-journee-de-la-saint-martin	2	2	0	0	0
holiday-date-giorno-di-san-martino	2	2	0	0	0
holiday-date-immaculee-conception	2	2	0	0	0
holiday-date-weihnachten	2	2	0	0	0
holiday-date-natale	2	2	0	0	0
holiday-date-stephanstag	2	2	0	0	0
holiday-date-saint-etienne	2	2	0	0	0
holiday-date-giorno-di-santo-stefano	2	2	0	0	0
holiday-date-wiederherstellung-der-republik	2	2	0	0	0
holiday-date-restauration-de-la-republique	2	2	0	0	0
holiday-date-restauro-della-repubblica	2	2	0	0	0
holiday-date-day-of-the-restoration-of-the-independent-czech-state	2	2	0	0	0
holiday-date-day-of-the-burning-of-jan-hus	2	2	0	0	0
holiday-date-czech-statehood-day	2	2	0	0	0
holiday-date-internationaler-frauentag	2	2	0	0	0
holiday-date-ostersonntag	2	2	0	0	0
holiday-date-pfingstsonntag	2	2	0	0	0
holiday-date-friedensfest	2	2	0	0	0
holiday-date-weltkindertag	2	2	0	0	0
holiday-date-tag-der-deutschen-einheit	2	2	0	0	0
holiday-date-reformationstag	2	2	0	0	0
holiday-date-buss-und-bettag	2	2	0	0	0
holiday-date-1-weihnachtsfeiertag	2	2	0	0	0
holiday-date-2-weihnachtsfeiertag	2	2	0	0	0
holiday-date-spring-day	2	2	0	0	0
holiday-date-day-of-restoration-of-independence	2	2	0	0	0
holiday-date-abolition-de-lesclavage	2	2	0	0	0
holiday-date-victoire-1945	2	2	0	0	0
holiday-date-armistice-1918	2	2	0	0	0
holiday-date-2eme-jour-de-noel	2	2	0	0	0
holiday-date-anti-fascist-struggle-day	2	2	0	0	0
holiday-date-victory-and-homeland-thanksgiving-day-and-the-day-of-croatian-defenders	2	2	0	0	0
holiday-date-remembrance-day	2	2	0	0	0
holiday-date-christmas	2	2	0	0	0
holiday-date-state-foundation-day	2	2	0	0	0
holiday-date-second-day-of-christmas	2	2	0	0	0
holiday-date-saint-brigids-day	2	2	0	0	0
holiday-date-saint-patricks-day	2	2	0	0	0
holiday-date-may-day	2	2	0	0	0
holiday-date-june-holiday	2	2	0	0	0
holiday-date-august-holiday	2	2	0	0	0
holiday-date-october-holiday	2	2	0	0	0
holiday-date-festa-di-san-marco	2	2	0	0	0
holiday-date-anniversario-della-liberazione-ditalia	2	2	0	0	0
holiday-date-sa-die-de-sa-sardigna	2	2	0	0	0
holiday-date-festa-della-repubblica	2	2	0	0	0
holiday-date-san-giovanni-battista	2	2	0	0	0
holiday-date-santa-rosalia	2	2	0	0	0
holiday-date-ferragosto	2	2	0	0	0
holiday-date-san-gennaro	2	2	0	0	0
holiday-date-san-petronio	2	2	0	0	0
holiday-date-san-saturnino	2	2	0	0	0
holiday-date-san-giusto	2	2	0	0	0
holiday-date-san-nicola	2	2	0	0	0
holiday-date-santambrogio	2	2	0	0	0
holiday-date-natale-di-gesu	2	2	0	0	0
holiday-date-santo-stefano	2	2	0	0	0
holiday-date-national-day-assumption	2	2	0	0	0
holiday-date-day-of-restoration-of-the-lithuanian-state	2	2	0	0	0
holiday-date-day-of-restoration-of-independence-of-lithuania	2	2	0	0	0
holiday-date-mayday	2	2	0	0	0
holiday-date-grand-dukes-birthday	2	2	0	0	0
holiday-date-assumption	2	2	0	0	0
holiday-date-all-saints	2	2	0	0	0
holiday-date-day-of-the-restoration-of-independence	2	2	0	0	0
holiday-date-mothers-day	2	2	0	0	0
holiday-date-midsummers-eve	2	2	0	0	0
holiday-date-day-of-the-proclamation-of-the-republic-of-latvia	2	2	0	0	0
holiday-date-saint-devotes-day	2	2	0	0	0
holiday-date-ascensions-day	2	2	0	0	0
holiday-date-assumptions-day	2	2	0	0	0
holiday-date-princes-day	2	2	0	0	0
holiday-date-immaculate-conceptions-day	2	2	0	0	0
holiday-date-birth-of-jesus-christ-christmas-in-the-old-style	2	2	0	0	0
holiday-date-commemoration-day-radonitsa	2	2	0	0	0
holiday-date-independence-day-of-the-republic-of-moldova	2	2	0	0	0
holiday-date-national-language-day	2	2	0	0	0
holiday-date-birth-of-jesus-christ-christmas-in-a-new-style	2	2	0	0	0
holiday-date-feast-of-st-pauls-shipwreck	2	2	0	0	0
holiday-date-feast-of-st-joseph	2	2	0	0	0
holiday-date-sette-giugno	2	2	0	0	0
holiday-date-feast-of-st-peter-and-st-paul	2	2	0	0	0
holiday-date-feast-of-the-assumption	2	2	0	0	0
holiday-date-feast-of-our-lady-of-victories	2	2	0	0	0
holiday-date-feast-of-the-immaculate-conception	2	2	0	0	0
holiday-date-republic-day	2	2	0	0	0
holiday-date-dia-de-la-constitucion	2	2	0	0	0
holiday-date-natalicio-de-benito-juarez	2	2	0	0	0
holiday-date-dia-del-trabajo	2	2	0	0	0
holiday-date-dia-de-la-independencia	2	2	0	0	0
holiday-date-revolucion-mexicana	2	2	0	0	0
holiday-date-goede-vrijdag	2	2	0	0	0
holiday-date-eerste-paasdag	2	2	0	0	0
holiday-date-tweede-paasdag	2	2	0	0	0
holiday-date-koningsdag	2	2	0	0	0
holiday-date-bevrijdingsdag	2	2	0	0	0
holiday-date-hemelvaartsdag	2	2	0	0	0
holiday-date-eerste-pinksterdag	2	2	0	0	0
holiday-date-tweede-pinksterdag	2	2	0	0	0
holiday-date-eerste-kerstdag	2	2	0	0	0
holiday-date-tweede-kerstdag	2	2	0	0	0
holiday-date-nowy-rok	2	2	0	0	0
holiday-date-swieto-trzech-kroli	2	2	0	0	0
holiday-date-wielkanoc	2	2	0	0	0
holiday-date-drugi-dzien-wielkanocy	2	2	0	0	0
holiday-date-swieto-pracy	2	2	0	0	0
holiday-date-swieto-narodowe-trzeciego-maja	2	2	0	0	0
holiday-date-zielone-swiatki	2	2	0	0	0
holiday-date-boze-cialo	2	2	0	0	0
holiday-date-wniebowziecie-najswietszej-maryi-panny	2	2	0	0	0
holiday-date-wszystkich-swietych	2	2	0	0	0
holiday-date-narodowe-swieto-niepodleglosci	2	2	0	0	0
holiday-date-wigilia-bozego-narodzenia	2	2	0	0	0
holiday-date-boze-narodzenie	2	2	0	0	0
holiday-date-drugi-dzien-bozego-narodzenia	2	2	0	0	0
holiday-date-ano-novo	2	2	0	0	0
holiday-date-sexta-feira-santa	2	2	0	0	0
holiday-date-domingo-de-pascoa	2	2	0	0	0
holiday-date-dia-da-liberdade	2	2	0	0	0
holiday-date-dia-do-trabalhador	2	2	0	0	0
holiday-date-corpo-de-deus	2	2	0	0	0
holiday-date-dia-de-portugal-de-camoes-e-das-comunidades-portuguesas	2	2	0	0	0
holiday-date-assuncao-de-nossa-senhora	2	2	0	0	0
holiday-date-implantacao-da-republica	2	2	0	0	0
holiday-date-todos-os-santos	2	2	0	0	0
holiday-date-restauracao-da-independencia	2	2	0	0	0
holiday-date-imaculada-conceicao	2	2	0	0	0
holiday-date-natal	2	2	0	0	0
holiday-date-saint-john-the-baptist-day	2	2	0	0	0
holiday-date-day-of-the-unification-of-the-romanian-principalities	2	2	0	0	0
holiday-date-orthodox-good-friday	2	2	0	0	0
holiday-date-orthodox-pentecost-sunday	2	2	0	0	0
holiday-date-orthodox-pentecost-monday	2	2	0	0	0
holiday-date-saint-andrews-day	2	2	0	0	0
holiday-date-national-day-of-romania	2	2	0	0	0
holiday-date-first-christmas-day	2	2	0	0	0
holiday-date-christmas-orthodox	2	2	0	0	0
holiday-date-sovereignty-day	2	2	0	0	0
holiday-date-good-friday-orthodox	2	2	0	0	0
holiday-date-easter-saturday-orthodox	2	2	0	0	0
holiday-date-easter-sunday-orthodox	2	2	0	0	0
holiday-date-easter-monday-orthodox	2	2	0	0	0
holiday-date-armistice-day	2	2	0	0	0
holiday-date-new-years-holidays	2	2	0	0	0
holiday-date-nativity-of-christ-orthodox-christmas	2	2	0	0	0
holiday-date-defender-of-the-fatherland-day	2	2	0	0	0
holiday-date-russia-day	2	2	0	0	0
holiday-date-national-unity-day	2	2	0	0	0
holiday-date-new-year-holiday	2	2	0	0	0
holiday-date-preseren-day	2	2	0	0	0
holiday-date-day-of-uprising-against-the-occupation	2	2	0	0	0
holiday-date-reformation-day	2	2	0	0	0
holiday-date-day-of-remembrance-for-the-dead	2	2	0	0	0
holiday-date-independence-and-unity-day	2	2	0	0	0
holiday-date-day-of-the-slovak-republic	2	2	0	0	0
holiday-date-day-of-victory-over-fascism	2	2	0	0	0
holiday-date-slovak-national-uprising-anniversary	2	2	0	0	0
holiday-date-day-of-our-lady-of-the-seven-sorrows	2	2	0	0	0
holiday-date-solemnity-of-mary-the-holy-mother-of-god	2	2	0	0	0
holiday-date-saint-agathas-day	2	2	0	0	0
holiday-date-anniversary-of-the-1906-arengo-and-commemoration-of-the-militia	2	2	0	0	0
holiday-date-investiture-of-the-captains-regent-heads-of-state	2	2	0	0	0
holiday-date-easter	2	2	0	0	0
holiday-date-anniversary-of-the-fall-of-fascism-and-day-of-freedom	2	2	0	0	0
holiday-date-assumption-of-the-virgin-day	2	2	0	0	0
holiday-date-san-marino-national-holiday-foundation-of-the-republic-301-a-d	2	2	0	0	0
holiday-date-solemnity-of-mary-mother-of-god	2	2	0	0	0
holiday-date-anniversary-of-the-foundation-of-vatican-city	2	2	0	0	0
holiday-date-maundy-thursday	2	2	0	0	0
holiday-date-easter-saturday	2	2	0	0	0
holiday-date-easter-tuesday	2	2	0	0	0
holiday-date-saint-joseph-the-worker	2	2	0	0	0
holiday-date-anniversary-of-the-election-of-pope-leo-xiv	2	2	0	0	0
holiday-date-saints-peter-and-paul	2	2	0	0	0
holiday-date-vigil-of-the-assumption	2	2	0	0	0
holiday-date-saint-stephen-of-hungary	2	2	0	0	0
holiday-date-saint-robert-bellarmines-day	2	2	0	0	0
holiday-date-saint-john-the-evangelist	2	2	0	0	0
holiday-date-human-rights-day	2	2	0	0	0
holiday-date-family-day	2	2	0	0	0
holiday-date-national-womens-day	2	2	0	0	0
holiday-date-heritage-day	2	2	0	0	0
holiday-date-day-of-reconciliation	2	2	0	0	0
holiday-date-day-of-goodwill	2	2	0	0	0
holiday-regions-fahrtsfest	2	1	0	0	1
holiday-date-euro-adoption-day	1	1	0	0	0
holiday-date-bulgarian-education-and-culture-and-slavic-script-day-observed	1	1	0	0	0
holiday-date-unification-day-observed	1	1	0	0	0
holiday-date-christmas-day-observed	1	1	0	0	0
holiday-regions-berchtoldstag	1	1	0	0	0
holiday-regions-saint-berchtold	1	1	0	0	0
holiday-regions-santo-berchold	1	1	0	0	0
holiday-regions-dreikoenigstag	1	1	0	0	0
holiday-regions-epiphanie	1	1	0	0	0
holiday-regions-epifania	1	1	0	0	0
holiday-regions-antoniustag	1	1	0	0	0
holiday-regions-fete-de-saint-antoine	1	1	0	0	0
holiday-regions-festa-di-santantonio	1	1	0	0	0
holiday-regions-meinradstag	1	1	0	0	0
holiday-regions-journee-de-meinrad	1	1	0	0	0
holiday-regions-giorno-di-meinrad	1	1	0	0	0
holiday-regions-mariae-lichtmess	1	1	0	0	0
holiday-regions-la-chandeleur	1	1	0	0	0
holiday-regions-candelora	1	1	0	0	0
holiday-regions-agathatag	1	1	0	0	0
holiday-regions-journee-de-lagathe	1	1	0	0	0
holiday-regions-giorno-di-santagata	1	1	0	0	0
holiday-regions-jahrestag-der-ausrufung-der-republik	1	1	0	0	0
holiday-regions-instauration-de-la-republique	1	1	0	0	0
holiday-regions-istituzione-della-repubblica	1	1	0	0	0
holiday-regions-josephstag	1	1	0	0	0
holiday-regions-saint-joseph	1	1	0	0	0
holiday-regions-san-giuseppe	1	1	0	0	0
holiday-regions-heiliger-benedikt	1	1	0	0	0
holiday-regions-saint-benoit	1	1	0	0	0
holiday-regions-san-benedetto	1	1	0	0	0
holiday-regions-karfreitag	1	1	0	0	0
holiday-regions-venerdi-santo	1	1	0	0	0
holiday-regions-ostermontag	1	1	0	0	0
holiday-regions-lundi-de-paques	1	1	0	0	0
holiday-regions-lunedi-di-pasqua	1	1	0	0	0
holiday-regions-naefelser-fahrt	1	1	0	0	0
holiday-regions-heiliger-sigismund	1	1	0	0	0
holiday-regions-saint-sigismond	1	1	0	0	0
holiday-regions-san-sigismondo	1	1	0	0	0
holiday-regions-tag-der-arbeit	1	1	0	0	0
holiday-regions-fete-du-travail	1	1	0	0	0
holiday-regions-festa-del-lavoro	1	1	0	0	0
holiday-regions-pfingstmontag	1	1	0	0	0
holiday-regions-lundi-de-pentecote	1	1	0	0	0
holiday-regions-fete-dieu	1	1	0	0	0
holiday-regions-corpus-domini	1	1	0	0	0
holiday-regions-fest-der-unabhaengigkeit	1	1	0	0	0
holiday-regions-commemoration-du-plebiscite-jurassien	1	1	0	0	0
holiday-regions-commemorazione-del-plebiscito-del-giura	1	1	0	0	0
holiday-regions-peter-und-paul	1	1	0	0	0
holiday-regions-saint-pierre-et-paul	1	1	0	0	0
holiday-regions-assomption	1	1	0	0	0
holiday-regions-assunzione	1	1	0	0	0
holiday-regions-genfer-bettag	1	1	0	0	0
holiday-regions-jeune-genevois	1	1	0	0	0
holiday-regions-digiuno-ginevrino	1	1	0	0	0
holiday-regions-engelweihe	1	1	0	0	0
holiday-regions-consecration-des-anges	1	1	0	0	0
holiday-regions-consacrazione-dellangelo	1	1	0	0	0
holiday-regions-bettagsmontag	1	1	0	0	0
holiday-regions-lundi-du-jeune	1	1	0	0	0
holiday-regions-lunedi-di-quaresima	1	1	0	0	0
holiday-regions-eidgenoessischer-dank-buss-und-bettag	1	1	0	0	0
holiday-regions-jeune-federal	1	1	0	0	0
holiday-regions-festa-federale-di-ringraziamento	1	1	0	0	0
holiday-regions-mauritiustag	1	1	0	0	0
holiday-regions-saint-maurice	1	1	0	0	0
holiday-regions-san-maurizio	1	1	0	0	0
holiday-regions-bruder-klausen-fest	1	1	0	0	0
holiday-regions-fete-de-saint-nicolas-de-fluee	1	1	0	0	0
holiday-regions-festa-di-san-nicola-di-fluee	1	1	0	0	0
holiday-regions-gallustag	1	1	0	0	0
holiday-regions-journee-de-gallus	1	1	0	0	0
holiday-regions-giorno-di-gallus	1	1	0	0	0
holiday-regions-toussaint	1	1	0	0	0
holiday-regions-ognissanti	1	1	0	0	0
holiday-regions-martinstag	1	1	0	0	0
holiday-regions-journee-de-la-saint-martin	1	1	0	0	0
holiday-regions-giorno-di-san-martino	1	1	0	0	0
holiday-regions-mariae-empfaengnis	1	1	0	0	0
holiday-regions-immaculee-conception	1	1	0	0	0
holiday-regions-immacolata-concezione	1	1	0	0	0
holiday-regions-stephanstag	1	1	0	0	0
holiday-regions-saint-etienne	1	1	0	0	0
holiday-regions-giorno-di-santo-stefano	1	1	0	0	0
holiday-regions-wiederherstellung-der-republik	1	1	0	0	0
holiday-regions-restauration-de-la-republique	1	1	0	0	0
holiday-regions-restauro-della-repubblica	1	1	0	0	0
holiday-regions-heilige-drei-koenige	1	1	0	0	0
holiday-regions-internationaler-frauentag	1	1	0	0	0
holiday-regions-ostersonntag	1	1	0	0	0
holiday-regions-pfingstsonntag	1	1	0	0	0
holiday-regions-friedensfest	1	1	0	0	0
holiday-regions-weltkindertag	1	1	0	0	0
holiday-regions-reformationstag	1	1	0	0	0
holiday-regions-buss-und-bettag	1	1	0	0	0
holiday-date-epifania-del-senor	1	1	0	0	0
holiday-date-virgen-de-la-candelaria	1	1	0	0	0
holiday-regions-virgen-de-la-candelaria	1	1	0	0	0
holiday-date-dia-de-andalucia	1	1	0	0	0
holiday-regions-dia-de-andalucia	1	1	0	0	0
holiday-date-dia-siguiente-del-dia-de-les-illes-balears	1	1	0	0	0
holiday-regions-dia-siguiente-del-dia-de-les-illes-balears	1	1	0	0	0
holiday-date-estatuto-de-autonomia-de-melilla	1	1	0	0	0
holiday-regions-estatuto-de-autonomia-de-melilla	1	1	0	0	0
holiday-date-dia-de-san-jose	1	1	0	0	0
holiday-regions-dia-de-san-jose	1	1	0	0	0
holiday-date-fiesta-del-fin-del-ramadan-eid-al-fitr	1	1	0	0	0
holiday-regions-fiesta-del-fin-del-ramadan-eid-al-fitr	1	1	0	0	0
holiday-date-jueves-santo	1	1	0	0	0
holiday-regions-jueves-santo	1	1	0	0	0
holiday-date-viernes-santo	1	1	0	0	0
holiday-date-lunes-de-pascua	1	1	0	0	0
holiday-regions-lunes-de-pascua	1	1	0	0	0
holiday-date-dia-de-aragon	1	1	0	0	0
holiday-regions-dia-de-aragon	1	1	0	0	0
holiday-date-dia-de-castilla-y-leon	1	1	0	0	0
holiday-regions-dia-de-castilla-y-leon	1	1	0	0	0
holiday-date-dia-del-trabajador	1	1	0	0	0
holiday-date-dia-de-la-comunidad-de-madrid	1	1	0	0	0
holiday-regions-dia-de-la-comunidad-de-madrid	1	1	0	0	0
holiday-date-dia-de-las-letras-gallegas	1	1	0	0	0
holiday-regions-dia-de-las-letras-gallegas	1	1	0	0	0
holiday-date-fiesta-del-sacrificio-eid-al-adha	1	1	0	0	0
holiday-regions-fiesta-del-sacrificio-eid-al-adha	1	1	0	0	0
holiday-date-dia-de-canarias	1	1	0	0	0
holiday-regions-dia-de-canarias	1	1	0	0	0
holiday-date-dia-de-castilla-la-mancha	1	1	0	0	0
holiday-regions-dia-de-castilla-la-mancha	1	1	0	0	0
holiday-regions-corpus-christi	1	1	0	0	0
holiday-date-dia-de-la-rioja	1	1	0	0	0
holiday-regions-dia-de-la-rioja	1	1	0	0	0
holiday-date-dia-de-la-region-de-murcia	1	1	0	0	0
holiday-regions-dia-de-la-region-de-murcia	1	1	0	0	0
holiday-date-san-antonio	1	1	0	0	0
holiday-regions-san-antonio	1	1	0	0	0
holiday-date-san-juan	1	1	0	0	0
holiday-regions-san-juan	1	1	0	0	0
holiday-date-dia-nacional-de-galicia	1	1	0	0	0
holiday-regions-dia-nacional-de-galicia	1	1	0	0	0
holiday-date-santiago-apostol	1	1	0	0	0
holiday-regions-santiago-apostol	1	1	0	0	0
holiday-date-dia-de-las-instituciones-de-cantabria	1	1	0	0	0
holiday-regions-dia-de-las-instituciones-de-cantabria	1	1	0	0	0
holiday-date-nuestra-senora-de-las-nieves	1	1	0	0	0
holiday-regions-nuestra-senora-de-las-nieves	1	1	0	0	0
holiday-date-nuestra-senora-de-africa	1	1	0	0	0
holiday-regions-nuestra-senora-de-africa	1	1	0	0	0
holiday-date-asuncion-de-la-virgen	1	1	0	0	0
holiday-date-dia-de-ceuta	1	1	0	0	0
holiday-regions-dia-de-ceuta	1	1	0	0	0
holiday-date-dia-de-estremadura	1	1	0	0	0
holiday-regions-dia-de-estremadura	1	1	0	0	0
holiday-date-dia-de-asturias	1	1	0	0	0
holiday-regions-dia-de-asturias	1	1	0	0	0
holiday-date-dia-de-ntra-sra-virgen-de-la-victoria	1	1	0	0	0
holiday-regions-dia-de-ntra-sra-virgen-de-la-victoria	1	1	0	0	0
holiday-date-nuestra-senora-del-pino	1	1	0	0	0
holiday-regions-nuestra-senora-del-pino	1	1	0	0	0
holiday-date-fiesta-nacional-de-cataluna	1	1	0	0	0
holiday-regions-fiesta-nacional-de-cataluna	1	1	0	0	0
holiday-date-la-bien-aparecida	1	1	0	0	0
holiday-regions-la-bien-aparecida	1	1	0	0	0
holiday-date-nuestra-senora-de-los-volcanes	1	1	0	0	0
holiday-regions-nuestra-senora-de-los-volcanes	1	1	0	0	0
holiday-date-dia-de-melilla	1	1	0	0	0
holiday-regions-dia-de-melilla	1	1	0	0	0
holiday-date-nuestra-senora-de-la-pena	1	1	0	0	0
holiday-regions-nuestra-senora-de-la-pena	1	1	0	0	0
holiday-date-nuestra-senora-de-los-reyes	1	1	0	0	0
holiday-regions-nuestra-senora-de-los-reyes	1	1	0	0	0
holiday-date-nuestra-senora-de-guadalupe	1	1	0	0	0
holiday-regions-nuestra-senora-de-guadalupe	1	1	0	0	0
holiday-date-dia-de-la-comunitat-valenciana	1	1	0	0	0
holiday-regions-dia-de-la-comunitat-valenciana	1	1	0	0	0
holiday-date-fiesta-nacional-de-espana	1	1	0	0	0
holiday-date-todos-los-santos	1	1	0	0	0
holiday-date-lunes-siguiente-a-todos-los-santos	1	1	0	0	0
holiday-regions-lunes-siguiente-a-todos-los-santos	1	1	0	0	0
holiday-date-san-francisco-javier	1	1	0	0	0
holiday-regions-san-francisco-javier	1	1	0	0	0
holiday-date-dia-de-la-constitucion-espanola	1	1	0	0	0
holiday-date-lunes-siguiente-al-dia-de-la-constitucion-espanola	1	1	0	0	0
holiday-regions-lunes-siguiente-al-dia-de-la-constitucion-espanola	1	1	0	0	0
holiday-date-inmaculada-concepcion	1	1	0	0	0
holiday-date-san-esteban	1	1	0	0	0
holiday-regions-san-esteban	1	1	0	0	0
holiday-regions-abolition-de-lesclavage	1	1	0	0	0
holiday-regions-2eme-jour-de-noel	1	1	0	0	0
holiday-regions-festa-di-san-marco	1	1	0	0	0
holiday-regions-sa-die-de-sa-sardigna	1	1	0	0	0
holiday-regions-san-giovanni-battista	1	1	0	0	0
holiday-regions-santa-rosalia	1	1	0	0	0
holiday-regions-san-gennaro	1	1	0	0	0
holiday-regions-san-petronio	1	1	0	0	0
holiday-regions-san-saturnino	1	1	0	0	0
holiday-regions-san-giusto	1	1	0	0	0
holiday-regions-san-nicola	1	1	0	0	0
holiday-regions-santambrogio	1	1	0	0	0
holiday-date-national-womens-day-observed	1	1	0	0	0
holiday-date-human-rights-day-observed	1	1	0	0	0
activity-season-running	11553	0	0	11553	0
activity-season-cycling	11553	0	0	11553	0
activity-season-hiking	11553	0	0	11553	0
activity-season-swimming	11553	0	0	11553	0
venue-profile	9438	0	0	9234	204
airport-transfer	1236	0	1089	0	147
city-role-salary-software-engineer	615	0	569	0	46
city-role-salary-nurse	615	0	569	0	46
city-role-salary-teacher	615	0	569	0	46
city-role-salary-accountant	615	0	569	0	46
city-role-salary-electrician	615	0	569	0	46
country-rent-trend	180	0	0	180	0
