priority	tier	keyword	country	market	language	cohort	surface	family	entity	path	volume	kd	cpc_cents	traffic_potential	gsc_impressions	gsc_signal	review_reason	cannibalization
1	LIVE_PRIMARY	kalkulator wynagrodzeń	pl	pl-PL	pl	001	tools	tools.calculator	salary-calculator	/pl/kalkulatory/kalkulator-wynagrodzen/	254000	43	1	895000	0	out_of_window		
2	LIVE_PRIMARY	feiertage nrw 2026	de	de-DE	de	002	pulse	events.subdivision-holidays	DE-NW	/de/feiertage/nordrhein-westfalen/	202000	1	6	38000	0	out_of_window		
3	LIVE_PRIMARY	jours fériés 2026	fr	fr-FR	fr	002	pulse	events.country-holidays	FR	/fr/jours-feries/france/	181000	0	1	206000	0	out_of_window		
4	LIVE_PRIMARY	feiertage bayern 2026	de	de-DE	de	002	pulse	events.subdivision-holidays	DE-BY	/de/feiertage/bayern/	149000	2	6	23000	0	out_of_window		
5	LIVE_PRIMARY	salary calculator	us	en-US	en	001	tools	tools.calculator	salary-calculator	/en/tools/salary-calculator/	148000	69	40	351000	0	out_of_window		
6	LIVE_PRIMARY	feestdagen 2026	nl	nl-NL	nl	002	pulse	events.country-holidays	NL	/nl/feestdagen/nederland/	95000	3	1	47000	0	out_of_window		
7	LIVE_PRIMARY	feiertage 2026	de	de-DE	de	002	pulse	events.country-holidays	DE	/de/feiertage/deutschland/	90000	12	5	3900	0	out_of_window		
8	LIVE_PRIMARY	gehaltsrechner	de	de-DE	de	001	tools	tools.calculator	salary-calculator	/de/rechner/gehaltsrechner/	88000	49	2	252000	0	out_of_window		
9	LIVE_PRIMARY	feiertage bw 2026	de	de-DE	de	002	pulse	events.subdivision-holidays	DE-BW	/de/feiertage/baden-wuerttemberg/	75000	0	6	51000	0	out_of_window		
10	LIVE_PRIMARY	feiertage hessen 2026	de	de-DE	de	002	pulse	events.subdivision-holidays	DE-HE	/de/feiertage/hessen/	70000	0	5	75000	0	out_of_window		
11	LIVE_PRIMARY	dni wolne od pracy 2026	pl	pl-PL	pl	002	pulse	events.country-holidays	PL	/pl/dni-wolne-od-pracy/polska/	67000	0	1	10	0	out_of_window		
12	LIVE_PRIMARY	best time to visit japan	us	en-US	en	002	climate	weather.country-best-time	JP	/en/best-time-to-visit/japan/	51000	3	7	12000	0	out_of_window		
13	LIVE_PRIMARY	cost of living comparison	us	en-US	en	001	tools	tools.cost-comparison	cost-of-living-comparison	/en/tools/cost-of-living-comparison/	49000	81	45	17000	0	out_of_window		
14	LIVE_PRIMARY	festivos madrid 2026	es	es-ES	es	002	pulse	events.subdivision-holidays	ES-MD	/es/dias-festivos/comunidad-de-madrid/	48000	1	1	38000	0	out_of_window		
15	LIVE_PRIMARY	feiertage niedersachsen 2026	de	de-DE	de	002	pulse	events.subdivision-holidays	DE-NI	/de/feiertage/niedersachsen/	47000	0	5	245000	0	out_of_window		
16	LIVE_PRIMARY	feiertage berlin 2026	de	de-DE	de	002	pulse	events.subdivision-holidays	DE-BE	/de/feiertage/berlin/	44000	1	5	29000	0	out_of_window		
17	LIVE_PRIMARY	cost of living calculator	us	en-US	en	001	tools	tools.cost-calculator	cost-of-living-calculator	/en/tools/cost-of-living-calculator/	39000	78	45	17000	0	out_of_window		
18	LIVE_PRIMARY	salaire moyen france	fr	fr-FR	fr	002	work	work.country-salaries	FR	/fr/salaires/france/	32000	3	7	15000	0	out_of_window		
19	LIVE_PRIMARY	durchschnittsgehalt deutschland	de	de-DE	de	002	work	work.country-salaries	DE	/de/gehaelter/deutschland/	29000	0	20	29000	0	out_of_window		
20	LIVE_PRIMARY	feiertage sachsen 2026	de	de-DE	de	002	pulse	events.subdivision-holidays	DE-SN	/de/feiertage/sachsen/	26000	0	6	50000	0	out_of_window		
21	LIVE_PRIMARY	stipendio medio italia	it	it-IT	it	002	work	work.country-salaries	IT	/it/stipendi/italia/	19000	5	1	1400	0	out_of_window		
22	LIVE_PRIMARY	how much rent can i afford	us	en-US	en	002	tools	tools.calculator	rent-affordability	/en/tools/how-much-rent-can-i-afford/	18000	38	2	39000	0	out_of_window		
23	LIVE_PRIMARY	salario medio españa	es	es-ES	es	002	work	work.country-salaries	ES	/es/salarios/espana/	17000	0	2	2300	0	out_of_window		
24	LIVE_PRIMARY	給与計算	jp	ja-JP	ja	001	tools	tools.calculator	salary-calculator	/ja/tool/salary-calculator/	17000	0	100	2300	0	out_of_window		
25	LIVE_PRIMARY	best time to visit costa rica	us	en-US	en	002	climate	weather.country-best-time	CR	/en/best-time-to-visit/costa-rica/	13000	6	3	13000	0	out_of_window		
26	LIVE_PRIMARY	best time to visit iceland	us	en-US	en	002	climate	weather.country-best-time	IS	/en/best-time-to-visit/iceland/	12000	1	4	4800	0	out_of_window		
27	LIVE_PRIMARY	feiertage brandenburg 2026	de	de-DE	de	002	pulse	events.subdivision-holidays	DE-BB	/de/feiertage/brandenburg/	12000	0	4	20	0	out_of_window		
28	LIVE_PRIMARY	festivos 2026	es	es-ES	es	002	pulse	events.country-holidays	ES	/es/dias-festivos/espana/	10000	6	1	38000	0	out_of_window		
29	LIVE_PRIMARY	calculadora de salario	br	pt-BR	pt	001	tools	tools.calculator	salary-calculator	/pt/ferramentas/calculadora-de-salario/	9900	8	1	337000	0	out_of_window		
30	LIVE_PRIMARY	家賃 目安	jp	ja-JP	ja	002	tools	tools.calculator	rent-affordability	/ja/tool/rent-affordability/	9800	0	2	7300	0	out_of_window		
31	LIVE_PRIMARY	best time to visit greece	us	en-US	en	002	climate	weather.country-best-time	GR	/en/best-time-to-visit/greece/	9500	5	3	2700	0	out_of_window		
32	LIVE_PRIMARY	beste reisezeit thailand	de	de-DE	de	002	climate	weather.country-best-time	TH	/de/beste-reisezeit/thailand/	8800	1	7	5500	0	out_of_window		
33	LIVE_PRIMARY	feiertage thüringen 2026	de	de-DE	de	002	pulse	events.subdivision-holidays	DE-TH	/de/feiertage/thueringen/	8800	0	4	21000	0	out_of_window		
34	LIVE_PRIMARY	best time to visit thailand	us	en-US	en	002	climate	weather.country-best-time	TH	/en/best-time-to-visit/thailand/	8700	10	2	6300	0	out_of_window		
35	LIVE_PRIMARY	festivos galicia 2026	es	es-ES	es	002	pulse	events.subdivision-holidays	ES-GA	/es/dias-festivos/galicia/	8700	0	1	4400	0	out_of_window		
36	LIVE_PRIMARY	gemiddeld salaris nederland	nl	nl-NL	nl	002	work	work.country-salaries	NL	/nl/salarissen/nederland/	8400	9	1	15000	0	out_of_window		
37	LIVE_PRIMARY	barrios de madrid	es	es-ES	es	002	areas	neighbourhoods.city-where-to-stay	3117735	/es/zonas/madrid/	8300	1	6	700	0	out_of_window		
38	LIVE_PRIMARY	where to stay in tokyo	us	en-US	en	002	areas	neighbourhoods.city-where-to-stay	1850147	/en/where-to-stay/tokyo/	8100	7	30	3700	0	out_of_window		
39	LIVE_PRIMARY	best time to visit switzerland	us	en-US	en	002	climate	weather.country-best-time	CH	/en/best-time-to-visit/switzerland/	7700	2	20	2600	0	out_of_window		
40	LIVE_PRIMARY	best time to visit italy	us	en-US	en	002	climate	weather.country-best-time	IT	/en/best-time-to-visit/italy/	7600	2	15	3700	0	out_of_window		
41	LIVE_PRIMARY	festivos cataluña 2026	es	es-ES	es	002	pulse	events.subdivision-holidays	ES-CT	/es/dias-festivos/catalunya/	7200	0	0	0	0	out_of_window		
42	LIVE_PRIMARY	costa rica beste reisezeit	de	de-DE	de	002	climate	weather.country-best-time	CR	/de/beste-reisezeit/costa-rica/	6600	0	35	5600	0	out_of_window		
43	LIVE_PRIMARY	best time to visit portugal	us	en-US	en	002	climate	weather.country-best-time	PT	/en/best-time-to-visit/portugal/	6500	2	4	3900	0	out_of_window		
44	LIVE_PRIMARY	best time to visit vietnam	us	en-US	en	002	climate	weather.country-best-time	VN	/en/best-time-to-visit/vietnam/	6400	0	5	2400	0	out_of_window		
45	LIVE_PRIMARY	quand partir en thailande	fr	fr-FR	fr	002	climate	weather.country-best-time	TH	/fr/quand-partir/thailande/	6400	0	6	13000	0	out_of_window		
46	LIVE_PRIMARY	berlin stadtteile	de	de-DE	de	002	areas	neighbourhoods.city-where-to-stay	2950159	/de/stadtteile/berlin/	6300	6	7	3800	0	out_of_window		
47	LIVE_PRIMARY	where should i live	us	en-US	en	001	tools	tools.matcher	where-should-i-live	/en/tools/where-should-i-live/	6200	9	30	2100	0	out_of_window		
48	LIVE_PRIMARY	beste reisezeit japan	de	de-DE	de	002	climate	weather.country-best-time	JP	/de/beste-reisezeit/japan/	6000	1	15	5700	0	out_of_window		
49	LIVE_PRIMARY	giorni festivi 2026	it	it-IT	it	002	pulse	events.country-holidays	IT	/it/giorni-festivi/italia/	5900	1	1	6100	0	out_of_window		
50	LIVE_PRIMARY	where to stay in paris	us	en-US	en	002	areas	neighbourhoods.city-where-to-stay	2988507	/en/where-to-stay/paris/	5800	6	35	2300	0	out_of_window		
51	LIVE_PRIMARY	hamburg stadtteile	de	de-DE	de	002	areas	neighbourhoods.city-where-to-stay	2911298	/de/stadtteile/hamburg/	5300	3	8	2000	0	out_of_window		
52	LIVE_PRIMARY	best time to visit spain	us	en-US	en	002	climate	weather.country-best-time	ES	/en/best-time-to-visit/spain/	4800	0	10	20	0	out_of_window		
53	LIVE_PRIMARY	festivos comunidad valenciana 2026	es	es-ES	es	002	pulse	events.subdivision-holidays	ES-VC	/es/dias-festivos/comunidad-valenciana/	4800	0	1	11000	0	out_of_window		
54	LIVE_PRIMARY	feiertage frankreich 2026	de	de-DE	de	002	pulse	events.country-holidays	FR	/de/feiertage/frankreich/	4600	0	1	2300	0	out_of_window		
55	LIVE_PRIMARY	huurverhoging 2026	nl	nl-NL	nl	002	stay	rents.country-inflation	NL	/nl/huurverhoging/nederland/	4400	0	8	1400	0	out_of_window		
56	LIVE_PRIMARY	irl 2026	fr	fr-FR	fr	002	stay	rents.country-inflation	FR	/fr/augmentation-des-loyers/france/	4300	18	1	13000	0	out_of_window		
57	LIVE_PRIMARY	quand partir au vietnam	fr	fr-FR	fr	002	climate	weather.country-best-time	VN	/fr/quand-partir/viet-nam/	4200	0	6	3700	0	out_of_window		
58	LIVE_PRIMARY	vietnam beste reisezeit	de	de-DE	de	002	climate	weather.country-best-time	VN	/de/beste-reisezeit/vietnam/	4100	0	8	1900	0	out_of_window		
59	LIVE_PRIMARY	where to stay in london	us	en-US	en	002	areas	neighbourhoods.city-where-to-stay	2643743	/en/where-to-stay/london/	3900	2	25	5100	0	out_of_window		
60	LIVE_PRIMARY	costa rica quand partir	fr	fr-FR	fr	002	climate	weather.country-best-time	CR	/fr/quand-partir/costa-rica/	3800	0	15	3300	0	out_of_window		
61	LIVE_PRIMARY	feiertage österreich 2026	de	de-DE	de	002	pulse	events.country-holidays	AT	/de/feiertage/oesterreich/	3800	0	1	5900	0	out_of_window		
62	LIVE_PRIMARY	feiertage saarland 2026	de	de-DE	de	002	pulse	events.subdivision-holidays	DE-SL	/de/feiertage/saarland/	3800	0	5	200	0	out_of_window		
63	LIVE_PRIMARY	feestdagen duitsland	nl	nl-NL	nl	002	pulse	events.country-holidays	DE	/nl/feestdagen/duitsland/	3700	4	2	3600	0	out_of_window		
64	LIVE_PRIMARY	where to stay in amsterdam	us	en-US	en	002	areas	neighbourhoods.city-where-to-stay	2759794	/en/where-to-stay/amsterdam/	3700	0	35	1200	0	out_of_window		
65	LIVE_PRIMARY	quand partir au mexique	fr	fr-FR	fr	002	climate	weather.country-best-time	MX	/fr/quand-partir/mexique/	3600	0	15	2900	0	out_of_window		
66	LIVE_PRIMARY	best time to visit croatia	us	en-US	en	002	climate	weather.country-best-time	HR	/en/best-time-to-visit/croatia/	3500	2	4	2400	0	out_of_window		
67	LIVE_PRIMARY	quand partir au japon	fr	fr-FR	fr	002	climate	weather.country-best-time	JP	/fr/quand-partir/japon/	3500	0	10	2200	0	out_of_window		
68	LIVE_PRIMARY	średnie zarobki w polsce	pl	pl-PL	pl	002	work	work.country-salaries	PL	/pl/wynagrodzenia/polska/	3500	0	15	7600	0	out_of_window		
69	LIVE_PRIMARY	best time to visit peru	us	en-US	en	002	climate	weather.country-best-time	PE	/en/best-time-to-visit/peru/	3400	1	30	2300	0	out_of_window		
70	LIVE_PRIMARY	beste reisezeit mexiko	de	de-DE	de	002	climate	weather.country-best-time	MX	/de/beste-reisezeit/mexiko/	3300	0	15	1600	0	out_of_window		
71	LIVE_PRIMARY	festivos castilla la mancha 2026	es	es-ES	es	002	pulse	events.subdivision-holidays	ES-CM	/es/dias-festivos/castilla-la-mancha/	3200	0	2	2700	0	out_of_window		
72	LIVE_PRIMARY	best time to visit turkey	us	en-US	en	002	climate	weather.country-best-time	TR	/en/best-time-to-visit/tuerkiye/	3100	0	4	2400	0	out_of_window		
73	LIVE_PRIMARY	cost of living in japan	us	en-US	en	001	move	cost-of-living.country	JP	/en/cost-of-living/japan/	3100	14	8	2000	0	out_of_window		
74	LIVE_PRIMARY	festivos baleares 2026	es	es-ES	es	002	pulse	events.subdivision-holidays	ES-IB	/es/dias-festivos/illes-balears/	3100	0	9	4000	0	out_of_window		
75	LIVE_PRIMARY	vietnam quando andare	it	it-IT	it	002	climate	weather.country-best-time	VN	/it/quando-andare/vietnam/	3100	0	5	450	0	out_of_window		
76	LIVE_PRIMARY	barrios de barcelona	es	es-ES	es	002	areas	neighbourhoods.city-where-to-stay	3128760	/es/zonas/barcelona/	2900	2	4	250	0	out_of_window		
77	LIVE_PRIMARY	where to stay in barcelona	us	en-US	en	002	areas	neighbourhoods.city-where-to-stay	3128760	/en/where-to-stay/barcelona/	2900	8	40	1600	0	out_of_window		
78	LIVE_PRIMARY	cost of living in thailand	us	en-US	en	002	move	cost-of-living.country	TH	/en/cost-of-living/thailand/	2600	7	4	1600	0	out_of_window		
79	LIVE_PRIMARY	feiertage italien 2026	de	de-DE	de	002	pulse	events.country-holidays	IT	/de/feiertage/italien/	2600	0	6	300	0	out_of_window		
80	LIVE_PRIMARY	feiertage schweiz 2026	de	de-DE	de	002	pulse	events.country-holidays	CH	/de/feiertage/schweiz/	2600	1	0	400	0	out_of_window		
81	LIVE_PRIMARY	quanto custa viajar	br	pt-BR	pt	002	tools	tools.calculator	travel-budget	/pt/ferramentas/quanto-custa-viajar/	2600	1	35	2600	0	out_of_window		
82	LIVE_PRIMARY	bairros de sao paulo	br	pt-BR	pt	002	areas	neighbourhoods.city-where-to-stay	3448439	/pt/onde-ficar/sao-paulo/	2500	0	1	1400	0	out_of_window		
83	LIVE_PRIMARY	custo de vida em portugal	br	pt-BR	pt	001	move	cost-of-living.country	PT	/pt/custo-de-vida/portugal/	2500	1	1	1500	0	out_of_window		
84	LIVE_PRIMARY	festivos andalucia 2026	es	es-ES	es	002	pulse	events.subdivision-holidays	ES-AN	/es/dias-festivos/andalucia/	2500	1	0	3300	0	out_of_window		
85	LIVE_PRIMARY	moving cost calculator	us	en-US	en	001	tools	tools.calculator	moving-cost	/en/tools/moving-cost-calculator/	2500	41	500	19000	0	out_of_window		
86	LIVE_PRIMARY	cost of living in new zealand	us	en-US	en	002	move	cost-of-living.country	NZ	/en/cost-of-living/new-zealand/	2400	0	2	1300	0	out_of_window		
87	LIVE_PRIMARY	festivos murcia 2026	es	es-ES	es	002	pulse	events.subdivision-holidays	ES-MC	/es/dias-festivos/region-de-murcia/	2400	0	0	4400	0	out_of_window		
88	LIVE_PRIMARY	cost of living in australia	us	en-US	en	002	move	cost-of-living.country	AU	/en/cost-of-living/australia/	2300	5	5	1600	0	out_of_window		
89	LIVE_PRIMARY	cost of living in switzerland	us	en-US	en	001	move	cost-of-living.country	CH	/en/cost-of-living/switzerland/	2300	0	2	900	0	out_of_window		
90	LIVE_PRIMARY	new york stadtteile	de	de-DE	de	002	areas	neighbourhoods.city-where-to-stay	5128581	/de/stadtteile/new-york/	2300	58	25	1000	0	out_of_window		
91	LIVE_PRIMARY	calcolo stipendio	it	it-IT	it	001	tools	tools.calculator	salary-calculator	/it/strumenti/calcolo-stipendio/	2200	6	3	167000	0	out_of_window		
92	LIVE_PRIMARY	cost of living in canada	us	en-US	en	002	move	cost-of-living.country	CA	/en/cost-of-living/canada/	2200	10	1	2000	0	out_of_window		
93	LIVE_PRIMARY	cost of living in spain	us	en-US	en	001	move	cost-of-living.country	ES	/en/cost-of-living/spain/	2200	5	4	2100	0	out_of_window		
94	LIVE_PRIMARY	lebenshaltungskosten deutschland	de	de-DE	de	002	move	cost-of-living.country	DE	/de/lebenshaltungskosten/deutschland/	2200	23	2	5100	0	out_of_window		
95	LIVE_PRIMARY	where to stay in chicago	us	en-US	en	002	areas	neighbourhoods.city-where-to-stay	4887398	/en/where-to-stay/chicago/	2200	12	30	3000	0	out_of_window		
96	LIVE_PRIMARY	compare cities	us	en-US	en	001	tools	tools.cost-comparison	city-comparison	/en/tools/compare-cities/	2100	57	40	3000	0	out_of_window		
97	LIVE_PRIMARY	cost of living in costa rica	us	en-US	en	002	move	cost-of-living.country	CR	/en/cost-of-living/costa-rica/	2100	7	2	1800	0	out_of_window		
98	LIVE_PRIMARY	feiertage niederlande	de	de-DE	de	002	pulse	events.country-holidays	NL	/de/feiertage/niederlande/	2100	0	1	5700	0	out_of_window		
99	LIVE_PRIMARY	festivos castilla y leon 2026	es	es-ES	es	002	pulse	events.subdivision-holidays	ES-CL	/es/dias-festivos/castilla-y-leon/	2100	0	0	1100	0	out_of_window		
100	LIVE_PRIMARY	festivos navarra 2026	es	es-ES	es	002	pulse	events.subdivision-holidays	ES-NC	/es/dias-festivos/comunidad-foral-de-navarra/	2100	0	1	1500	0	out_of_window		
101	LIVE_PRIMARY	cost of living in ireland	us	en-US	en	001	move	cost-of-living.country	IE	/en/cost-of-living/ireland/	2000	0	2	2100	0	out_of_window		
102	LIVE_PRIMARY	dzielnice wrocławia	pl	pl-PL	pl	002	areas	neighbourhoods.city-where-to-stay	3081368	/pl/dzielnice-miasta/wroclaw/	2000	1	2	800	0	out_of_window		
103	LIVE_PRIMARY	quartieri di napoli	it	it-IT	it	002	areas	neighbourhoods.city-where-to-stay	3172394	/it/zone/napoli/	2000	0	2	2700	0	out_of_window		
104	LIVE_PRIMARY	cost of living in portugal	us	en-US	en	001	move	cost-of-living.country	PT	/en/cost-of-living/portugal/	1900	8	3	1100	0	out_of_window		
105	LIVE_PRIMARY	festivos canarias 2026	es	es-ES	es	002	pulse	events.subdivision-holidays	ES-CN	/es/dias-festivos/canarias/	1900	0	2	400	0	out_of_window		
106	LIVE_PRIMARY	salaire moyen portugal	fr	fr-FR	fr	002	work	work.country-salaries	PT	/fr/salaires/portugal/	1900	0	2	350	0	out_of_window		
107	LIVE_PRIMARY	where to stay in madrid	us	en-US	en	002	areas	neighbourhoods.city-where-to-stay	3117735	/en/where-to-stay/madrid/	1900	0	30	2000	0	out_of_window		
108	LIVE_PRIMARY	cost of living in panama	us	en-US	en	002	move	cost-of-living.country	PA	/en/cost-of-living/panama/	1800	0	7	1600	0	out_of_window		
109	LIVE_PRIMARY	where to stay in montreal	us	en-US	en	002	areas	neighbourhoods.city-where-to-stay	6077243	/en/where-to-stay/montreal/	1800	4	25	2000	0	out_of_window		
110	LIVE_PRIMARY	cost of living in italy	us	en-US	en	001	move	cost-of-living.country	IT	/en/cost-of-living/italy/	1700	0	5	900	0	out_of_window		
111	LIVE_PRIMARY	where to stay in bangkok	us	en-US	en	002	areas	neighbourhoods.city-where-to-stay	1609350	/en/where-to-stay/bangkok/	1700	0	15	2700	0	out_of_window		
112	LIVE_PRIMARY	where to stay in new york	us	en-US	en	002	areas	neighbourhoods.city-where-to-stay	5128581	/en/where-to-stay/new-york/	1700	24	40	1600	0	out_of_window		
113	LIVE_PRIMARY	cost of living in puerto rico	us	en-US	en	002	move	cost-of-living.country	PR	/en/cost-of-living/puerto-rico/	1600	0	5	1000	0	out_of_window		
114	LIVE_PRIMARY	cost of living in vietnam	us	en-US	en	002	move	cost-of-living.country	VN	/en/cost-of-living/vietnam/	1600	1	4	700	0	out_of_window		
115	LIVE_PRIMARY	dzielnice gdańska	pl	pl-PL	pl	002	areas	neighbourhoods.city-where-to-stay	3099434	/pl/dzielnice-miasta/gdansk/	1600	0	2	1500	0	out_of_window		
116	LIVE_PRIMARY	quartieri new york	it	it-IT	it	002	areas	neighbourhoods.city-where-to-stay	5128581	/it/zone/new-york/	1600	0	2	1200	0	out_of_window		
117	LIVE_PRIMARY	cost of living in china	us	en-US	en	002	move	cost-of-living.country	CN	/en/cost-of-living/china/	1500	3	2	500	0	out_of_window		
118	LIVE_PRIMARY	festivos asturias 2026	es	es-ES	es	002	pulse	events.subdivision-holidays	ES-AS	/es/dias-festivos/asturias/	1500	0	0	1000	0	out_of_window		
119	LIVE_PRIMARY	köln stadtteile	de	de-DE	de	002	areas	neighbourhoods.city-where-to-stay	2886242	/de/stadtteile/koeln/	1500	0	15	2100	0	out_of_window		
120	LIVE_PRIMARY	average salary in italy	us	en-US	en	001	work	work.country-salaries	IT	/en/salaries/italy/	1400	4	15	500	0	out_of_window		
121	LIVE_PRIMARY	average salary in spain	us	en-US	en	001	work	work.country-salaries	ES	/en/salaries/spain/	1400	6	8	1000	0	out_of_window		
122	LIVE_PRIMARY	feestdagen belgie	nl	nl-NL	nl	002	pulse	events.country-holidays	BE	/nl/feestdagen/belgie/	1400	30	3	2200	0	out_of_window		
123	LIVE_PRIMARY	festivos cantabria 2026	es	es-ES	es	002	pulse	events.subdivision-holidays	ES-CB	/es/dias-festivos/cantabria/	1300	0	1	2300	0	out_of_window		
124	LIVE_PRIMARY	festivos extremadura 2026	es	es-ES	es	002	pulse	events.subdivision-holidays	ES-EX	/es/dias-festivos/extremadura/	1300	0	0	500	0	out_of_window		
125	LIVE_PRIMARY	most expensive countries to live in	us	en-US	en	001	tools	rankings.index	most-expensive-countries	/en/rankings/most-expensive-countries-to-live-in/	1300	4	2	2500	0	out_of_window		
126	LIVE_PRIMARY	bairros de nova york	br	pt-BR	pt	002	areas	neighbourhoods.city-where-to-stay	5128581	/pt/onde-ficar/nova-york/	1200	0	1	700	0	out_of_window		
127	LIVE_PRIMARY	custo de vida na argentina	br	pt-BR	pt	002	move	cost-of-living.country	AR	/pt/custo-de-vida/argentina/	1200	0	1	600	0	out_of_window		
128	LIVE_PRIMARY	dzielnice nowego jorku	pl	pl-PL	pl	002	areas	neighbourhoods.city-where-to-stay	5128581	/pl/dzielnice-miasta/nowy-jork/	1200	0	15	12000	0	out_of_window		
129	LIVE_PRIMARY	barrios de nueva york	es	es-ES	es	002	areas	neighbourhoods.city-where-to-stay	5128581	/es/zonas/nueva-york/	1100	0	3	600	0	out_of_window		
130	LIVE_PRIMARY	cost of living in norway	us	en-US	en	001	move	cost-of-living.country	NO	/en/cost-of-living/norway/	1100	3	2	600	0	out_of_window		
131	LIVE_PRIMARY	dzielnice paryża	pl	pl-PL	pl	002	areas	neighbourhoods.city-where-to-stay	2988507	/pl/dzielnice-miasta/paryz/	1100	1	30	200	0	out_of_window		
132	LIVE_PRIMARY	feiertage sachsen-anhalt 2026	de	de-DE	de	002	pulse	events.subdivision-holidays	DE-ST	/de/feiertage/sachsen-anhalt/	1100	0	4	0	0	out_of_window		
133	LIVE_PRIMARY	salaire moyen allemagne	fr	fr-FR	fr	002	work	work.country-salaries	DE	/fr/salaires/allemagne/	1100	1	0	300	0	out_of_window		
134	LIVE_PRIMARY	物価の安い国	jp	ja-JP	ja	001	tools	rankings.index	cheapest-countries	/ja/ranking/cheapest-countries/	1100	0	1	5900	0	out_of_window		
135	LIVE_PRIMARY	cost of living in greece	us	en-US	en	001	move	cost-of-living.country	GR	/en/cost-of-living/greece/	1000	0	2	600	0	out_of_window		
136	LIVE_PRIMARY	dni wolne w niemczech 2026	pl	pl-PL	pl	002	pulse	events.country-holidays	DE	/pl/dni-wolne-od-pracy/niemcy/	1000	0	0	6000	0	out_of_window		
137	LIVE_PRIMARY	london stadtteile	de	de-DE	de	002	areas	neighbourhoods.city-where-to-stay	2643743	/de/stadtteile/london/	1000	0	20	700	0	out_of_window		
138	LIVE_PRIMARY	salaire moyen espagne	fr	fr-FR	fr	002	work	work.country-salaries	ES	/fr/salaires/espagne/	1000	0	0	900	0	out_of_window		
139	LIVE_PRIMARY	wohin auswandern	de	de-DE	de	002	tools	tools.matcher	destination-matcher	/de/rechner/wohin-auswandern/	1000	0	10	8600	0	out_of_window		
140	LIVE_PRIMARY	ドイツ 祝日	jp	ja-JP	ja	002	pulse	events.country-holidays	DE	/ja/holidays/germany/	1000	0	1	450	0	out_of_window		
141	LIVE_PRIMARY	barrios de londres	es	es-ES	es	002	areas	neighbourhoods.city-where-to-stay	2643743	/es/zonas/londres/	900	0	7	450	0	out_of_window		
142	LIVE_PRIMARY	calculadora de salario	es	es-ES	es	001	tools	tools.calculator	salary-calculator	/es/herramientas/calculadora-de-salario/	900	0	1	126000	0	out_of_window		
143	LIVE_PRIMARY	cheapest countries to live in	us	en-US	en	001	tools	rankings.index	cheapest-countries	/en/rankings/cheapest-countries-to-live-in/	900	10	2	2000	0	out_of_window		
144	LIVE_PRIMARY	cost of living in colombia	us	en-US	en	002	move	cost-of-living.country	CO	/en/cost-of-living/colombia/	900	0	2	700	0	out_of_window		
145	LIVE_PRIMARY	cost of living in france	us	en-US	en	001	move	cost-of-living.country	FR	/en/cost-of-living/france/	900	1	1	350	0	out_of_window		
146	LIVE_PRIMARY	melhor pais para morar	br	pt-BR	pt	002	tools	tools.matcher	destination-matcher	/pt/ferramentas/melhor-pais-para-morar/	900	0	4	300	0	out_of_window		
147	LIVE_PRIMARY	salaire moyen luxembourg	fr	fr-FR	fr	002	work	work.country-salaries	LU	/fr/salaires/luxembourg/	900	0	1	1900	0	out_of_window		
148	LIVE_PRIMARY	salaire moyen pologne	fr	fr-FR	fr	002	work	work.country-salaries	PL	/fr/salaires/pologne/	900	0	10	350	0	out_of_window		
149	LIVE_PRIMARY	average salary in france	us	en-US	en	001	work	work.country-salaries	FR	/en/salaries/france/	800	0	0	600	0	out_of_window		
150	LIVE_PRIMARY	cost of living in germany	us	en-US	en	001	move	cost-of-living.country	DE	/en/cost-of-living/germany/	800	3	1	500	0	out_of_window		
151	LIVE_PRIMARY	cost of living in iceland	us	en-US	en	001	move	cost-of-living.country	IS	/en/cost-of-living/iceland/	800	0	4	900	0	out_of_window		
152	LIVE_PRIMARY	custo de vida no brasil	br	pt-BR	pt	002	move	cost-of-living.country	BR	/pt/custo-de-vida/brasil/	800	0	1	300	0	out_of_window		
153	LIVE_PRIMARY	custo de vida no japão	br	pt-BR	pt	001	move	cost-of-living.country	JP	/pt/custo-de-vida/japao/	800	0	1	30	0	out_of_window		
154	LIVE_PRIMARY	new york quartiers	fr	fr-FR	fr	002	areas	neighbourhoods.city-where-to-stay	5128581	/fr/ou-loger/new-york/	800	0	10	600	0	out_of_window		
155	LIVE_PRIMARY	quartieri di londra	it	it-IT	it	002	areas	neighbourhoods.city-where-to-stay	2643743	/it/zone/londra/	800	0	3	500	0	out_of_window		
156	LIVE_PRIMARY	quartieri parigi	it	it-IT	it	002	areas	neighbourhoods.city-where-to-stay	2988507	/it/zone/parigi/	800	0	6	1200	0	out_of_window		
157	LIVE_PRIMARY	salaire moyen italie	fr	fr-FR	fr	002	work	work.country-salaries	IT	/fr/salaires/italie/	800	0	0	450	0	out_of_window		
158	LIVE_PRIMARY	stipendio medio germania	it	it-IT	it	002	work	work.country-salaries	DE	/it/stipendi/germania/	800	0	0	150	0	out_of_window		
159	LIVE_PRIMARY	stipendio medio polonia	it	it-IT	it	002	work	work.country-salaries	PL	/it/stipendi/polonia/	800	0	0	150	0	out_of_window		
160	LIVE_PRIMARY	stipendio medio romania	it	it-IT	it	002	work	work.country-salaries	RO	/it/stipendi/romania/	800	0	0	250	0	out_of_window		
161	LIVE_PRIMARY	wie viel miete kann ich mir leisten	de	de-DE	de	002	tools	tools.calculator	rent-affordability	/de/rechner/wie-viel-miete-kann-ich-mir-leisten/	800	0	45	1100	0	out_of_window		
162	LIVE_PRIMARY	cost of living in albania	us	en-US	en	001	move	cost-of-living.country	AL	/en/cost-of-living/albania/	700	0	2	200	0	out_of_window		
163	LIVE_PRIMARY	cost of living in croatia	us	en-US	en	001	move	cost-of-living.country	HR	/en/cost-of-living/croatia/	700	0	2	200	0	out_of_window		
164	LIVE_PRIMARY	cost of living in malta	us	en-US	en	001	move	cost-of-living.country	MT	/en/cost-of-living/malta/	700	0	9	500	0	out_of_window		
165	LIVE_PRIMARY	cost of living in sweden	us	en-US	en	001	move	cost-of-living.country	SE	/en/cost-of-living/sweden/	700	6	3	400	0	out_of_window		
166	LIVE_PRIMARY	cout demenagement	fr	fr-FR	fr	001	tools	tools.calculator	moving-cost	/fr/outils/cout-demenagement/	700	6	100	5500	0	out_of_window		
167	LIVE_PRIMARY	wijken amsterdam	nl	nl-NL	nl	002	areas	neighbourhoods.city-where-to-stay	2759794	/nl/stadsdelen/amsterdam/	700	0	0	900	0	out_of_window		
168	LIVE_PRIMARY	average salary in germany	us	en-US	en	001	work	work.country-salaries	DE	/en/salaries/germany/	600	16	0	700	0	out_of_window		
169	LIVE_PRIMARY	budget voyage	fr	fr-FR	fr	001	tools	tools.calculator	travel-budget	/fr/outils/budget-voyage/	600	7	20	400	0	out_of_window		
170	LIVE_PRIMARY	cheapest countries in europe	us	en-US	en	001	tools	rankings.index	cheapest-countries-europe	/en/rankings/cheapest-countries-in-europe/	600	13	7	700	0	out_of_window		
171	LIVE_PRIMARY	cost of living in turkey	us	en-US	en	001	move	cost-of-living.country	TR	/en/cost-of-living/tuerkiye/	600	0	2	150	0	out_of_window		
172	LIVE_PRIMARY	durchschnittsgehalt polen	de	de-DE	de	002	work	work.country-salaries	PL	/de/gehaelter/polen/	600	0	20	300	0	out_of_window		
173	LIVE_PRIMARY	lebenshaltungskosten thailand	de	de-DE	de	002	move	cost-of-living.country	TH	/de/lebenshaltungskosten/thailand/	600	0	2	350	0	out_of_window		
174	LIVE_PRIMARY	salaire moyen roumanie	fr	fr-FR	fr	002	work	work.country-salaries	RO	/fr/salaires/roumanie/	600	0	0	60	0	out_of_window		
175	LIVE_PRIMARY	south africa public holidays 2026	us	en-US	en	002	pulse	events.country-holidays	ZA	/en/public-holidays/south-africa/	600	2	0	1000	0	out_of_window		
176	LIVE_PRIMARY	stipendio medio spagna	it	it-IT	it	002	work	work.country-salaries	ES	/it/stipendi/spagna/	600	0	0	90	0	out_of_window		
177	LIVE_PRIMARY	zarobki w niemczech	pl	pl-PL	pl	002	work	work.country-salaries	DE	/pl/wynagrodzenia/niemcy/	600	0	2	1400	0	out_of_window		
178	LIVE_PRIMARY	フランス 祝日	jp	ja-JP	ja	002	pulse	events.country-holidays	FR	/ja/holidays/france/	600	0	1	300	0	out_of_window		
179	LIVE_PRIMARY	barrios de paris	es	es-ES	es	002	areas	neighbourhoods.city-where-to-stay	2988507	/es/zonas/paris/	500	0	4	150	0	out_of_window		
180	LIVE_PRIMARY	cost of living in denmark	us	en-US	en	001	move	cost-of-living.country	DK	/en/cost-of-living/denmark/	500	1	4	350	0	out_of_window		
181	LIVE_PRIMARY	custo de vida na espanha	br	pt-BR	pt	001	move	cost-of-living.country	ES	/pt/custo-de-vida/espanha/	500	0	2	200	0	out_of_window		
182	LIVE_PRIMARY	lebenshaltungskosten schweiz	de	de-DE	de	001	move	cost-of-living.country	CH	/de/lebenshaltungskosten/schweiz/	500	8	1	600	0	out_of_window		
183	LIVE_PRIMARY	les quartiers de barcelone	fr	fr-FR	fr	002	areas	neighbourhoods.city-where-to-stay	3128760	/fr/ou-loger/barcelone/	500	0	8	400	0	out_of_window		
184	LIVE_PRIMARY	paises mas baratos de europa	es	es-ES	es	001	tools	rankings.index	cheapest-countries-europe	/es/clasificaciones/paises-mas-baratos-de-europa/	500	0	7	1900	0	out_of_window		
185	LIVE_PRIMARY	quartiers de londres	fr	fr-FR	fr	002	areas	neighbourhoods.city-where-to-stay	2643743	/fr/ou-loger/londres/	500	0	8	1600	0	out_of_window		
186	LIVE_PRIMARY	salario medio alemania	es	es-ES	es	002	work	work.country-salaries	DE	/es/salarios/alemania/	500	0	1	350	0	out_of_window		
187	LIVE_PRIMARY	東京 ハイキング	jp	ja-JP	ja	002	sport	sport.city-season	1850147:hiking	/ja/sport/hiking-tokyo/	500	0	1	900	0	out_of_window		
188	LIVE_PRIMARY	cost of living in cyprus	us	en-US	en	001	move	cost-of-living.country	CY	/en/cost-of-living/cyprus/	450	1	7	250	0	out_of_window		
189	LIVE_PRIMARY	paris quartiers	fr	fr-FR	fr	002	areas	neighbourhoods.city-where-to-stay	2988507	/fr/ou-loger/paris/	450	0	6	200	0	out_of_window		
190	LIVE_PRIMARY	salaire moyen danemark	fr	fr-FR	fr	002	work	work.country-salaries	DK	/fr/salaires/danemark/	450	0	0	200	0	out_of_window		
191	LIVE_PRIMARY	senderismo barcelona	es	es-ES	es	002	sport	sport.city-season	3128760:hiking	/es/deporte/senderismo-barcelona/	450	0	6	900	0	out_of_window		
192	LIVE_PRIMARY	stipendio medio danimarca	it	it-IT	it	002	work	work.country-salaries	DK	/it/stipendi/danimarca/	450	0	0	150	0	out_of_window		
193	LIVE_PRIMARY	average salary in greece	us	en-US	en	001	work	work.country-salaries	GR	/en/salaries/greece/	400	0	0	150	0	out_of_window		
194	LIVE_PRIMARY	average salary in poland	us	en-US	en	001	work	work.country-salaries	PL	/en/salaries/poland/	400	3	0	400	0	out_of_window		
195	LIVE_PRIMARY	bairros de londres	br	pt-BR	pt	002	areas	neighbourhoods.city-where-to-stay	2643743	/pt/onde-ficar/londres/	400	0	6	300	0	out_of_window		
196	LIVE_PRIMARY	cost of living in poland	us	en-US	en	001	move	cost-of-living.country	PL	/en/cost-of-living/poland/	400	0	20	250	0	out_of_window		
197	LIVE_PRIMARY	onde ficar	br	pt-BR	pt	002	tools	tools.matcher	where-should-i-stay	/pt/ferramentas/onde-ficar/	400	2	20	1400	0	out_of_window		
198	LIVE_PRIMARY	stipendio medio francia	it	it-IT	it	002	work	work.country-salaries	FR	/it/stipendi/francia/	400	0	0	200	0	out_of_window		
199	LIVE_PRIMARY	東京 サイクリング	jp	ja-JP	ja	002	sport	sport.city-season	1850147:cycling	/ja/sport/cycling-tokyo/	400	0	4	600	0	out_of_window		
200	LIVE_PRIMARY	bairros de paris	br	pt-BR	pt	002	areas	neighbourhoods.city-where-to-stay	2988507	/pt/onde-ficar/paris/	350	0	6	150	0	out_of_window		
201	LIVE_PRIMARY	cost of living in the netherlands	us	en-US	en	001	move	cost-of-living.country	NL	/en/cost-of-living/netherlands/	350	0	1	450	0	out_of_window		
202	LIVE_PRIMARY	costo della vita in italia	it	it-IT	it	001	move	cost-of-living.country	IT	/it/costo-della-vita/italia/	350	0	0	300	0	out_of_window		
203	LIVE_PRIMARY	custo de vida na irlanda	br	pt-BR	pt	001	move	cost-of-living.country	IE	/pt/custo-de-vida/irlanda/	350	0	1	200	0	out_of_window		
204	LIVE_PRIMARY	custo de vida no uruguai	br	pt-BR	pt	002	move	cost-of-living.country	UY	/pt/custo-de-vida/uruguai/	350	0	3	150	0	out_of_window		
205	LIVE_PRIMARY	durchschnittsgehalt spanien	de	de-DE	de	002	work	work.country-salaries	ES	/de/gehaelter/spanien/	350	1	25	80	0	out_of_window		
206	LIVE_PRIMARY	feriados portugal 2026	br	pt-BR	pt	002	pulse	events.country-holidays	PT	/pt/feriados/portugal/	350	0	1	0	0	out_of_window		
207	LIVE_PRIMARY	lebenshaltungskosten portugal	de	de-DE	de	001	move	cost-of-living.country	PT	/de/lebenshaltungskosten/portugal/	350	0	1	150	0	out_of_window		
208	LIVE_PRIMARY	stipendio medio austria	it	it-IT	it	002	work	work.country-salaries	AT	/it/stipendi/austria/	350	0	0	250	0	out_of_window		
209	LIVE_PRIMARY	trekking vicino milano	it	it-IT	it	002	sport	sport.city-season	3173435:hiking	/it/sport/trekking-vicino-milano/	350	0	5	900	0	out_of_window		
210	LIVE_PRIMARY	zarobki w czechach	pl	pl-PL	pl	002	work	work.country-salaries	CZ	/pl/wynagrodzenia/czechy/	350	0	1	350	0	out_of_window		
211	LIVE_PRIMARY	zarobki w szwecji	pl	pl-PL	pl	002	work	work.country-salaries	SE	/pl/wynagrodzenia/szwecja/	350	0	1	400	0	out_of_window		
212	LIVE_PRIMARY	average salary in denmark	us	en-US	en	001	work	work.country-salaries	DK	/en/salaries/denmark/	300	1	0	450	0	out_of_window		
213	LIVE_PRIMARY	average salary in sweden	us	en-US	en	001	work	work.country-salaries	SE	/en/salaries/sweden/	300	1	0	400	0	out_of_window		
214	LIVE_PRIMARY	calculateur de salaire	fr	fr-FR	fr	001	tools	tools.calculator	salary-calculator	/fr/outils/calculateur-de-salaire/	300	57	35	588000	0	out_of_window		
215	LIVE_PRIMARY	cout de la vie ile maurice	fr	fr-FR	fr	002	move	cost-of-living.country	MU	/fr/cout-de-la-vie/maurice/	300	1	2	300	0	out_of_window		
216	LIVE_PRIMARY	durchschnittsgehalt tschechien	de	de-DE	de	002	work	work.country-salaries	CZ	/de/gehaelter/tschechien/	300	0	20	150	0	out_of_window		
217	LIVE_PRIMARY	paises mais baratos da europa	br	pt-BR	pt	001	tools	rankings.index	cheapest-countries-europe	/pt/rankings/paises-mais-baratos-da-europa/	300	0	5	1100	0	out_of_window		
218	LIVE_PRIMARY	salaris calculator	nl	nl-NL	nl	001	tools	tools.calculator	salary-calculator	/nl/tools/salaris-calculator/	300	0	3	107000	0	out_of_window		
219	LIVE_PRIMARY	wijken londen	nl	nl-NL	nl	002	areas	neighbourhoods.city-where-to-stay	2643743	/nl/stadsdelen/londen/	300	0	5	500	0	out_of_window		
220	LIVE_PRIMARY	zarobki w danii	pl	pl-PL	pl	002	work	work.country-salaries	DK	/pl/wynagrodzenia/dania/	300	0	1	250	0	out_of_window		
221	LIVE_PRIMARY	average salary in ireland	us	en-US	en	001	work	work.country-salaries	IE	/en/salaries/ireland/	250	6	1600	200	0	out_of_window		
222	LIVE_PRIMARY	average salary in portugal	us	en-US	en	001	work	work.country-salaries	PT	/en/salaries/portugal/	250	7	45	350	0	out_of_window		
223	LIVE_PRIMARY	costo della vita in australia	it	it-IT	it	002	move	cost-of-living.country	AU	/it/costo-della-vita/australia/	250	0	0	100	0	out_of_window		
224	LIVE_PRIMARY	costo della vita in giappone	it	it-IT	it	001	move	cost-of-living.country	JP	/it/costo-della-vita/giappone/	250	0	0	500	0	out_of_window		
225	LIVE_PRIMARY	cout de la vie albanie	fr	fr-FR	fr	002	move	cost-of-living.country	AL	/fr/cout-de-la-vie/albanie/	250	0	1	500	0	out_of_window		
226	LIVE_PRIMARY	cout de la vie en australie	fr	fr-FR	fr	002	move	cost-of-living.country	AU	/fr/cout-de-la-vie/australie/	250	0	1	150	0	out_of_window		
227	LIVE_PRIMARY	durchschnittsgehalt dänemark	de	de-DE	de	002	work	work.country-salaries	DK	/de/gehaelter/daenemark/	250	0	80	150	0	out_of_window		
228	LIVE_PRIMARY	lebenshaltungskosten dänemark	de	de-DE	de	001	move	cost-of-living.country	DK	/de/lebenshaltungskosten/daenemark/	250	0	3	150	0	out_of_window		
229	LIVE_PRIMARY	lebenshaltungskosten schweden	de	de-DE	de	001	move	cost-of-living.country	SE	/de/lebenshaltungskosten/schweden/	250	0	4	150	0	out_of_window		
230	LIVE_PRIMARY	lebenshaltungskosten usa	de	de-DE	de	002	move	cost-of-living.country	US	/de/lebenshaltungskosten/vereinigte-staaten/	250	0	4	450	0	out_of_window		
231	LIVE_PRIMARY	preventivo trasloco	it	it-IT	it	001	tools	tools.calculator	moving-cost	/it/strumenti/preventivo-trasloco/	250	3	300	250	0	out_of_window		
232	LIVE_PRIMARY	rutas de senderismo madrid	es	es-ES	es	002	sport	sport.city-season	3117735:hiking	/es/deporte/rutas-de-senderismo-madrid/	250	2	2	5800	0	out_of_window		
233	LIVE_PRIMARY	salario medio francia	es	es-ES	es	002	work	work.country-salaries	FR	/es/salarios/francia/	250	0	0	50	0	out_of_window		
234	LIVE_PRIMARY	subida del alquiler 2026	es	es-ES	es	002	stay	rents.country-inflation	ES	/es/subida-del-alquiler/espana/	250	0	0	0	0	out_of_window		
235	LIVE_PRIMARY	wijken parijs	nl	nl-NL	nl	002	areas	neighbourhoods.city-where-to-stay	2988507	/nl/stadsdelen/parijs/	250	0	4	450	0	out_of_window		
236	LIVE_PRIMARY	タイ 生活費	jp	ja-JP	ja	001	move	cost-of-living.country	TH	/ja/seikatsuhi/thailand/	250	0	1	350	0	out_of_window		
237	LIVE_PRIMARY	ヨーロッパ 物価 安い国	jp	ja-JP	ja	001	tools	rankings.index	cheapest-countries-europe	/ja/ranking/cheapest-countries-europe/	250	0	2	2400	0	out_of_window		
238	LIVE_PRIMARY	average salary in romania	us	en-US	en	001	work	work.country-salaries	RO	/en/salaries/romania/	200	1	0	90	0	out_of_window		
239	LIVE_PRIMARY	costo della vita a malta	it	it-IT	it	001	move	cost-of-living.country	MT	/it/costo-della-vita/malta/	200	0	0	250	0	out_of_window		
240	LIVE_PRIMARY	costo della vita in svizzera	it	it-IT	it	001	move	cost-of-living.country	CH	/it/costo-della-vita/svizzera/	200	0	0	500	0	out_of_window		
241	LIVE_PRIMARY	custo de vida na alemanha	br	pt-BR	pt	001	move	cost-of-living.country	DE	/pt/custo-de-vida/alemanha/	200	0	1	90	0	out_of_window		
242	LIVE_PRIMARY	dove alloggiare	it	it-IT	it	002	tools	tools.matcher	where-should-i-stay	/it/strumenti/dove-alloggiare/	200	0	40	1300	0	out_of_window		
243	LIVE_PRIMARY	escursioni vicino roma	it	it-IT	it	002	sport	sport.city-season	3169070:hiking	/it/sport/escursioni-vicino-roma/	200	0	25	1700	0	out_of_window		
244	LIVE_PRIMARY	feriados mexico 2026	br	pt-BR	pt	002	pulse	events.country-holidays	MX	/pt/feriados/mexico/	200	0	0	0	0	out_of_window		
245	LIVE_PRIMARY	giorni festivi svizzera 2026	it	it-IT	it	002	pulse	events.country-holidays	CH	/it/giorni-festivi/svizzera/	200	0	0	0	0	out_of_window		
246	LIVE_PRIMARY	hiking near san francisco	us	en-US	en	002	sport	sport.city-season	5391959:hiking	/en/sport/hiking-near-san-francisco/	200	5	2	1000	0	out_of_window		
247	LIVE_PRIMARY	lebenshaltungskosten australien	de	de-DE	de	002	move	cost-of-living.country	AU	/de/lebenshaltungskosten/australien/	200	0	4	100	0	out_of_window		
248	LIVE_PRIMARY	lebenshaltungskosten bulgarien	de	de-DE	de	001	move	cost-of-living.country	BG	/de/lebenshaltungskosten/bulgarien/	200	0	9	150	0	out_of_window		
249	LIVE_PRIMARY	lebenshaltungskosten italien	de	de-DE	de	001	move	cost-of-living.country	IT	/de/lebenshaltungskosten/italien/	200	0	100	80	0	out_of_window		
250	LIVE_PRIMARY	lebenshaltungskosten japan	de	de-DE	de	001	move	cost-of-living.country	JP	/de/lebenshaltungskosten/japan/	200	1	2	90	0	out_of_window		
251	LIVE_PRIMARY	lebenshaltungskosten norwegen	de	de-DE	de	001	move	cost-of-living.country	NO	/de/lebenshaltungskosten/norwegen/	200	0	2	150	0	out_of_window		
252	LIVE_PRIMARY	lebenshaltungskosten rechner	de	de-DE	de	001	tools	tools.cost-calculator	cost-of-living-calculator	/de/rechner/lebenshaltungskosten-rechner/	200	45	120	2200	0	out_of_window		
253	LIVE_PRIMARY	lebenshaltungskosten ungarn	de	de-DE	de	001	move	cost-of-living.country	HU	/de/lebenshaltungskosten/ungarn/	200	0	15	150	0	out_of_window		
254	LIVE_PRIMARY	lebenshaltungskosten zypern	de	de-DE	de	001	move	cost-of-living.country	CY	/de/lebenshaltungskosten/zypern/	200	0	15	100	0	out_of_window		
255	LIVE_PRIMARY	salario medio portugal	br	pt-BR	pt	002	work	work.country-salaries	PT	/pt/salarios/portugal/	200	1	1	300	0	out_of_window		
256	LIVE_PRIMARY	wijken barcelona	nl	nl-NL	nl	002	areas	neighbourhoods.city-where-to-stay	3128760	/nl/stadsdelen/barcelona/	200	0	4	50	0	out_of_window		
257	LIVE_PRIMARY	adeguamento istat affitto	it	it-IT	it	002	stay	rents.country-inflation	IT	/it/aumento-affitti/italia/	150	0	1	5000	0	out_of_window		
258	LIVE_PRIMARY	average salary in bulgaria	us	en-US	en	001	work	work.country-salaries	BG	/en/salaries/bulgaria/	150	1	0	150	0	out_of_window		
259	LIVE_PRIMARY	average salary in croatia	us	en-US	en	001	work	work.country-salaries	HR	/en/salaries/croatia/	150	5	0	150	0	out_of_window		
260	LIVE_PRIMARY	average salary in finland	us	en-US	en	001	work	work.country-salaries	FI	/en/salaries/finland/	150	0	0	250	0	out_of_window		
261	LIVE_PRIMARY	average salary in hungary	us	en-US	en	001	work	work.country-salaries	HU	/en/salaries/hungary/	150	26	800	150	0	out_of_window		
262	LIVE_PRIMARY	calcular precio mudanza	es	es-ES	es	001	tools	tools.calculator	moving-cost	/es/herramientas/calcular-precio-mudanza/	150	0	120	0	0	out_of_window		
263	LIVE_PRIMARY	costo della vita in albania	it	it-IT	it	002	move	cost-of-living.country	AL	/it/costo-della-vita/albania/	150	0	0	150	0	out_of_window		
264	LIVE_PRIMARY	costo della vita in cina	it	it-IT	it	002	move	cost-of-living.country	CN	/it/costo-della-vita/cina/	150	0	0	60	0	out_of_window		
265	LIVE_PRIMARY	costo della vita in danimarca	it	it-IT	it	001	move	cost-of-living.country	DK	/it/costo-della-vita/danimarca/	150	0	0	100	0	out_of_window		
266	LIVE_PRIMARY	costo della vita in germania	it	it-IT	it	001	move	cost-of-living.country	DE	/it/costo-della-vita/germania/	150	0	0	90	0	out_of_window		
267	LIVE_PRIMARY	costo della vita in grecia	it	it-IT	it	001	move	cost-of-living.country	GR	/it/costo-della-vita/grecia/	150	0	0	90	0	out_of_window		
268	LIVE_PRIMARY	costo della vita in polonia	it	it-IT	it	001	move	cost-of-living.country	PL	/it/costo-della-vita/polonia/	150	0	0	200	0	out_of_window		
269	LIVE_PRIMARY	costo della vita in portogallo	it	it-IT	it	001	move	cost-of-living.country	PT	/it/costo-della-vita/portogallo/	150	0	0	90	0	out_of_window		
270	LIVE_PRIMARY	costo della vita in turchia	it	it-IT	it	001	move	cost-of-living.country	TR	/it/costo-della-vita/turchia/	150	0	0	50	0	out_of_window		
271	LIVE_PRIMARY	coût de la vie au japon	fr	fr-FR	fr	001	move	cost-of-living.country	JP	/fr/cout-de-la-vie/japon/	150	0	2	600	0	out_of_window		
272	LIVE_PRIMARY	coût de la vie en pologne	fr	fr-FR	fr	001	move	cost-of-living.country	PL	/fr/cout-de-la-vie/pologne/	150	0	0	350	0	out_of_window		
273	LIVE_PRIMARY	custo de vida em malta	br	pt-BR	pt	001	move	cost-of-living.country	MT	/pt/custo-de-vida/malta/	150	0	1	40	0	out_of_window		
274	LIVE_PRIMARY	custo de vida na inglaterra	br	pt-BR	pt	001	move	cost-of-living.country	GB	/pt/custo-de-vida/reino-unido/	150	0	1	150	0	out_of_window		
275	LIVE_PRIMARY	custo de vida na itália	br	pt-BR	pt	001	move	cost-of-living.country	IT	/pt/custo-de-vida/italia/	150	0	3	300	0	out_of_window		
276	LIVE_PRIMARY	gemiddeld salaris spanje	nl	nl-NL	nl	002	work	work.country-salaries	ES	/nl/salarissen/spanje/	150	0	25	100	0	out_of_window		
277	LIVE_PRIMARY	hoeveel huur kan ik betalen	nl	nl-NL	nl	002	tools	tools.calculator	rent-affordability	/nl/tools/hoeveel-huur-kan-ik-betalen/	150	18	30	250	0	out_of_window		
278	LIVE_PRIMARY	koszty życia w szwajcarii	pl	pl-PL	pl	001	move	cost-of-living.country	CH	/pl/koszty-zycia/szwajcaria/	150	0	0	150	0	out_of_window		
279	LIVE_PRIMARY	koszty życia w tajlandii	pl	pl-PL	pl	002	move	cost-of-living.country	TH	/pl/koszty-zycia/tajlandia/	150	0	2	90	0	out_of_window		
280	LIVE_PRIMARY	lebenshaltungskosten griechenland	de	de-DE	de	001	move	cost-of-living.country	GR	/de/lebenshaltungskosten/griechenland/	150	0	1	100	0	out_of_window		
281	LIVE_PRIMARY	lebenshaltungskosten kroatien	de	de-DE	de	001	move	cost-of-living.country	HR	/de/lebenshaltungskosten/kroatien/	150	0	3	150	0	out_of_window		
282	LIVE_PRIMARY	lebenshaltungskosten malta	de	de-DE	de	001	move	cost-of-living.country	MT	/de/lebenshaltungskosten/malta/	150	0	1	150	0	out_of_window		
283	LIVE_PRIMARY	lebenshaltungskosten polen	de	de-DE	de	001	move	cost-of-living.country	PL	/de/lebenshaltungskosten/polen/	150	0	0	250	0	out_of_window		
284	LIVE_PRIMARY	lebenshaltungskosten spanien	de	de-DE	de	001	move	cost-of-living.country	ES	/de/lebenshaltungskosten/spanien/	150	0	2	100	0	out_of_window		
285	LIVE_PRIMARY	lebenshaltungskosten türkei	de	de-DE	de	001	move	cost-of-living.country	TR	/de/lebenshaltungskosten/tuerkei/	150	0	0	250	0	out_of_window		
286	LIVE_PRIMARY	mietpreisentwicklung	de	de-DE	de	002	stay	rents.country-inflation	DE	/de/mietpreisentwicklung/deutschland/	150	5	15	40	0	out_of_window		
287	LIVE_PRIMARY	najtańsze kraje w europie	pl	pl-PL	pl	001	tools	rankings.index	cheapest-countries-europe	/pl/rankingi/najtansze-kraje-w-europie/	150	0	9	200	0	out_of_window		
288	LIVE_PRIMARY	ou vivre	fr	fr-FR	fr	001	tools	tools.matcher	where-should-i-live	/fr/outils/ou-vivre/	150	15	50	450	0	out_of_window		
289	LIVE_PRIMARY	paises mais caros do mundo	br	pt-BR	pt	001	tools	rankings.index	most-expensive-countries	/pt/rankings/paises-mais-caros-do-mundo/	150	0	0	150	0	out_of_window		
290	LIVE_PRIMARY	paises mas caros del mundo	es	es-ES	es	001	tools	rankings.index	most-expensive-countries	/es/clasificaciones/paises-mas-caros-del-mundo/	150	0	0	150	0	out_of_window		
291	LIVE_PRIMARY	public holidays in germany 2026	us	en-US	en	002	pulse	events.country-holidays	DE	/en/public-holidays/germany/	150	39	0	0	0	out_of_window		
292	LIVE_PRIMARY	randonnee nice	fr	fr-FR	fr	002	sport	sport.city-season	2990440:hiking	/fr/sport/randonnee-nice/	150	31	15	450	0	out_of_window		
293	LIVE_PRIMARY	salario medio italia	es	es-ES	es	002	work	work.country-salaries	IT	/es/salarios/italia/	150	0	0	70	0	out_of_window		
294	LIVE_PRIMARY	salario medio polonia	es	es-ES	es	002	work	work.country-salaries	PL	/es/salarios/polonia/	150	0	0	60	0	out_of_window		
295	LIVE_PRIMARY	teuerste länder der welt	de	de-DE	de	001	tools	rankings.index	most-expensive-countries	/de/rangliste/teuerste-laender-der-welt/	150	0	0	250	0	out_of_window		
296	LIVE_PRIMARY	travel budget calculator	us	en-US	en	001	tools	tools.calculator	travel-budget	/en/tools/travel-budget-calculator/	150	9	70	1900	0	out_of_window		
297	LIVE_PRIMARY	umzugskosten rechner	de	de-DE	de	001	tools	tools.calculator	moving-cost	/de/rechner/umzugskosten-rechner/	150	0	140	4400	0	out_of_window		
298	LIVE_PRIMARY	wandelen in amsterdam	nl	nl-NL	nl	002	sport	sport.city-season	2759794:hiking	/nl/sport/wandelen-in-amsterdam/	150	1	15	700	0	out_of_window		
299	LIVE_PRIMARY	オーストラリア 生活費	jp	ja-JP	ja	002	move	cost-of-living.country	AU	/ja/seikatsuhi/australia/	150	0	3	60	0	out_of_window		
300	LIVE_PRIMARY	フィリピン 生活費	jp	ja-JP	ja	002	move	cost-of-living.country	PH	/ja/seikatsuhi/philippines/	150	0	1	400	0	out_of_window		
301	LIVE_PRIMARY	マレーシア 生活費	jp	ja-JP	ja	002	move	cost-of-living.country	MY	/ja/seikatsuhi/malaysia/	150	0	5	90	0	out_of_window		
302	LIVE_PRIMARY	物価の高い国	jp	ja-JP	ja	001	tools	rankings.index	most-expensive-countries	/ja/ranking/most-expensive-countries/	150	2	0	1200	0	out_of_window		
303	LIVE_PRIMARY	生活費 計算	jp	ja-JP	ja	001	tools	tools.cost-calculator	cost-of-living-calculator	/ja/tool/cost-of-living-calculator/	150	2	40	1200	0	out_of_window		
304	LIVE_PRIMARY	auswandern kosten	de	de-DE	de	001	tools	tools.calculator	relocation-budget	/de/rechner/auswandern-kosten/	100	0	25	80	0	out_of_window		
305	LIVE_PRIMARY	average salary in luxembourg	us	en-US	en	001	work	work.country-salaries	LU	/en/salaries/luxembourg/	100	4	0	150	0	out_of_window		
306	LIVE_PRIMARY	coste de vida en suiza	es	es-ES	es	001	move	cost-of-living.country	CH	/es/coste-de-vida/suiza/	100	0	8	200	0	out_of_window		
307	LIVE_PRIMARY	costo della vita in norvegia	it	it-IT	it	001	move	cost-of-living.country	NO	/it/costo-della-vita/norvegia/	100	0	0	70	0	out_of_window		
308	LIVE_PRIMARY	coût de la vie en islande	fr	fr-FR	fr	001	move	cost-of-living.country	IS	/fr/cout-de-la-vie/islande/	100	0	1	300	0	out_of_window		
309	LIVE_PRIMARY	coût de la vie en suisse	fr	fr-FR	fr	001	move	cost-of-living.country	CH	/fr/cout-de-la-vie/suisse/	100	1	3	600	0	out_of_window		
310	LIVE_PRIMARY	custo de vida na frança	br	pt-BR	pt	001	move	cost-of-living.country	FR	/pt/custo-de-vida/franca/	100	0	1	60	0	out_of_window		
311	LIVE_PRIMARY	custo de vida na holanda	br	pt-BR	pt	001	move	cost-of-living.country	NL	/pt/custo-de-vida/paises-baixos/	100	0	1	60	0	out_of_window		
312	LIVE_PRIMARY	custo de vida na turquia	br	pt-BR	pt	001	move	cost-of-living.country	TR	/pt/custo-de-vida/turquia/	100	0	0	20	0	out_of_window		
313	LIVE_PRIMARY	dias festivos francia 2026	es	es-ES	es	002	pulse	events.country-holidays	FR	/es/dias-festivos/francia/	100	0	0	0	0	out_of_window		
314	LIVE_PRIMARY	fietsen in amsterdam	nl	nl-NL	nl	002	sport	sport.city-season	2759794:cycling	/nl/sport/fietsen-in-amsterdam/	100	6	35	200	0	out_of_window		
315	LIVE_PRIMARY	giorni festivi francia 2026	it	it-IT	it	002	pulse	events.country-holidays	FR	/it/giorni-festivi/francia/	100	0	1	0	0	out_of_window		
316	LIVE_PRIMARY	jours feries geneve 2026	fr	fr-FR	fr	002	pulse	events.subdivision-holidays	CH-GE	/fr/jours-feries/geneve/	100	0	0	0	0	out_of_window		
317	LIVE_PRIMARY	koszt przeprowadzki	pl	pl-PL	pl	002	tools	tools.calculator	moving-cost	/pl/kalkulatory/koszt-przeprowadzki/	100	0	20	200	0	out_of_window		
318	LIVE_PRIMARY	koszty życia w polsce	pl	pl-PL	pl	001	move	cost-of-living.country	PL	/pl/koszty-zycia/polska/	100	0	0	150	0	out_of_window		
319	LIVE_PRIMARY	koszty życia w portugalii	pl	pl-PL	pl	001	move	cost-of-living.country	PT	/pl/koszty-zycia/portugalia/	100	0	0	70	0	out_of_window		
320	LIVE_PRIMARY	lebenshaltungskosten irland	de	de-DE	de	001	move	cost-of-living.country	IE	/de/lebenshaltungskosten/irland/	100	0	1	60	0	out_of_window		
321	LIVE_PRIMARY	lebenshaltungskosten niederlande	de	de-DE	de	001	move	cost-of-living.country	NL	/de/lebenshaltungskosten/niederlande/	100	0	0	150	0	out_of_window		
322	LIVE_PRIMARY	lebenshaltungskosten vergleich	de	de-DE	de	001	tools	tools.cost-comparison	cost-of-living-comparison	/de/rechner/lebenshaltungskosten-vergleich/	100	18	60	100	0	out_of_window		
323	LIVE_PRIMARY	ou s'expatrier	fr	fr-FR	fr	002	tools	tools.matcher	destination-matcher	/fr/outils/ou-sexpatrier/	100	0	10	1300	0	out_of_window		
324	LIVE_PRIMARY	paises mas baratos para vivir	es	es-ES	es	001	tools	rankings.index	cheapest-countries	/es/clasificaciones/paises-mas-baratos-para-vivir/	100	0	10	200	0	out_of_window		
325	LIVE_PRIMARY	public holidays in spain 2026	us	en-US	en	002	pulse	events.country-holidays	ES	/en/public-holidays/spain/	100	35	0	0	0	out_of_window		
326	LIVE_PRIMARY	reisekosten rechner	de	de-DE	de	001	tools	tools.calculator	travel-budget	/de/rechner/reisekosten-rechner/	100	22	110	450	0	out_of_window		
327	LIVE_PRIMARY	velo a paris	fr	fr-FR	fr	002	sport	sport.city-season	2988507:cycling	/fr/sport/velo-a-paris/	100	45	45	17000	0	out_of_window		
328	LIVE_PRIMARY	which country should i move to	us	en-US	en	002	tools	tools.matcher	destination-matcher	/en/tools/which-country-should-i-move-to/	100	5	6	1100	0	out_of_window		
329	LIVE_PRIMARY	スイス 生活費	jp	ja-JP	ja	001	move	cost-of-living.country	CH	/ja/seikatsuhi/switzerland/	100	0	0	60	0	out_of_window		
330	LIVE_PRIMARY	coste de vida en españa	es	es-ES	es	002	move	cost-of-living.country	ES	/es/coste-de-vida/espana/	90	0	3	150	0	out_of_window		
331	LIVE_PRIMARY	costo della vita in bulgaria	it	it-IT	it	001	move	cost-of-living.country	BG	/it/costo-della-vita/bulgaria/	90	0	0	70	0	out_of_window		
332	LIVE_PRIMARY	costo della vita in islanda	it	it-IT	it	001	move	cost-of-living.country	IS	/it/costo-della-vita/islanda/	90	0	0	60	0	out_of_window		
333	LIVE_PRIMARY	costo della vita in romania	it	it-IT	it	001	move	cost-of-living.country	RO	/it/costo-della-vita/romania/	90	0	0	100	0	out_of_window		
334	LIVE_PRIMARY	courir a paris	fr	fr-FR	fr	002	sport	sport.city-season	2988507:running	/fr/sport/courir-a-paris/	90	65	3	350	0	out_of_window		
335	LIVE_PRIMARY	coût de la vie en bulgarie	fr	fr-FR	fr	001	move	cost-of-living.country	BG	/fr/cout-de-la-vie/bulgarie/	90	0	0	200	0	out_of_window		
336	LIVE_PRIMARY	coût de la vie en croatie	fr	fr-FR	fr	001	move	cost-of-living.country	HR	/fr/cout-de-la-vie/croatie/	90	22	3	0	0	out_of_window		
337	LIVE_PRIMARY	coût de la vie en espagne	fr	fr-FR	fr	001	move	cost-of-living.country	ES	/fr/cout-de-la-vie/espagne/	90	0	0	400	0	out_of_window		
338	LIVE_PRIMARY	jours feries luxembourg 2026	fr	fr-FR	fr	002	pulse	events.country-holidays	LU	/fr/jours-feries/luxembourg/	90	0	0	0	0	out_of_window		
339	LIVE_PRIMARY	lebenshaltungskosten österreich	de	de-DE	de	001	move	cost-of-living.country	AT	/de/lebenshaltungskosten/oesterreich/	90	1	0	60	0	out_of_window		
340	LIVE_PRIMARY	onde morar	br	pt-BR	pt	001	tools	tools.matcher	where-should-i-live	/pt/ferramentas/onde-morar/	90	0	8	250	0	out_of_window		
341	LIVE_PRIMARY	ou dormir	fr	fr-FR	fr	002	tools	tools.matcher	where-should-i-stay	/fr/outils/ou-dormir/	90	0	45	10	0	out_of_window		
342	LIVE_PRIMARY	swimming in miami	us	en-US	en	002	sport	sport.city-season	4164138:swimming	/en/sport/swimming-in-miami/	90	36	25	10	0	out_of_window		
343	LIVE_PRIMARY	引越し 費用 見積もり	jp	ja-JP	ja	001	tools	tools.calculator	moving-cost	/ja/tool/moving-cost/	90	49	25	500	0	out_of_window		
344	LIVE_PRIMARY	average salary in belgium	us	en-US	en	001	work	work.country-salaries	BE	/en/salaries/belgium/	80	55	0	150	0	out_of_window		
345	LIVE_PRIMARY	average salary in the netherlands	us	en-US	en	001	work	work.country-salaries	NL	/en/salaries/netherlands/	80	6	0	150	0	out_of_window		
346	LIVE_PRIMARY	costo della vita in croazia	it	it-IT	it	001	move	cost-of-living.country	HR	/it/costo-della-vita/croazia/	80	0	0	90	0	out_of_window		
347	LIVE_PRIMARY	costo della vita in svezia	it	it-IT	it	001	move	cost-of-living.country	SE	/it/costo-della-vita/svezia/	80	0	0	20	0	out_of_window		
348	LIVE_PRIMARY	costo della vita in ungheria	it	it-IT	it	001	move	cost-of-living.country	HU	/it/costo-della-vita/ungheria/	80	0	0	20	0	out_of_window		
349	LIVE_PRIMARY	courir a lyon	fr	fr-FR	fr	002	sport	sport.city-season	2996944:running	/fr/sport/courir-a-lyon/	80	0	2	150	0	out_of_window		
350	LIVE_PRIMARY	coût de la vie au portugal	fr	fr-FR	fr	001	move	cost-of-living.country	PT	/fr/cout-de-la-vie/portugal/	80	0	2	400	0	out_of_window		
351	LIVE_PRIMARY	coût de la vie en hongrie	fr	fr-FR	fr	001	move	cost-of-living.country	HU	/fr/cout-de-la-vie/hongrie/	80	0	0	250	0	out_of_window		
352	LIVE_PRIMARY	custo de vida no canadá	br	pt-BR	pt	001	move	cost-of-living.country	CA	/pt/custo-de-vida/canada/	80	0	1	200	0	out_of_window		
353	LIVE_PRIMARY	donde alojarse	es	es-ES	es	002	tools	tools.matcher	where-should-i-stay	/es/herramientas/donde-alojarse/	80	0	35	300	0	out_of_window		
354	LIVE_PRIMARY	lebenshaltungskosten tschechien	de	de-DE	de	001	move	cost-of-living.country	CZ	/de/lebenshaltungskosten/tschechien/	80	0	0	40	0	out_of_window		
355	LIVE_PRIMARY	najtańsze kraje do życia	pl	pl-PL	pl	001	tools	rankings.index	cheapest-countries	/pl/rankingi/najtansze-kraje-do-zycia/	80	0	0	150	0	out_of_window		
356	LIVE_PRIMARY	pays les plus chers du monde	fr	fr-FR	fr	001	tools	rankings.index	most-expensive-countries	/fr/classements/pays-les-plus-chers-du-monde/	80	0	0	150	0	out_of_window		
357	LIVE_PRIMARY	running in new york	us	en-US	en	002	sport	sport.city-season	5128581:running	/en/sport/running-in-new-york/	80	1	0	150	0	out_of_window		
358	LIVE_PRIMARY	カナダ 生活費	jp	ja-JP	ja	001	move	cost-of-living.country	CA	/ja/seikatsuhi/canada/	80	0	10	40	0	out_of_window		
359	LIVE_PRIMARY	average salary in austria	us	en-US	en	001	work	work.country-salaries	AT	/en/salaries/austria/	70	0	0	20	0	out_of_window		
360	LIVE_PRIMARY	average salary in cyprus	us	en-US	en	001	work	work.country-salaries	CY	/en/salaries/cyprus/	70	1	0	40	0	out_of_window		
361	LIVE_PRIMARY	average salary in estonia	us	en-US	en	001	work	work.country-salaries	EE	/en/salaries/estonia/	70	4	0	100	0	out_of_window		
362	LIVE_PRIMARY	average salary in malta	us	en-US	en	001	work	work.country-salaries	MT	/en/salaries/malta/	70	1	0	0	0	out_of_window		
363	LIVE_PRIMARY	costo della vita a cipro	it	it-IT	it	001	move	cost-of-living.country	CY	/it/costo-della-vita/cipro/	70	0	0	60	0	out_of_window		
364	LIVE_PRIMARY	costo della vita in spagna	it	it-IT	it	001	move	cost-of-living.country	ES	/it/costo-della-vita/spagna/	70	0	0	40	0	out_of_window		
365	LIVE_PRIMARY	coût de la vie en france	fr	fr-FR	fr	001	move	cost-of-living.country	FR	/fr/cout-de-la-vie/france/	70	0	0	200	0	out_of_window		
366	LIVE_PRIMARY	coût de la vie en grèce	fr	fr-FR	fr	001	move	cost-of-living.country	GR	/fr/cout-de-la-vie/grece/	70	0	0	250	0	out_of_window		
367	LIVE_PRIMARY	duurste landen ter wereld	nl	nl-NL	nl	001	tools	rankings.index	most-expensive-countries	/nl/ranglijsten/duurste-landen-ter-wereld/	70	0	0	200	0	out_of_window		
368	LIVE_PRIMARY	jours feries belgique 2026	fr	fr-FR	fr	002	pulse	events.country-holidays	BE	/fr/jours-feries/belgique/	70	0	0	0	0	out_of_window		
369	LIVE_PRIMARY	koszty życia w albanii	pl	pl-PL	pl	002	move	cost-of-living.country	AL	/pl/koszty-zycia/albania/	70	0	0	80	0	out_of_window		
370	LIVE_PRIMARY	ländervergleich	de	de-DE	de	002	tools	tools.cost-comparison	country-comparison	/de/rechner/laendervergleich/	70	2	0	20	0	out_of_window		
371	LIVE_PRIMARY	verhuiskosten berekenen	nl	nl-NL	nl	001	tools	tools.calculator	moving-cost	/nl/tools/verhuiskosten-berekenen/	70	0	170	200	0	out_of_window		
372	LIVE_PRIMARY	イギリス 生活費	jp	ja-JP	ja	001	move	cost-of-living.country	GB	/ja/seikatsuhi/united-kingdom/	70	0	0	400	0	out_of_window		
373	LIVE_PRIMARY	東京 ランニング	jp	ja-JP	ja	002	sport	sport.city-season	1850147:running	/ja/sport/running-tokyo/	70	0	4	350	0	out_of_window		
374	LIVE_PRIMARY	coût de la vie à malte	fr	fr-FR	fr	001	move	cost-of-living.country	MT	/fr/cout-de-la-vie/malte/	60	0	0	350	0	out_of_window		
375	LIVE_PRIMARY	coût de la vie en norvège	fr	fr-FR	fr	001	move	cost-of-living.country	NO	/fr/cout-de-la-vie/norvege/	60	0	0	200	0	out_of_window		
376	LIVE_PRIMARY	coût de la vie en turquie	fr	fr-FR	fr	001	move	cost-of-living.country	TR	/fr/cout-de-la-vie/turquie/	60	2	0	200	0	out_of_window		
377	LIVE_PRIMARY	custo de vida na noruega	br	pt-BR	pt	001	move	cost-of-living.country	NO	/pt/custo-de-vida/noruega/	60	0	1	90	0	out_of_window		
378	LIVE_PRIMARY	custo de vida na suíça	br	pt-BR	pt	001	move	cost-of-living.country	CH	/pt/custo-de-vida/suica/	60	0	1	150	0	out_of_window		
379	LIVE_PRIMARY	donde vivir	es	es-ES	es	001	tools	tools.matcher	where-should-i-live	/es/herramientas/donde-vivir/	60	0	10	20	0	out_of_window		
380	LIVE_PRIMARY	koszty życia w australii	pl	pl-PL	pl	002	move	cost-of-living.country	AU	/pl/koszty-zycia/australia/	60	0	0	10	0	out_of_window		
381	LIVE_PRIMARY	koszty życia w bułgarii	pl	pl-PL	pl	001	move	cost-of-living.country	BG	/pl/koszty-zycia/bulgaria/	60	0	0	40	0	out_of_window		
382	LIVE_PRIMARY	koszty życia w hiszpanii	pl	pl-PL	pl	001	move	cost-of-living.country	ES	/pl/koszty-zycia/hiszpania/	60	0	0	70	0	out_of_window		
383	LIVE_PRIMARY	koszty życia w niemczech	pl	pl-PL	pl	001	move	cost-of-living.country	DE	/pl/koszty-zycia/niemcy/	60	0	1	100	0	out_of_window		
384	LIVE_PRIMARY	koszty życia w norwegii	pl	pl-PL	pl	001	move	cost-of-living.country	NO	/pl/koszty-zycia/norwegia/	60	7	10	40	0	out_of_window		
385	LIVE_PRIMARY	pays les moins chers d'europe	fr	fr-FR	fr	001	tools	rankings.index	cheapest-countries-europe	/fr/classements/pays-les-moins-chers-deurope/	60	0	2	1900	0	out_of_window		
386	LIVE_PRIMARY	ドイツ 生活費	jp	ja-JP	ja	001	move	cost-of-living.country	DE	/ja/seikatsuhi/germany/	60	0	0	30	0	out_of_window		
387	LIVE_PRIMARY	大阪 ランニング	jp	ja-JP	ja	002	sport	sport.city-season	1853909:running	/ja/sport/running-osaka/	60	0	0	0	0	out_of_window		
388	LIVE_PRIMARY	札幌 ハイキング	jp	ja-JP	ja	002	sport	sport.city-season	2128295:hiking	/ja/sport/hiking-sapporo/	60	0	0	80	0	out_of_window		
389	LIVE_PRIMARY	correre a milano	it	it-IT	it	002	sport	sport.city-season	3173435:running	/it/sport/correre-a-milano/	50	0	0	80	0	out_of_window		
390	LIVE_PRIMARY	cost of moving abroad	us	en-US	en	001	tools	tools.calculator	relocation-budget	/en/tools/cost-of-moving-abroad/	50	0	0	0	0	out_of_window		
391	LIVE_PRIMARY	coste de vida en australia	es	es-ES	es	002	move	cost-of-living.country	AU	/es/coste-de-vida/australia/	50	0	3	60	0	out_of_window		
392	LIVE_PRIMARY	coste de vida estados unidos	es	es-ES	es	002	move	cost-of-living.country	US	/es/coste-de-vida/estados-unidos/	50	0	0	40	0	out_of_window		
393	LIVE_PRIMARY	coût de la vie en autriche	fr	fr-FR	fr	001	move	cost-of-living.country	AT	/fr/cout-de-la-vie/autriche/	50	0	0	100	0	out_of_window		
394	LIVE_PRIMARY	coût de la vie en irlande	fr	fr-FR	fr	001	move	cost-of-living.country	IE	/fr/cout-de-la-vie/irlande/	50	0	0	150	0	out_of_window		
395	LIVE_PRIMARY	coût de la vie en italie	fr	fr-FR	fr	001	move	cost-of-living.country	IT	/fr/cout-de-la-vie/italie/	50	0	0	150	0	out_of_window		
396	LIVE_PRIMARY	coût de la vie en roumanie	fr	fr-FR	fr	001	move	cost-of-living.country	RO	/fr/cout-de-la-vie/roumanie/	50	0	0	150	0	out_of_window		
397	LIVE_PRIMARY	custo de vida na dinamarca	br	pt-BR	pt	001	move	cost-of-living.country	DK	/pt/custo-de-vida/dinamarca/	50	0	1	50	0	out_of_window		
398	LIVE_PRIMARY	goedkoopste landen in europa	nl	nl-NL	nl	001	tools	rankings.index	cheapest-countries-europe	/nl/ranglijsten/goedkoopste-landen-in-europa/	50	9	0	50	0	out_of_window		
399	LIVE_PRIMARY	najdroższe kraje świata	pl	pl-PL	pl	001	tools	rankings.index	most-expensive-countries	/pl/rankingi/najdrozsze-kraje-swiata/	50	0	0	60	0	out_of_window		
400	LIVE_PRIMARY	randonnee pres de lyon	fr	fr-FR	fr	002	sport	sport.city-season	2996944:hiking	/fr/sport/randonnee-pres-de-lyon/	50	0	15	1200	0	out_of_window		
401	LIVE_PRIMARY	where should i stay	us	en-US	en	002	tools	tools.matcher	where-should-i-stay	/en/tools/where-should-i-stay/	50	0	0	600	0	out_of_window		
402	LIVE_PRIMARY	海外移住 費用	jp	ja-JP	ja	001	tools	tools.calculator	relocation-budget	/ja/tool/relocation-budget/	50	0	80	40	0	out_of_window		
403	LIVE_PRIMARY	calculer son loyer maximum	fr	fr-FR	fr	002	tools	tools.calculator	rent-affordability	/fr/outils/calculer-son-loyer-maximum/	40	3	35	350	0	out_of_window		
404	LIVE_PRIMARY	coste de vida en irlanda	es	es-ES	es	001	move	cost-of-living.country	IE	/es/coste-de-vida/irlanda/	40	0	0	70	0	out_of_window		
405	LIVE_PRIMARY	coût de la vie au danemark	fr	fr-FR	fr	001	move	cost-of-living.country	DK	/fr/cout-de-la-vie/danemark/	40	0	0	100	0	out_of_window		
406	LIVE_PRIMARY	coût de la vie en allemagne	fr	fr-FR	fr	001	move	cost-of-living.country	DE	/fr/cout-de-la-vie/allemagne/	40	0	0	100	0	out_of_window		
407	LIVE_PRIMARY	custo de vida na grécia	br	pt-BR	pt	001	move	cost-of-living.country	GR	/pt/custo-de-vida/grecia/	40	0	0	10	0	out_of_window		
408	LIVE_PRIMARY	custo de vida na suécia	br	pt-BR	pt	001	move	cost-of-living.country	SE	/pt/custo-de-vida/suecia/	40	0	0	20	0	out_of_window		
409	LIVE_PRIMARY	dove trasferirsi all'estero	it	it-IT	it	002	tools	tools.matcher	destination-matcher	/it/strumenti/dove-trasferirsi-allestero/	40	0	0	90	0	out_of_window		
410	LIVE_PRIMARY	dove vivere	it	it-IT	it	001	tools	tools.matcher	where-should-i-live	/it/strumenti/dove-vivere/	40	0	0	300	0	out_of_window		
411	LIVE_PRIMARY	koszty życia w danii	pl	pl-PL	pl	001	move	cost-of-living.country	DK	/pl/koszty-zycia/dania/	40	0	0	30	0	out_of_window		
412	LIVE_PRIMARY	koszty życia w grecji	pl	pl-PL	pl	001	move	cost-of-living.country	GR	/pl/koszty-zycia/grecja/	40	0	0	0	0	out_of_window		
413	LIVE_PRIMARY	koszty życia w holandii	pl	pl-PL	pl	001	move	cost-of-living.country	NL	/pl/koszty-zycia/holandia/	40	0	0	50	0	out_of_window		
414	LIVE_PRIMARY	koszty życia w japonii	pl	pl-PL	pl	001	move	cost-of-living.country	JP	/pl/koszty-zycia/japonia/	40	0	0	10	0	out_of_window		
415	LIVE_PRIMARY	koszty życia we włoszech	pl	pl-PL	pl	001	move	cost-of-living.country	IT	/pl/koszty-zycia/wlochy/	40	0	0	70	0	out_of_window		
416	LIVE_PRIMARY	running in miami	us	en-US	en	002	sport	sport.city-season	4164138:running	/en/sport/running-in-miami/	40	0	70	30	0	out_of_window		
417	LIVE_PRIMARY	running in san francisco	us	en-US	en	002	sport	sport.city-season	5391959:running	/en/sport/running-in-san-francisco/	40	0	70	100	0	out_of_window		
418	LIVE_PRIMARY	wo übernachten	de	de-DE	de	002	tools	tools.matcher	where-should-i-stay	/de/rechner/wo-uebernachten/	40	0	0	0	0	out_of_window		
419	LIVE_PRIMARY	どこに住むべきか	jp	ja-JP	ja	001	tools	tools.matcher	where-should-i-live	/ja/tool/where-should-i-live/	40	0	80	0	0	out_of_window		
420	LIVE_PRIMARY	フランス 生活費	jp	ja-JP	ja	001	move	cost-of-living.country	FR	/ja/seikatsuhi/france/	40	0	0	0	0	out_of_window		
421	LIVE_PRIMARY	ポルトガル 生活費	jp	ja-JP	ja	001	move	cost-of-living.country	PT	/ja/seikatsuhi/portugal/	40	0	0	20	0	out_of_window		
422	LIVE_PRIMARY	bici a milano	it	it-IT	it	002	sport	sport.city-season	3173435:cycling	/it/sport/bici-a-milano/	30	7	10	2000	0	out_of_window		
423	LIVE_PRIMARY	correr en madrid	es	es-ES	es	002	sport	sport.city-season	3117735:running	/es/deporte/correr-en-madrid/	30	0	35	30	0	out_of_window		
424	LIVE_PRIMARY	correre a roma	it	it-IT	it	002	sport	sport.city-season	3169070:running	/it/sport/correre-a-roma/	30	0	0	80	0	out_of_window		
425	LIVE_PRIMARY	coste de vida en alemania	es	es-ES	es	001	move	cost-of-living.country	DE	/es/coste-de-vida/alemania/	30	0	0	50	0	out_of_window		
426	LIVE_PRIMARY	coste de vida en malta	es	es-ES	es	001	move	cost-of-living.country	MT	/es/coste-de-vida/malta/	30	0	0	20	0	out_of_window		
427	LIVE_PRIMARY	coste de vida en noruega	es	es-ES	es	001	move	cost-of-living.country	NO	/es/coste-de-vida/noruega/	30	0	0	250	0	out_of_window		
428	LIVE_PRIMARY	coste de vida en portugal	es	es-ES	es	001	move	cost-of-living.country	PT	/es/coste-de-vida/portugal/	30	0	0	30	0	out_of_window		
429	LIVE_PRIMARY	dias festivos mexico 2026	es	es-ES	es	002	pulse	events.country-holidays	MX	/es/dias-festivos/mexico/	30	0	0	0	0	out_of_window		
430	LIVE_PRIMARY	koszty życia na malcie	pl	pl-PL	pl	001	move	cost-of-living.country	MT	/pl/koszty-zycia/malta/	30	0	0	0	0	out_of_window		
431	LIVE_PRIMARY	koszty życia w czechach	pl	pl-PL	pl	001	move	cost-of-living.country	CZ	/pl/koszty-zycia/czechy/	30	0	0	70	0	out_of_window		
432	LIVE_PRIMARY	koszty życia w szwecji	pl	pl-PL	pl	001	move	cost-of-living.country	SE	/pl/koszty-zycia/szwecja/	30	0	0	30	0	out_of_window		
433	LIVE_PRIMARY	koszty życia w turcji	pl	pl-PL	pl	001	move	cost-of-living.country	TR	/pl/koszty-zycia/turcja/	30	0	0	0	0	out_of_window		
434	LIVE_PRIMARY	levensonderhoud curacao	nl	nl-NL	nl	002	move	cost-of-living.country	CW	/nl/kosten-van-levensonderhoud/curacao/	30	0	0	60	0	out_of_window		
435	LIVE_PRIMARY	levensonderhoud spanje	nl	nl-NL	nl	001	move	cost-of-living.country	ES	/nl/kosten-van-levensonderhoud/spanje/	30	38	0	50	0	out_of_window		
436	LIVE_PRIMARY	naar welk land emigreren	nl	nl-NL	nl	002	tools	tools.matcher	destination-matcher	/nl/tools/naar-welk-land-emigreren/	30	19	0	150	0	out_of_window		
437	LIVE_PRIMARY	paises mais baratos para morar	br	pt-BR	pt	001	tools	rankings.index	cheapest-countries	/pt/rankings/paises-mais-baratos-para-morar/	30	0	1	80	0	out_of_window		
438	LIVE_PRIMARY	アイルランド 生活費	jp	ja-JP	ja	001	move	cost-of-living.country	IE	/ja/seikatsuhi/ireland/	30	0	0	0	0	out_of_window		
439	LIVE_PRIMARY	イタリア 生活費	jp	ja-JP	ja	001	move	cost-of-living.country	IT	/ja/seikatsuhi/italy/	30	0	0	0	0	out_of_window		
440	LIVE_PRIMARY	オランダ 生活費	jp	ja-JP	ja	001	move	cost-of-living.country	NL	/ja/seikatsuhi/netherlands/	30	0	0	10	0	out_of_window		
441	LIVE_PRIMARY	ポーランド 生活費	jp	ja-JP	ja	001	move	cost-of-living.country	PL	/ja/seikatsuhi/poland/	30	0	0	10	0	out_of_window		
442	LIVE_PRIMARY	旅行 費用 計算	jp	ja-JP	ja	001	tools	tools.calculator	travel-budget	/ja/tool/travel-budget/	30	0	6	0	0	out_of_window		
443	LIVE_PRIMARY	calculadora custo de vida	br	pt-BR	pt	001	tools	tools.cost-calculator	cost-of-living-calculator	/pt/ferramentas/calculadora-custo-de-vida/	20	15	0	50	0	out_of_window		
444	LIVE_PRIMARY	comparar cidades	br	pt-BR	pt	001	tools	tools.cost-comparison	city-comparison	/pt/ferramentas/comparar-cidades/	20	10	0	0	0	out_of_window		
445	LIVE_PRIMARY	correr en barcelona	es	es-ES	es	002	sport	sport.city-season	3128760:running	/es/deporte/correr-en-barcelona/	20	62	0	200	0	out_of_window		
446	LIVE_PRIMARY	coste de vida en holanda	es	es-ES	es	001	move	cost-of-living.country	NL	/es/coste-de-vida/paises-bajos/	20	0	0	0	0	out_of_window		
447	LIVE_PRIMARY	coste de vida en islandia	es	es-ES	es	001	move	cost-of-living.country	IS	/es/coste-de-vida/islandia/	20	0	0	10	0	out_of_window		
448	LIVE_PRIMARY	coste de vida en polonia	es	es-ES	es	001	move	cost-of-living.country	PL	/es/coste-de-vida/polonia/	20	0	0	0	0	out_of_window		
449	LIVE_PRIMARY	custo de vida na bulgária	br	pt-BR	pt	001	move	cost-of-living.country	BG	/pt/custo-de-vida/bulgaria/	20	0	0	0	0	out_of_window		
450	LIVE_PRIMARY	custo de vida na croácia	br	pt-BR	pt	001	move	cost-of-living.country	HR	/pt/custo-de-vida/croacia/	20	0	0	10	0	out_of_window		
451	LIVE_PRIMARY	cycling in new york	us	en-US	en	002	sport	sport.city-season	5128581:cycling	/en/sport/cycling-in-new-york/	20	21	50	80	0	out_of_window		
452	LIVE_PRIMARY	donde emigrar	es	es-ES	es	002	tools	tools.matcher	destination-matcher	/es/herramientas/donde-emigrar/	20	0	0	100	0	out_of_window		
453	LIVE_PRIMARY	goedkoopste landen om te wonen	nl	nl-NL	nl	001	tools	rankings.index	cheapest-countries	/nl/ranglijsten/goedkoopste-landen-om-te-wonen/	20	0	0	150	0	out_of_window		
454	LIVE_PRIMARY	kosten levensonderhoud griekenland	nl	nl-NL	nl	002	move	cost-of-living.country	GR	/nl/kosten-van-levensonderhoud/griekenland/	20	0	0	10	0	out_of_window		
455	LIVE_PRIMARY	koszty życia w belgii	pl	pl-PL	pl	001	move	cost-of-living.country	BE	/pl/koszty-zycia/belgia/	20	0	0	0	0	out_of_window		
456	LIVE_PRIMARY	koszty życia w irlandii	pl	pl-PL	pl	001	move	cost-of-living.country	IE	/pl/koszty-zycia/irlandia/	20	0	0	20	0	out_of_window		
457	LIVE_PRIMARY	koszty życia we francji	pl	pl-PL	pl	001	move	cost-of-living.country	FR	/pl/koszty-zycia/francja/	20	0	0	0	0	out_of_window		
458	LIVE_PRIMARY	levensonderhoud denemarken	nl	nl-NL	nl	002	move	cost-of-living.country	DK	/nl/kosten-van-levensonderhoud/denemarken/	20	0	0	600	0	out_of_window		
459	LIVE_PRIMARY	levensonderhoud portugal	nl	nl-NL	nl	001	move	cost-of-living.country	PT	/nl/kosten-van-levensonderhoud/portugal/	20	0	0	20	0	out_of_window		
460	LIVE_PRIMARY	paesi dove si vive con poco	it	it-IT	it	002	tools	rankings.index	cheapest-countries	/it/classifiche/paesi-dove-si-vive-con-poco/	20	0	0	100	0	out_of_window		
461	LIVE_PRIMARY	waar overnachten	nl	nl-NL	nl	002	tools	tools.matcher	where-should-i-stay	/nl/tools/waar-overnachten/	20	0	0	0	0	out_of_window		
462	LIVE_PRIMARY	スウェーデン 生活費	jp	ja-JP	ja	001	move	cost-of-living.country	SE	/ja/seikatsuhi/sweden/	20	0	0	10	0	out_of_window		
463	LIVE_PRIMARY	スペイン 生活費	jp	ja-JP	ja	001	move	cost-of-living.country	ES	/ja/seikatsuhi/spain/	20	0	0	0	0	out_of_window		
464	LIVE_PRIMARY	チェコ 生活費	jp	ja-JP	ja	001	move	cost-of-living.country	CZ	/ja/seikatsuhi/czechia/	20	0	0	0	0	out_of_window		
465	LIVE_PRIMARY	デンマーク 生活費	jp	ja-JP	ja	001	move	cost-of-living.country	DK	/ja/seikatsuhi/denmark/	20	0	0	0	0	out_of_window		
466	LIVE_PRIMARY	トルコ 生活費	jp	ja-JP	ja	001	move	cost-of-living.country	TR	/ja/seikatsuhi/tuerkiye/	20	0	0	10	0	out_of_window		
467	LIVE_PRIMARY	ノルウェー 生活費	jp	ja-JP	ja	001	move	cost-of-living.country	NO	/ja/seikatsuhi/norway/	20	0	0	10	0	out_of_window		
468	LIVE_PRIMARY	ハンガリー 生活費	jp	ja-JP	ja	001	move	cost-of-living.country	HU	/ja/seikatsuhi/hungary/	20	0	0	40	0	out_of_window		
469	LIVE_PRIMARY	マルタ 生活費	jp	ja-JP	ja	001	move	cost-of-living.country	MT	/ja/seikatsuhi/malta/	20	0	0	0	0	out_of_window		
470	LIVE_PRIMARY	average salary in czechia	us	en-US	en	001	work	work.country-salaries	CZ	/en/salaries/czechia/	10	0	0	0	0	out_of_window		
471	LIVE_PRIMARY	calcular presupuesto de viaje	es	es-ES	es	002	tools	tools.calculator	travel-budget	/es/herramientas/calcular-presupuesto-de-viaje/	10	0	0	0	0	out_of_window		
472	LIVE_PRIMARY	comparar ciudades	es	es-ES	es	001	tools	tools.cost-comparison	city-comparison	/es/herramientas/comparar-ciudades/	10	0	0	10	0	out_of_window		
473	LIVE_PRIMARY	comparateur cout de la vie	fr	fr-FR	fr	001	tools	tools.cost-comparison	cost-of-living-comparison	/fr/outils/comparateur-cout-de-la-vie/	10	1	0	200	0	out_of_window		
474	LIVE_PRIMARY	confronto costo della vita	it	it-IT	it	001	tools	tools.cost-comparison	cost-of-living-comparison	/it/strumenti/confronto-costo-della-vita/	10	0	0	100	0	out_of_window		
475	LIVE_PRIMARY	coste de vida en bulgaria	es	es-ES	es	001	move	cost-of-living.country	BG	/es/coste-de-vida/bulgaria/	10	0	0	0	0	out_of_window		
476	LIVE_PRIMARY	coste de vida en chipre	es	es-ES	es	001	move	cost-of-living.country	CY	/es/coste-de-vida/chipre/	10	0	0	0	0	out_of_window		
477	LIVE_PRIMARY	coste de vida en croacia	es	es-ES	es	001	move	cost-of-living.country	HR	/es/coste-de-vida/croacia/	10	0	0	0	0	out_of_window		
478	LIVE_PRIMARY	coste de vida en dinamarca	es	es-ES	es	001	move	cost-of-living.country	DK	/es/coste-de-vida/dinamarca/	10	0	0	0	0	out_of_window		
479	LIVE_PRIMARY	coste de vida en francia	es	es-ES	es	001	move	cost-of-living.country	FR	/es/coste-de-vida/francia/	10	0	0	0	0	out_of_window		
480	LIVE_PRIMARY	coste de vida en grecia	es	es-ES	es	001	move	cost-of-living.country	GR	/es/coste-de-vida/grecia/	10	0	0	0	0	out_of_window		
481	LIVE_PRIMARY	coste de vida en italia	es	es-ES	es	001	move	cost-of-living.country	IT	/es/coste-de-vida/italia/	10	0	0	0	0	out_of_window		
482	LIVE_PRIMARY	coste de vida en japon	es	es-ES	es	001	move	cost-of-living.country	JP	/es/coste-de-vida/japon/	10	0	0	0	0	out_of_window		
483	LIVE_PRIMARY	coste de vida en rumania	es	es-ES	es	001	move	cost-of-living.country	RO	/es/coste-de-vida/rumania/	10	0	0	0	0	out_of_window		
484	LIVE_PRIMARY	coste de vida en suecia	es	es-ES	es	001	move	cost-of-living.country	SE	/es/coste-de-vida/suecia/	10	0	0	0	0	out_of_window		
485	LIVE_PRIMARY	gdzie mieszkać	pl	pl-PL	pl	001	tools	tools.matcher	where-should-i-live	/pl/kalkulatory/gdzie-mieszkac/	10	0	0	10	0	out_of_window		
486	LIVE_PRIMARY	gdzie się zatrzymać	pl	pl-PL	pl	002	tools	tools.matcher	where-should-i-stay	/pl/kalkulatory/gdzie-sie-zatrzymac/	10	0	0	0	0	out_of_window		
487	LIVE_PRIMARY	giorni festivi lombardia 2026	it	it-IT	it	002	pulse	events.subdivision-holidays	IT-LO	/it/giorni-festivi/lombardia/	10	0	0	0	0	out_of_window		
488	LIVE_PRIMARY	günstigste länder in europa	de	de-DE	de	001	tools	rankings.index	cheapest-countries-europe	/de/rangliste/guenstigste-laender-in-europa/	10	0	0	0	0	out_of_window		
489	LIVE_PRIMARY	günstigste länder zum leben	de	de-DE	de	001	tools	rankings.index	cheapest-countries	/de/rangliste/guenstigste-laender-zum-leben/	10	0	0	450	0	out_of_window		
490	LIVE_PRIMARY	hardlopen in amsterdam	nl	nl-NL	nl	002	sport	sport.city-season	2759794:running	/nl/sport/hardlopen-in-amsterdam/	10	1	90	60	0	out_of_window		
491	LIVE_PRIMARY	hiking near new york	us	en-US	en	002	sport	sport.city-season	5128581:hiking	/en/sport/hiking-near-new-york/	10	11	4	1800	0	out_of_window		
492	LIVE_PRIMARY	jours feries guadeloupe 2026	fr	fr-FR	fr	002	pulse	events.subdivision-holidays	FR-GP	/fr/jours-feries/guadeloupe/	10	0	0	0	0	out_of_window		
493	LIVE_PRIMARY	kalkulator kosztów życia	pl	pl-PL	pl	001	tools	tools.cost-calculator	cost-of-living-calculator	/pl/kalkulatory/kalkulator-kosztow-zycia/	10	0	0	0	0	out_of_window		
494	LIVE_PRIMARY	kosten van levensonderhoud malta	nl	nl-NL	nl	001	move	cost-of-living.country	MT	/nl/kosten-van-levensonderhoud/malta/	10	0	0	0	0	out_of_window		
495	LIVE_PRIMARY	pays les moins chers pour vivre	fr	fr-FR	fr	001	tools	rankings.index	cheapest-countries	/fr/classements/pays-les-moins-chers-pour-vivre/	10	2	0	100	0	out_of_window		
496	LIVE_PRIMARY	porównanie miast	pl	pl-PL	pl	001	tools	tools.cost-comparison	city-comparison	/pl/kalkulatory/porownanie-miast/	10	0	0	0	0	out_of_window		
497	LIVE_PRIMARY	quanto custa morar fora	br	pt-BR	pt	002	tools	tools.calculator	relocation-budget	/pt/ferramentas/quanto-custa-morar-fora/	10	0	0	0	0	out_of_window		
498	LIVE_PRIMARY	städte vergleich	de	de-DE	de	001	tools	tools.cost-comparison	city-comparison	/de/rechner/staedte-vergleich/	10	0	0	0	0	out_of_window		
499	LIVE_PRIMARY	wo soll ich leben	de	de-DE	de	001	tools	tools.matcher	where-should-i-live	/de/rechner/wo-soll-ich-leben/	10	1	0	90	0	out_of_window		
500	LIVE_PRIMARY	海外移住 おすすめ 国	jp	ja-JP	ja	002	tools	tools.matcher	destination-matcher	/ja/tool/destination-matcher/	10	0	25	2200	0	out_of_window		
501	LIVE_SECONDARY	feiertage Deutschland	de	de-DE	de		pulse	events.country-holidays	DE	/de/feiertage/deutschland/	3863	44	1	0				
502	LIVE_SECONDARY	feiertage Baden-Württemberg 2026	de	de-DE	de		pulse	events.subdivision-holidays	DE-BW	/de/feiertage/baden-wuerttemberg/	1532	1	6	0				
503	LIVE_SECONDARY	feestdagen Nederland	nl	nl-NL	nl		pulse	events.country-holidays	NL	/nl/feestdagen/nederland/	1401	18	1	0				
504	LIVE_SECONDARY	jours feries France	fr	fr-FR	fr		pulse	events.country-holidays	FR	/fr/jours-feries/france/	1322	13	1	0				
505	LIVE_SECONDARY	feiertage Frankreich	de	de-DE	de		pulse	events.country-holidays	FR	/de/feiertage/frankreich/	1102	1	15	0				
506	LIVE_SECONDARY	feiertage Österreich	de	de-DE	de		pulse	events.country-holidays	AT	/de/feiertage/oesterreich/	988	35	3	0				
507	LIVE_SECONDARY	feiertage Schweiz	de	de-DE	de		pulse	events.country-holidays	CH	/de/feiertage/schweiz/	899	7	4	0				
508	LIVE_SECONDARY	feestdagen België	nl	nl-NL	nl		pulse	events.country-holidays	BE	/nl/feestdagen/belgie/	884	12	3	0				
509	LIVE_SECONDARY	feiertage Italien	de	de-DE	de		pulse	events.country-holidays	IT	/de/feiertage/italien/	621	1	5	0				
510	LIVE_SECONDARY	cost of living Thailand	us	en-US	en		move	cost-of-living.country	TH	/en/cost-of-living/thailand/	536	5	1	0				
511	LIVE_SECONDARY	cost of living Portugal	us	en-US	en		move	cost-of-living.country	PT	/en/cost-of-living/portugal/	412	0	1	0				
512	LIVE_SECONDARY	cost of living Japan	us	en-US	en		move	cost-of-living.country	JP	/en/cost-of-living/japan/	357	1	2	0				
513	LIVE_SECONDARY	average salary Germany	us	en-US	en		work	work.country-salaries	DE	/en/salaries/germany/	271	11	0	0				
514	LIVE_SECONDARY	dni wolne od pracy Niemcy	pl	pl-PL	pl		pulse	events.country-holidays	DE	/pl/dni-wolne-od-pracy/niemcy/	260	0	1	0				
515	LIVE_SECONDARY	cost of living Spain	us	en-US	en		move	cost-of-living.country	ES	/en/cost-of-living/spain/	253	1	2	0				
516	LIVE_SECONDARY	cost of living Germany	us	en-US	en		move	cost-of-living.country	DE	/en/cost-of-living/germany/	186	3	1	0				
517	LIVE_SECONDARY	feiertage Nordrhein-Westfalen 2026	de	de-DE	de		pulse	events.subdivision-holidays	DE-NW	/de/feiertage/nordrhein-westfalen/	181	0	3	0				
518	LIVE_SECONDARY	average salary Netherlands	us	en-US	en		work	work.country-salaries	NL	/en/salaries/netherlands/	166	1	1100	0				
519	LIVE_SECONDARY	mietpreisentwicklung Deutschland	de	de-DE	de		stay	rents.country-inflation	DE	/de/mietpreisentwicklung/deutschland/	165	9	50	0				
520	LIVE_SECONDARY	cout de la vie Portugal	fr	fr-FR	fr		move	cost-of-living.country	PT	/fr/cout-de-la-vie/portugal/	153	1	1	0				
521	LIVE_SECONDARY	average salary Poland	us	en-US	en		work	work.country-salaries	PL	/en/salaries/poland/	99	3	0	0				
522	LIVE_SECONDARY	public holidays South Africa	us	en-US	en		pulse	events.country-holidays	ZA	/en/public-holidays/south-africa/	95	4	9	0				
523	LIVE_SECONDARY	public holidays Germany	us	en-US	en		pulse	events.country-holidays	DE	/en/public-holidays/germany/	94	10	0	0				
524	LIVE_SECONDARY	cout de la vie Espagne	fr	fr-FR	fr		move	cost-of-living.country	ES	/fr/cout-de-la-vie/espagne/	86	0	1	0				
525	LIVE_SECONDARY	dni wolne od pracy Polska	pl	pl-PL	pl		pulse	events.country-holidays	PL	/pl/dni-wolne-od-pracy/polska/	85	2	1	0				
526	LIVE_SECONDARY	cout de la vie France	fr	fr-FR	fr		move	cost-of-living.country	FR	/fr/cout-de-la-vie/france/	62	0	0	0				
527	LIVE_SECONDARY	jours feries Belgique	fr	fr-FR	fr		pulse	events.country-holidays	BE	/fr/jours-feries/belgique/	41	0	2	0				
528	LIVE_SECONDARY	srednia pensja Niemcy	pl	pl-PL	pl		work	work.country-salaries	DE	/pl/wynagrodzenia/niemcy/	37	0	0	0				
529	LIVE_SECONDARY	jours feries Luxembourg	fr	fr-FR	fr		pulse	events.country-holidays	LU	/fr/jours-feries/luxembourg/	32	0	0	0				
530	LIVE_SECONDARY	public holidays Spain	us	en-US	en		pulse	events.country-holidays	ES	/en/public-holidays/spain/	32	3	0	0				
531	LIVE_SECONDARY	srednia pensja Polska	pl	pl-PL	pl		work	work.country-salaries	PL	/pl/wynagrodzenia/polska/	25	8	0	0				
532	LIVE_SECONDARY	koszty zycia Tajlandia	pl	pl-PL	pl		move	cost-of-living.country	TH	/pl/koszty-zycia/tajlandia/	8	0	0	0				
533	LIVE_SECONDARY	huurverhoging Nederland	nl	nl-NL	nl		stay	rents.country-inflation	NL	/nl/huurverhoging/nederland/	1	0	0	0				
534	LIVE_SECONDARY	kosten van levensonderhoud Spanje	nl	nl-NL	nl		move	cost-of-living.country	ES	/nl/kosten-van-levensonderhoud/spanje/	1	0	0	0				
535	LIVE_SECONDARY	koszty zycia Hiszpania	pl	pl-PL	pl		move	cost-of-living.country	ES	/pl/koszty-zycia/hiszpania/	1	0	0	0				
536	LIVE_SECONDARY	koszty zycia Niemcy	pl	pl-PL	pl		move	cost-of-living.country	DE	/pl/koszty-zycia/niemcy/	1	0	0	0				
537	LIVE_SECONDARY	koszty zycia Polska	pl	pl-PL	pl		move	cost-of-living.country	PL	/pl/koszty-zycia/polska/	1	0	0	0				
538	LIVE_SECONDARY	koszty zycia Portugalia	pl	pl-PL	pl		move	cost-of-living.country	PT	/pl/koszty-zycia/portugalia/	1	0	0	0				
539	ESIM	esim	us		en		esim	money			119000	48						
540	ESIM	esimとは	jp		ja		esim	informational			91000	0						
541	ESIM	esim 日本	tw		zh		esim	destination-japan			32000	0						
542	ESIM	esim卡	tw		zh		esim	category			21000	0						
543	ESIM	what is data roaming	us		en		esim	informational			21000	2						
544	ESIM	韓国 esim	jp		ja		esim	destination-korea			21000	1						
545	ESIM	esim 設定	tw		zh		esim	informational			18000	0						
546	ESIM	esim usa	us		en		esim	destination			16000	0						
547	ESIM	esim japan	us		en		esim	destination			13000	0						
548	ESIM	esim 韓国	jp		ja		esim	destination-korea			13000	0						
549	ESIM	esim prepaid	de		de		esim	commercial			11000	0						
550	ESIM	karta esim	pl		pl		esim	category			11000	17						
551	ESIM	日本esim	tw		zh		esim	destination-japan			10000	0						
552	ESIM	台湾 esim	jp		ja		esim	destination-taiwan			9400	0						
553	ESIM	esim デメリット	jp		ja		esim	informational			9300	0						
554	ESIM	esim türkei	de		de		esim	destination-turkey			8800	0						
555	ESIM	esim maroc	fr		fr		esim	destination-morocco			7700	0						
556	ESIM	chip esim	br		pt		esim	category			7600	0						
557	ESIM	esim ägypten	de		de		esim	destination-egypt			6400	0						
558	ESIM	海外 esim	jp		ja		esim	category-overseas			6300	2						
559	ESIM	esim egitto	it		it		esim	destination-egypt			5800	0						
560	ESIM	esim おすすめ	jp		ja		esim	commercial			5500	1						
561	ESIM	was ist eine esim	de		de		esim	informational			5500	0						
562	ESIM	esim card	gb		en		esim	category			5300	25						
563	ESIM	esim schweiz	de		de		esim	destination-switzerland			5300	0						
564	ESIM	best esim	gb		en		esim	commercial			5200	0						
565	ESIM	esim推薦	tw		zh		esim	commercial			5100	0						
566	ESIM	タイ esim	jp		ja		esim	destination-thailand			5100	0						
567	ESIM	ベトナム esim	jp		ja		esim	destination-vietnam			5100	0						
568	ESIM	esim vs physical sim	us		en		esim	comparison			4600	0						
569	ESIM	esim 海外	jp		ja		esim	category-overseas			4600	0						
570	ESIM	travel esim	gb		en		esim	category			4600	0						
571	ESIM	日本esim推薦	tw		zh		esim	destination-japan			4600	0						
572	ESIM	best esim for usa	gb		en		esim	destination-usa			4100	0						
573	ESIM	esim come funziona	it		it		esim	informational			4100	0						
574	ESIM	esim japon	fr		fr		esim	destination-japan			4100	0						
575	ESIM	オーストラリア esim	jp		ja		esim	destination-australia			3900	0						
576	ESIM	シンガポール esim	jp		ja		esim	destination-singapore			3800	0						
577	ESIM	esim albanien	de		de		esim	destination-albania			3700	0						
578	ESIM	esim marokko	de		de		esim	destination-morocco			3700	0						
579	ESIM	esim südafrika	de		de		esim	destination-southafrica			3700	0						
580	ESIM	esim usa	gb		en		esim	destination-usa			3700	0						
581	ESIM	comprar esim online	br		pt		esim	commercial			3600	0						
582	ESIM	esim japan	de		de		esim	destination-japan			3500	0						
583	ESIM	esim morocco	gb		en		esim	destination-morocco			3300	0						
584	ESIM	travel esim	us		en		esim	money			3200	0						
585	ESIM	turkey esim	gb		en		esim	destination-turkey			3200	0						
586	ESIM	越南esim	tw		zh		esim	destination-vietnam			3200	0						
587	ESIM	carte esim	fr		fr		esim	category			3100	0						
588	ESIM	esim buitenland	nl		nl		esim	category			3100	0						
589	ESIM	esim marruecos	es		es		esim	destination-morocco			3100	0						
590	ESIM	esim turchia	it		it		esim	destination-turkey			3100	0						
591	ESIM	international esim	us		en		esim	money			3100	0						
592	ESIM	türkei esim	de		de		esim	destination-turkey			3100	0						
593	ESIM	comprar esim	br		pt		esim	commercial			3000	22						
594	ESIM	海外旅行 esim	jp		ja		esim	category-overseas			3000	0						
595	ESIM	esim europe	gb		en		esim	destination-europe			2900	0						
596	ESIM	esim thailand	de		de		esim	destination-thailand			2900	0						
597	ESIM	香港esim	tw		zh		esim	destination-hongkong			2900	0						
598	ESIM	esim albania	it		it		esim	destination-albania			2800	0						
599	ESIM	esim china	de		de		esim	destination-china			2700	0						
600	ESIM	esim marocco	it		it		esim	destination-morocco			2700	0						
601	ESIM	esim usa	de		de		esim	destination-usa			2700	0						
602	ESIM	esim 台湾	jp		ja		esim	destination-taiwan			2700	2						
603	ESIM	prepaid esim	us		en		esim	money			2700	0						
604	ESIM	中国 esim	jp		ja		esim	destination-china			2700	0						
605	ESIM	韓國esim推薦	tw		zh		esim	destination-korea			2700	0						
606	ESIM	international sim card	us		en		esim	comparison			2600	0						
607	ESIM	esim for europe	us		en		esim	money			2500	0						
608	ESIM	esim giappone	it		it		esim	destination-japan			2500	0						
609	ESIM	esim kopen	nl		nl		esim	commercial			2400	0						
610	ESIM	esim是什麼	tw		zh		esim	informational			2400	0						
611	ESIM	wie funktioniert eine esim	de		de		esim	informational			2400	0						
612	ESIM	esim marokko	nl		nl		esim	destination-morocco			2300	0						
613	ESIM	esim chip virtual	br		pt		esim	category			2200	0						
614	ESIM	esim egipt	pl		pl		esim	destination-egypt			2200	0						
615	ESIM	esim japan	nl		nl		esim	destination-japan			2100	0						
616	ESIM	tarjeta esim	es		es		esim	category			2100	0						
617	ESIM	esim estero	it		it		esim	category			2000	2						
618	ESIM	esim usa	it		it		esim	destination-usa			2000	0						
619	ESIM	esim 怎麼用	tw		zh		esim	informational			2000	0						
620	ESIM	esim andorra	es		es		esim	destination-andorra			1900	0						
621	ESIM	esim prepaid sofort	de		de		esim	commercial			1900	0						
622	ESIM	esim thailand	us		en		esim	destination			1900	0						
623	ESIM	esim turkey	gb		en		esim	destination-turkey			1900	0						
624	ESIM	forfait esim	fr		fr		esim	commercial			1900	0						
625	ESIM	esim europe	fr		fr		esim	destination-europe			1800	0						
626	ESIM	esim thailande	fr		fr		esim	destination-thailand			1800	0						
627	ESIM	esim缺點	tw		zh		esim	informational			1800	0						
628	ESIM	o que é esim	br		pt		esim	informational			1800	0						
629	ESIM	que es una esim	es		es		esim	informational			1800	0						
630	ESIM	esim curacao	nl		nl		esim	destination-curacao			1700	0						
631	ESIM	esim japon	es		es		esim	destination-japan			1700	0						
632	ESIM	esim turquie	fr		fr		esim	destination-turkey			1700	0						
633	ESIM	esim thailand	nl		nl		esim	destination-thailand			1600	0						
634	ESIM	esim tunisie	fr		fr		esim	destination-tunisia			1600	0						
635	ESIM	esim 海外旅行	jp		ja		esim	category-overseas			1500	0						
636	ESIM	esim svizzera	it		it		esim	destination-switzerland			1400	0						
637	ESIM	韓國esim	tw		zh		esim	destination-korea			1400	0						
638	ESIM	best esim for travel	us		en		esim	money			1300	12						
639	ESIM	esim amerika	nl		nl		esim	destination-usa			1300	0						
640	ESIM	esim egypte	nl		nl		esim	destination-egypt			1300	0						
641	ESIM	esim compatibility	us		en		esim	informational			1200	0						
642	ESIM	esim internacional	br		pt		esim	category			1200	32						
643	ESIM	esim uk	pl		pl		esim	destination-uk			1200	0						
644	ESIM	esim usa	fr		fr		esim	destination-usa			1100	0						
645	ESIM	ハワイ esim	jp		ja		esim	destination-hawaii			1100	0						
646	ESIM	esim turkije	nl		nl		esim	destination-turkey			1000	0						
647	ESIM	中國esim	tw		zh		esim	destination-china			1000	0						
648	ESIM	esim albania	pl		pl		esim	destination-albania			900	0						
649	ESIM	esim usa	pl		pl		esim	destination-usa			900	0						
650	ESIM	esim europa	br		pt		esim	destination-europe			600	0						
651	ESIM	esim turcja	pl		pl		esim	destination-turkey			600	0						
652	ESIM	esim turkey	us		en		esim	destination			600	0						
653	ESIM	泰國esim	tw		zh		esim	destination-thailand			600	0						
654	ESIM	how esim works	us		en		esim	informational			450	0						
655	ESIM	韓国 esim おすすめ	jp		ja		esim	destination-korea			450	2						
656	ESIM	jak dziala esim	pl		pl		esim	informational			350	0						
657	ESIM	esim uae	us		en		esim	destination			300	0						
658	ESIM	how to install esim	us		en		esim	informational			300	0						
659	ESIM	esim united kingdom	us		en		esim	destination			200	0						
660	ESIM	pocket wifi vs esim	us		en		esim	comparison			70	0						
661	ESIM	esim vs roaming	us		en		esim	comparison			50	0						
662	ESIM	livdar	us		en		esim	brand			0	0						
663	ESIM	livdar esim	us		en		esim	brand			0	0						
664	CANDIDATE_HEAD	calendrier 2026	fr	fr-FR	fr		tools	calendar.year	2026	/fr/calendar/2026/	627451	51	5	0				
665	CANDIDATE_HEAD	calendar 2026	us	en-US	en		tools	calendar.year	2026	/en/calendar/2026/	611880	0	15	0				
666	CANDIDATE_HEAD	kalender 2026	de	de-DE	de		tools	calendar.year	2026	/de/calendar/2026/	333644	0	10	0				
667	CANDIDATE_HEAD	kalendarz 2026	pl	pl-PL	pl		tools	calendar.year	2026	/pl/calendar/2026/	211323	2	4	0				
668	CANDIDATE_HEAD	kalender 2026	nl	nl-NL	nl		tools	calendar.year	2026	/nl/calendar/2026/	146979	0	5	0				
669	CANDIDATE_HEAD	is today a holiday	us	en-US	en		pulse	events.today	today	/en/calendar/today/	137005	0	45	0				
670	CANDIDATE_HEAD	calendrier 2027	fr	fr-FR	fr		tools	calendar.year	2027	/fr/calendar/2027/	112378	0	8	0				
671	CANDIDATE_HEAD	kalender 2027	de	de-DE	de		tools	calendar.year	2027	/de/calendar/2027/	70657	2	10	0				
672	CANDIDATE_HEAD	kalenderwoche	de	de-DE	de		tools	calendar.week-numbers	week-numbers	/de/calendar/week-numbers/	44785	48	6	0				
673	CANDIDATE_HEAD	Ascension 2027	fr	fr-FR	fr		pulse	events.named-holiday-date	BE::Ascension Day::2027	/fr/jours-feries/ascension/2027/	43874	0	2	0				
674	CANDIDATE_HEAD	Fronleichnam feiertag wo	de	de-DE	de		pulse	events.named-holiday-regions	CH::Corpus Christi	/de/feiertage/schweiz/fronleichnam/	43496	4	70	0				
675	CANDIDATE_HEAD	weeknummer	nl	nl-NL	nl		tools	calendar.week-numbers	week-numbers	/nl/calendar/week-numbers/	32475	15	10	0				
676	CANDIDATE_HEAD	kalender 2027	nl	nl-NL	nl		tools	calendar.year	2027	/nl/calendar/2027/	28021	0	6	0				
677	CANDIDATE_HEAD	Wielkanoc 2027	pl	pl-PL	pl		pulse	events.named-holiday-date	PL::Easter Sunday::2027	/pl/dni-wolne-od-pracy/wielkanoc/2027/	25644	0	10	0				
678	CANDIDATE_HEAD	Pasen 2027	nl	nl-NL	nl		pulse	events.named-holiday-date	BE::Easter::2027	/nl/feestdagen/pasen/2027/	20647	0	60	0				
679	CANDIDATE_HEAD	arbeitstage 2026	de	de-DE	de		work	work.working-time-per-year	AT::2026	/de/working-time/oesterreich/2026/	17291	0	5	0				
680	CANDIDATE_HEAD	numero de semaine	fr	fr-FR	fr		tools	calendar.week-numbers	week-numbers	/fr/calendar/week-numbers/	16023	0	80	0				
681	CANDIDATE_HEAD	kalendarz 2027	pl	pl-PL	pl		tools	calendar.year	2027	/pl/calendar/2027/	15801	0	4	0				
682	CANDIDATE_HEAD	Pinksteren 2027	nl	nl-NL	nl		pulse	events.named-holiday-date	BE::Pentecost::2027	/nl/feestdagen/pinksteren/2027/	15254	0	10	0				
683	CANDIDATE_HEAD	calendrier 2028	fr	fr-FR	fr		tools	calendar.year	2028	/fr/calendar/2028/	13381	0	6	0				
684	CANDIDATE_HEAD	calendar 2027	us	en-US	en		tools	calendar.year	2027	/en/calendar/2027/	11837	0	6	0				
685	CANDIDATE_HEAD	kalender 2028	de	de-DE	de		tools	calendar.year	2028	/de/calendar/2028/	10217	0	4	0				
686	CANDIDATE_HEAD	jakie jest dzisiaj swieto	pl	pl-PL	pl		pulse	events.today	today	/pl/calendar/today/	9938	18	160	0				
687	CANDIDATE_HEAD	Christi Himmelfahrt 2027	de	de-DE	de		pulse	events.named-holiday-date	AT::Ascension Day::2027	/de/feiertage/christi-himmelfahrt/2027/	8507	1	8	0				
688	CANDIDATE_HEAD	Koningsdag 2027	nl	nl-NL	nl		pulse	events.named-holiday-date	NL::King’s Day::2027	/nl/feestdagen/koningsdag/2027/	7892	1	20	0				
689	CANDIDATE_HEAD	Fronleichnam 2027	de	de-DE	de		pulse	events.named-holiday-date	AT::Corpus Christi::2027	/de/feiertage/fronleichnam/2027/	5991	0	5	0				
690	CANDIDATE_HEAD	godziny pracy 2026	pl	pl-PL	pl		work	work.working-time-per-year	AT::2026	/pl/working-time/austria/2026/	4976	1	1	0				
691	CANDIDATE_HEAD	week number	us	en-US	en		tools	calendar.week-numbers	week-numbers	/en/calendar/week-numbers/	4221	0	10	0				
692	CANDIDATE_HEAD	Pentecôte 2027	fr	fr-FR	fr		pulse	events.named-holiday-date	BE::Pentecost::2027	/fr/jours-feries/pentecote/2027/	3965	2	0	0				
693	CANDIDATE_HEAD	rent affordability calculator	us	en-US	en		tools	tools.calculator	rent-affordability	/en/tools/rent-affordability/	3055	0	30	0				
694	CANDIDATE_HEAD	Zielone Świątki 2027	pl	pl-PL	pl		pulse	events.named-holiday-date	PL::Pentecost::2027	/pl/dni-wolne-od-pracy/zielone-swiatki/2027/	2605	0	0	0				
695	CANDIDATE_HEAD	ist heute ein feiertag	de	de-DE	de		pulse	events.today	today	/de/calendar/today/	2531	0	4	0				
696	CANDIDATE_HEAD	kalendarz 2028	pl	pl-PL	pl		tools	calendar.year	2028	/pl/calendar/2028/	2345	0	3	0				
697	CANDIDATE_HEAD	Pfingstmontag 2027	de	de-DE	de		pulse	events.named-holiday-date	AT::Pentecost Monday::2027	/de/feiertage/pfingstmontag/2027/	2005	0	0	0				
698	CANDIDATE_HEAD	Ostermontag 2027	de	de-DE	de		pulse	events.named-holiday-date	AT::Easter Monday::2027	/de/feiertage/ostermontag/2027/	1864	0	0	0				
699	CANDIDATE_HEAD	Hemelvaartsdag 2027	nl	nl-NL	nl		pulse	events.named-holiday-date	NL::Ascension Day::2027	/nl/feestdagen/hemelvaartsdag/2027/	1710	0	0	0				
700	CANDIDATE_HEAD	kalender 2029	de	de-DE	de		tools	calendar.year	2029	/de/calendar/2029/	1645	0	9	0				
701	CANDIDATE_HEAD	numer tygodnia	pl	pl-PL	pl		tools	calendar.week-numbers	week-numbers	/pl/calendar/week-numbers/	1383	3	20	0				
702	CANDIDATE_HEAD	kalender 2030	de	de-DE	de		tools	calendar.year	2030	/de/calendar/2030/	1308	0	7	0				
703	CANDIDATE_HEAD	kalendarz 2029	pl	pl-PL	pl		tools	calendar.year	2029	/pl/calendar/2029/	1294	0	3	0				
704	CANDIDATE_HEAD	Heilige Drei Könige feiertag wo	de	de-DE	de		pulse	events.named-holiday-regions	DE::Epiphany	/de/feiertage/deutschland/heilige-drei-koenige/	1184	2	5	0				
705	CANDIDATE_HEAD	Lundi de Pâques 2027	fr	fr-FR	fr		pulse	events.named-holiday-date	BE::Easter Monday::2027	/fr/jours-feries/lundi-de-paques/2027/	1140	1	3	0				
