url	sum_traffic	keywords	top_keyword	top_keyword_volume	position	refdomains	family
/bundesland/nordrhein-westfalen/	22162	631	feiertage nrw 2026	61000	2	14	public-holidays-per-state
/fronleichnam/	18330	302	fronleichnam feiertag wo	57000	4	10	named-holiday-which-states
/bundesland/baden-wuerttemberg/	12045	158	feiertage bw 2026	22000	2	3	public-holidays-per-state
/bundesland/bayern/	10630	280	feiertage bayern 2026	38000	4	23	public-holidays-per-state
/schulferien/nordrhein-westfalen/	9017	227	sommerferien nrw 2026	257000	11	1	school-holidays-per-state
/schulferien/hessen/	8172	170	sommerferien hessen 2026	124000	8	1	school-holidays-per-state
/schulferien/2026/	6955	71	sommerferien bw 2026	70000	8	8	school-holidays-per-year
/2026/	4556	205	feiertage deutschland 2026	5300	2	382	year-index
/schulferien/schleswig-holstein/	4205	314	herbstferien sh 2026	44000	8	1	school-holidays-per-state
/schulferien/herbstferien/	4111	145	herbstferien 2026	35000	7	7	school-holidays-per-period
/schulferien/bayern/	3633	250	sommerferien bayern 2026	186000	15	1	school-holidays-per-state
/schulferien/pfingstferien/	3494	144	pfingstferien 2026	14000	5	8	school-holidays-per-period
/schulferien/thueringen/	3356	92	herbstferien thueringen 2026	32000	6	1	school-holidays-per-state
/schulferien/niedersachsen/	3280	164	ferien niedersachsen 2026	205000	12	0	school-holidays-per-state
/schulferien/sachsen/	3237	117	ferien sachsen 2027	21000	9	1	school-holidays-per-state
/schulferien/2027/	3195	38	osterferien bayern 2027	43000	11	4	school-holidays-per-year
/2027/	2774	31	fronleichnam 2027	5200	2	4	year-index
/schulferien/sommerferien/	2578	169	sommerferien 2026 deutschland	7000	6	7	school-holidays-per-period
/schulferien/berlin/	2517	138	schulferien berlin 2026	57000	9	0	school-holidays-per-state
/weltkindertag/	2411	67	weltkindertag feiertag	7400	4	4	named-holiday-which-states
/mariae-himmelfahrt/	2181	105	maria himmelfahrt feiertag	6300	3	8	named-holiday-which-states
/allerheiligen/	2035	216	1.11 feiertag	2600	3	8	named-holiday-which-states
/bundesland/rheinland-pfalz/	1929	96	feiertage 2026 rlp	3600	2	2	public-holidays-per-state
/buss-und-bettag/	1886	128	buss und bettag	21000	9	171	named-holiday-which-states
/bundesland/sachsen/	1738	89	feiertage sachsen 2025	22000	6	2	public-holidays-per-state
/schulferien/brandenburg/	1729	79	ferien brandenburg 2026	63000	11	1	school-holidays-per-state
/bundesland/hamburg/	1722	61	feiertage hamburg 2025	12000	5	1	public-holidays-per-state
/bundesland/thueringen/	1707	66	feiertage thueringen 2025	16000	7	0	public-holidays-per-state
/tag-der-deutschen-einheit/	1597	101	3 oktober feiertag	25000	7	8	named-holiday-which-states
/schulferien/baden-wuerttemberg/	1495	232	pfingstferien 2026 bw	23000	10	4	school-holidays-per-state
