family_id,surface,vertical,status,demand,max_volume,old_raw_potential,old_single_market_potential,missing_data,acquisition_type,acquisition_cost,indexable_storable,acquisition_path
places.city-category,areas,places,NOT_IMPLEMENTED,STRONG_DEMAND,23000,295100,26827,places-data-verified,OPEN_DATA_ODBL,LOW_COST_HIGH_EFFORT,"Yes, counts and categories are facts; pages are indexable and the data may be stored","OpenStreetMap. Self host Overpass from a Geofabrik .osm.pbf extract, or pace Overpass runs over hours. The repo already holds a PARTIAL capture (13 of 44 cities) stopped by the public instance rate limiter, not by licence. Free. ODbL needs attribution and share alike on a derived database"
events.city-type,pulse,events,BLOCKED_BY_LICENCE,STRONG_DEMAND,18000,236080,21462,events-verified,AFFILIATE_OR_PARTNER_FEED,MIXED_FREE_TO_REVENUE_SHARE,Affiliate feeds usually forbid caching beyond a short TTL and require the live link; city open data can be stored freely,"No open aggregate exists and scraping the listings sites is excluded. The lawful routes are: ticketing affiliate feeds (Ticketmaster and Eventbrite both run affiliate APIs whose terms permit displaying their inventory with a tracked link, which is different from scraping), city open data portals that publish official event calendars (Milan, Barcelona, Amsterdam, Berlin and Paris all do, under open licences), and venue level official calendars. Sports fixtures are separately available: football fixture lists are facts and several leagues publish them, and F1, Premier League and marathon calendars are published officially"
stay.city-type,stay,stay,BLOCKED_BY_LICENCE,MODERATE_DEMAND,8400,206570,18779,stay-inventory-verified,AFFILIATE_FEED,REVENUE_SHARE,"Yes for hotel pages, with live pricing rather than stored pricing","Booking.com and Expedia affiliate APIs, Hotellook/Travelpayouts for aggregated inventory. Revenue share rather than a fee. Terms permit price and availability display with a tracked link; deep caching is usually limited to 24 hours and republishing the whole inventory is forbidden"
work.city-jobs-category,work,work,MISSING_DATA,WEAK_DEMAND,40,177060,16096,salary-data-verified; work-rules-verified,GOVERNMENT,FREE_UNEVEN_COVERAGE,Yes,"National statistical offices publish city or region level earnings: Destatis Verdienststrukturerhebung, INSEE, ISTAT, ONS ASHE (which is city level and free), e-Stat Japan, IBGE Brazil"
services.city-practical,move,services,NOT_IMPLEMENTED,STRONG_DEMAND,14000,177060,16096,places-data-verified,OPEN_DATA_ODBL,LOW_COST_HIGH_EFFORT,"Yes, counts and categories are facts; pages are indexable and the data may be stored","OpenStreetMap. Self host Overpass from a Geofabrik .osm.pbf extract, or pace Overpass runs over hours. The repo already holds a PARTIAL capture (13 of 44 cities) stopped by the public instance rate limiter, not by licence. Free. ODbL needs attribution and share alike on a derived database"
relocation.city,move,relocation,MISSING_DATA,WEAK_DEMAND_THIN_SAMPLE,900,127083,11553,cost-of-living-city-verified; visa-rules-verified,GOVERNMENT,FREE_UNEVEN_COVERAGE,Yes,"Same national statistical offices, city level CPI or price level series where published. Numbeo is refused on licence"
events.city-window,pulse,events,BLOCKED_BY_LICENCE,STRONG_DEMAND,12000,118040,10731,events-verified,AFFILIATE_OR_PARTNER_FEED,MIXED_FREE_TO_REVENUE_SHARE,Affiliate feeds usually forbid caching beyond a short TTL and require the live link; city open data can be stored freely,"No open aggregate exists and scraping the listings sites is excluded. The lawful routes are: ticketing affiliate feeds (Ticketmaster and Eventbrite both run affiliate APIs whose terms permit displaying their inventory with a tracked link, which is different from scraping), city open data portals that publish official event calendars (Milan, Barcelona, Amsterdam, Berlin and Paris all do, under open licences), and venue level official calendars. Sports fixtures are separately available: football fixture lists are facts and several leagues publish them, and F1, Premier League and marathon calendars are published officially"
rents.city,stay,rents,MISSING_DATA,STRONG_DEMAND,14000,115530,10503,rent-index-verified,GOVERNMENT_PLUS_COMMERCIAL,FREE_TO_MEDIUM,Yes for index data,"Eurostat is country level. City level: national statistical offices (Destatis, INSEE, ISTAT, INE, CBS, GUS) publish city rent indices unevenly, and several national portals publish official rent mirrors (Germany Mietspiegel per city, Netherlands huurcommissie). Commercial alternative is a property portal partnership"
cost-of-living.city,move,cost-of-living,MISSING_DATA,WEAK_DEMAND,450,115530,10503,cost-of-living-city-verified,GOVERNMENT,FREE_UNEVEN_COVERAGE,Yes,"Same national statistical offices, city level CPI or price level series where published. Numbeo is refused on licence"
work.city-salaries,work,work,MISSING_DATA,WEAK_DEMAND,150,115530,10503,salary-data-verified,GOVERNMENT,FREE_UNEVEN_COVERAGE,Yes,"National statistical offices publish city or region level earnings: Destatis Verdienststrukturerhebung, INSEE, ISTAT, ONS ASHE (which is city level and free), e-Stat Japan, IBGE Brazil"
places.neighbourhood-category,areas,places,NOT_IMPLEMENTED,INHERITED_VALIDATED_DEMAND,,95440,8676,neighbourhood-facts-verified; places-data-verified,HELD_PARTIAL,FREE_HIGH_EFFORT,Yes,39 cities held. Extend with OSM plus national census tract data
comparisons.city-vs-home,tools,comparisons,MISSING_DATA,MODERATE_DEMAND,,32461,2951,cost-of-living-city-verified,GOVERNMENT,FREE_UNEVEN_COVERAGE,Yes,"Same national statistical offices, city level CPI or price level series where published. Numbeo is refused on licence"
cost-of-living.city-vs-market,move,cost-of-living,MISSING_DATA,INHERITED_WEAK_DEMAND,,32461,2951,cost-of-living-city-verified,GOVERNMENT,FREE_UNEVEN_COVERAGE,Yes,"Same national statistical offices, city level CPI or price level series where published. Numbeo is refused on licence"
transport.airport-to-city,transport,transport,MISSING_DATA,WEAK_DEMAND,30,30010,2728,ground-transport-verified,MANUAL_PLUS_GTFS,FREE_HIGH_EFFORT,Yes,"Per airport: the operator pages for the airport express, bus and taxi, plus GTFS where the operator publishes it. Roughly 20 to 30 minutes per airport, so 40 to 60 hours for the 120 airports that carry the measured demand"
property.city-buy,stay,property,MISSING_DATA,STRONG_DEMAND,6800,29510,2683,property-price-verified,GOVERNMENT,FREE_UNEVEN_COVERAGE,Yes,"Land registries publish transaction prices: UK HM Land Registry Price Paid is a free bulk download, Netherlands Kadaster, France DVF is open. Coverage is uneven outside these"
work.city-jobs,work,work,MISSING_DATA,STRONG_DEMAND,31000,29510,2683,salary-data-verified; work-rules-verified,HELD,HELD,Yes,"Eurostat salary, country level, already in the repo"
health.city,move,health,MISSING_DATA,MODERATE_DEMAND,2900,29510,2683,health-rules-verified,GOVERNMENT,FREE_MEDIUM_EFFORT,Yes,"National health system pages and EU cross border healthcare directives. For facilities, national hospital registers (NHS in the UK is an open dataset, Germany Krankenhausverzeichnis)"
education.city-universities,move,education,MISSING_DATA,WEAK_DEMAND,10000,29510,2683,school-data-verified,GOVERNMENT_PLUS_OPEN,FREE_MEDIUM_EFFORT,Yes,"National school and university registers (UK Get Information About Schools is a free bulk download, Germany per Land, Italy MIUR). For international schools, the accrediting bodies publish member lists. OSM amenity=school for location"
safety.city,safety,safety,MISSING_DATA,WEAK_DEMAND,1800,29510,2683,safety-data-verified,GOVERNMENT,FREE_UNEVEN_COVERAGE,Yes,"National police and statistics crime series (UK police.uk is open and geocoded, Germany PKS, Netherlands CBS). Crowd sourced perception indices are refused on licence"
transport.city-getting-around,transport,transport,MISSING_DATA,STRONG_DEMAND,40000,29510,2683,transit-fares-verified,OPEN_DATA_PLUS_MANUAL,FREE_MEDIUM_EFFORT,Yes,"GTFS feeds cover schedules for most metro and bus operators and many include fare_attributes; the gaps are filled by the operator fare page, which is a published fact. Mobility Database and Transitland aggregate GTFS feeds with their licences listed"
activities.city-things-to-do,areas,activities,MISSING_DATA,STRONG_DEMAND,78000,29510,2683,attractions-verified,OPEN_DATA_ODBL,LOW_COST_MEDIUM_EFFORT,"Yes, with attribution",OSM tourism=* plus Wikidata/Wikipedia for descriptions (CC0 and CC BY SA). Wikivoyage is CC BY SA and covers attractions per city. Free
transport.route-from-market,transport,transport,NOT_IMPLEMENTED,INHERITED_STRONG_DEMAND,,27907,2537,,HELD,HELD,Yes,Data already in the repository
comparisons.country-vs-country,tools,comparisons,NOT_IMPLEMENTED,STRONG_DEMAND,,26730,2430,tax-rules-verified,HELD,HELD,Yes,"Eurostat PPP and HICP plus World Bank price level, already in the repo"
rents.neighbourhood,stay,rents,MISSING_DATA,INHERITED_VALIDATED_DEMAND,,23860,2169,rent-index-verified,GOVERNMENT_PLUS_COMMERCIAL,FREE_TO_MEDIUM,Yes for index data,"Eurostat is country level. City level: national statistical offices (Destatis, INSEE, ISTAT, INE, CBS, GUS) publish city rent indices unevenly, and several national portals publish official rent mirrors (Germany Mietspiegel per city, Netherlands huurcommissie). Commercial alternative is a property portal partnership"
destinations.city-hub,areas,destinations,NOT_IMPLEMENTED,INHERITED_VALIDATED_DEMAND,,23106,2101,,HELD,HELD,Yes,Data already in the repository
cost-of-living.item-country,move,cost-of-living,MISSING_DATA,INHERITED_WEAK_DEMAND,,19920,1811,item-price-verified,UNAVAILABLE_OPEN,FREE_PARTIAL_ONLY,Index only,"No open item level price aggregate; Numbeo refused on licence. Eurostat HICP item indices give relative change, not absolute prices, which supports an index page and not a price list"
events.series-city,pulse,events,BLOCKED_BY_LICENCE,VALIDATED_DEMAND,17000,16800,1527,events-verified,AFFILIATE_OR_PARTNER_FEED,MIXED_FREE_TO_REVENUE_SHARE,Affiliate feeds usually forbid caching beyond a short TTL and require the live link; city open data can be stored freely,"No open aggregate exists and scraping the listings sites is excluded. The lawful routes are: ticketing affiliate feeds (Ticketmaster and Eventbrite both run affiliate APIs whose terms permit displaying their inventory with a tracked link, which is different from scraping), city open data portals that publish official event calendars (Milan, Barcelona, Amsterdam, Berlin and Paris all do, under open licences), and venue level official calendars. Sports fixtures are separately available: football fixture lists are facts and several leagues publish them, and F1, Premier League and marathon calendars are published officially"
services.country-admin,move,services,MISSING_DATA,WEAK_DEMAND_THIN_SAMPLE,350,16434,1494,country-facts-verified,GOVERNMENT_PLUS_OPEN,FREE_LOW_EFFORT,Yes,Government service pages plus Wikidata for the structured facts. Free
community.city-topic,community,community,BLOCKED_BY_LICENCE,INHERITED_WEAK_DEMAND,,6720,611,community-listings-verified,UNAVAILABLE,N_A,"No, not from those sources","Meetup, Eventbrite and Facebook groups are excluded by standing instruction and none offers a listing feed whose terms permit republishing. The only lawful substitute is official city and library event calendars, which is the events path rather than a community path"
airports.guide,transport,airports,NOT_IMPLEMENTED,INHERITED_STRONG_DEMAND,,6488,590,,HELD,HELD,Yes,Data already in the repository
education.city-schools,move,education,MISSING_DATA,WEAK_DEMAND,800,5600,509,school-data-verified,GOVERNMENT_PLUS_OPEN,FREE_MEDIUM_EFFORT,Yes,"National school and university registers (UK Get Information About Schools is a free bulk download, Germany per Land, Italy MIUR). For international schools, the accrediting bodies publish member lists. OSM amenity=school for location"
events.city-calendar,pulse,events,BLOCKED_BY_LICENCE,INHERITED_VALIDATED_DEMAND,,5600,509,events-verified,AFFILIATE_OR_PARTNER_FEED,MIXED_FREE_TO_REVENUE_SHARE,Affiliate feeds usually forbid caching beyond a short TTL and require the live link; city open data can be stored freely,"No open aggregate exists and scraping the listings sites is excluded. The lawful routes are: ticketing affiliate feeds (Ticketmaster and Eventbrite both run affiliate APIs whose terms permit displaying their inventory with a tracked link, which is different from scraping), city open data portals that publish official event calendars (Milan, Barcelona, Amsterdam, Berlin and Paris all do, under open licences), and venue level official calendars. Sports fixtures are separately available: football fixture lists are facts and several leagues publish them, and F1, Premier League and marathon calendars are published officially"
taxes.country-remote-work,move,taxes,MISSING_DATA,WEAK_DEMAND_THIN_SAMPLE,0,2739,249,tax-rules-verified; visa-rules-verified,GOVERNMENT_PLUS_OECD,FREE_HIGH_EFFORT,"Yes, derived figures","OECD tax database is free and structured; national tax authorities publish rates and brackets. Open to read, not to redistribute whole, so derive rather than mirror"
health.country,move,health,MISSING_DATA,STRONG_DEMAND_THIN_SAMPLE,3100,2739,249,health-rules-verified,GOVERNMENT,FREE_MEDIUM_EFFORT,Yes,"National health system pages and EU cross border healthcare directives. For facilities, national hospital registers (NHS in the UK is an open dataset, Germany Krankenhausverzeichnis)"
banking.country,move,banking,MISSING_DATA,WEAK_DEMAND,200,2739,249,banking-rules-verified,GOVERNMENT_PLUS_COMMERCIAL,FREE_MEDIUM_EFFORT,Yes,National banking regulators for account opening rules; bank fee comparison needs either manual capture or a comparison partner
relocation.country,move,relocation,MISSING_DATA,WEAK_DEMAND,100,2739,249,visa-rules-verified,GOVERNMENT,FREE_HIGH_EFFORT_OR_PAID,Yes,"Destination government immigration pages, plus IATA Timatic for the commercial version. Government pages are free and citable; Timatic is a paid feed"
taxes.country,move,taxes,MISSING_DATA,INHERITED_WEAK_DEMAND,,2739,249,tax-rules-verified,GOVERNMENT_PLUS_OECD,FREE_HIGH_EFFORT,"Yes, derived figures","OECD tax database is free and structured; national tax authorities publish rates and brackets. Open to read, not to redistribute whole, so derive rather than mirror"
visas.country-digital-nomad,move,visas,MISSING_DATA,WEAK_DEMAND_THIN_SAMPLE,20,2739,249,visa-rules-verified,GOVERNMENT,FREE_HIGH_EFFORT_OR_PAID,Yes,"Destination government immigration pages, plus IATA Timatic for the commercial version. Government pages are free and citable; Timatic is a paid feed"
cost-of-living.country-vs-market,move,cost-of-living,NOT_IMPLEMENTED,MODERATE_DEMAND,,2739,249,,HELD,HELD,Yes,"Eurostat PPP and HICP plus World Bank price level, already in the repo"
visas.country-work-permit,move,visas,MISSING_DATA,INHERITED_MODERATE_DEMAND,,2739,249,visa-rules-verified; work-rules-verified,GOVERNMENT,FREE_HIGH_EFFORT_OR_PAID,Yes,"Destination government immigration pages, plus IATA Timatic for the commercial version. Government pages are free and citable; Timatic is a paid feed"
work.country-working,work,work,MISSING_DATA,MODERATE_DEMAND,,2739,249,work-rules-verified,GOVERNMENT,FREE_HIGH_EFFORT,"Yes, facts are not copyrightable","Destination government publications on working hours, leave, notice and permits. EURES for the EU. Free to read, citable as fact"
visas.country-residency,move,visas,MISSING_DATA,MODERATE_DEMAND,600,2739,249,visa-rules-verified,GOVERNMENT,FREE_HIGH_EFFORT_OR_PAID,Yes,"Destination government immigration pages, plus IATA Timatic for the commercial version. Government pages are free and citable; Timatic is a paid feed"
visas.country-visit,move,visas,MISSING_DATA,MODERATE_DEMAND,7600,2739,249,visa-rules-verified,GOVERNMENT,FREE_HIGH_EFFORT_OR_PAID,Yes,"Destination government immigration pages, plus IATA Timatic for the commercial version. Government pages are free and citable; Timatic is a paid feed"
safety.country-advice,safety,safety,MISSING_DATA,INHERITED_MODERATE_DEMAND,,2739,249,travel-advice-verified,GOVERNMENT,FREE_LOW_EFFORT,Yes,"FCDO, US State Department, Auswaertiges Amt and equivalents publish structured travel advice; FCDO has a machine readable feed under the Open Government Licence"
pulse.school-holidays,pulse,events,MISSING_DATA,STRONG_DEMAND_THIN_SAMPLE,30000,759,69,school-data-verified,GOVERNMENT_PLUS_OPEN,FREE_MEDIUM_EFFORT,Yes,"National school and university registers (UK Get Information About Schools is a free bulk download, Germany per Land, Italy MIUR). For international schools, the accrediting bodies publish member lists. OSM amenity=school for location"
destinations.country-hub,areas,destinations,NOT_IMPLEMENTED,INHERITED_VALIDATED_DEMAND,,498,45,,HELD,HELD,Yes,Data already in the repository
rankings.index,tools,rankings,NOT_IMPLEMENTED,STRONG_DEMAND,,80,7,,HELD,HELD,Yes,"Eurostat PPP and HICP plus World Bank price level, already in the repo"
stay.near-venue,stay,stay,BLOCKED_BY_LICENCE,INHERITED_VALIDATED_DEMAND,,0,0,venue-data-verified; stay-inventory-verified,OPEN_DATA_CC0,FREE_LOW_EFFORT,Yes,"Wikidata, already held: 9,438 venues across 16 countries, CC0. Extend with OSM leisure=* and the venue official sites for capacity"
events.recurring,pulse,events,BLOCKED_BY_LICENCE,WEAK_DEMAND,464000,0,0,events-verified,AFFILIATE_OR_PARTNER_FEED,MIXED_FREE_TO_REVENUE_SHARE,Affiliate feeds usually forbid caching beyond a short TTL and require the live link; city open data can be stored freely,"No open aggregate exists and scraping the listings sites is excluded. The lawful routes are: ticketing affiliate feeds (Ticketmaster and Eventbrite both run affiliate APIs whose terms permit displaying their inventory with a tracked link, which is different from scraping), city open data portals that publish official event calendars (Milan, Barcelona, Amsterdam, Berlin and Paris all do, under open licences), and venue level official calendars. Sports fixtures are separately available: football fixture lists are facts and several leagues publish them, and F1, Premier League and marathon calendars are published officially"
sport.route,sport,sport,NOT_IMPLEMENTED,WEAK_DEMAND,400,0,0,sport-routes-verified,OPEN_DATA_ODBL,LOW_COST_MEDIUM_EFFORT,Yes,"OpenStreetMap route relations (route=hiking, route=bicycle) via the same Overpass or Geofabrik path, plus NASA POWER for seasonality. Free"
places.poi,areas,places,NOT_IMPLEMENTED,INHERITED_VALIDATED_DEMAND,,0,0,places-data-verified,OPEN_DATA_ODBL,LOW_COST_HIGH_EFFORT,"Yes, counts and categories are facts; pages are indexable and the data may be stored","OpenStreetMap. Self host Overpass from a Geofabrik .osm.pbf extract, or pace Overpass runs over hours. The repo already holds a PARTIAL capture (13 of 44 cities) stopped by the public instance rate limiter, not by licence. Free. ODbL needs attribution and share alike on a derived database"
