family_id,market,keyword,volume,kd,cpc_cents,traffic_potential
places.city-category,de-DE,restaurants berlin,4900,0,30,4600
places.city-category,de-DE,cafes berlin,900,52,25,2300
places.city-category,de-DE,bars berlin,1700,0,25,1900
places.city-category,de-DE,coworking berlin,600,0,400,1800
places.city-category,de-DE,fitnessstudio berlin,2200,58,60,4100
places.city-category,de-DE,parks berlin,400,2,8,1100
places.city-category,de-DE,einkaufszentrum berlin,1600,79,15,21000
places.city-category,de-DE,nachtleben berlin,500,2,15,1400
places.city-category,de-DE,biergarten münchen,5200,0,5,2000
places.city-category,de-DE,restaurants hamburg,4400,5,20,5900
places.city-category,de-DE,museen berlin,9200,12,9,8800
events.city-type,de-DE,veranstaltungen berlin,11000,0,30,6100
events.city-type,de-DE,events münchen,3000,39,15,26000
events.series-city,de-DE,konzerte berlin,7000,0,3,4100
events.city-window,de-DE,was ist heute in berlin los,1800,37,20,34000
events.city-window,de-DE,wochenende berlin,1300,3,35,16000
stay.city-type,de-DE,hotels berlin mitte,900,86,80,3400
stay.city-type,de-DE,zimmer mieten berlin,200,4,45,8100
stay.city-type,de-DE,wg zimmer berlin,1600,9,20,4900
stay.city-type,de-DE,coliving berlin,150,43,80,200
stay.city-type,de-DE,möblierte wohnung berlin,900,2,70,2000
rents.city,de-DE,wohnung mieten berlin,14000,9,9,23000
rents.city,de-DE,mietpreise berlin,400,4,25,11000
property.city-buy,de-DE,immobilienpreise berlin,2300,0,100,600
work.city-jobs,de-DE,jobs berlin,16000,37,35,6000
work.city-jobs,de-DE,stellenangebote münchen,4000,5,35,6500
work.city-jobs,de-DE,jobs hamburg,9800,7,35,16000
work.city-jobs-category,de-DE,englischsprachige jobs berlin,40,,40,
work.city-salaries,de-DE,gehalt berlin,40,2,15,12000
work.country-salaries,de-DE,durchschnittsgehalt deutschland,29000,0,20,29000
sport.city-activity,de-DE,laufstrecken berlin,100,1,20,80
sport.route,de-DE,radwege berlin,300,12,15,600
sport.city-activity,de-DE,wandern bei berlin,10,,20,
transport.airport-to-city,de-DE,flughafen berlin zentrum,0,,,
neighbourhoods.city-where-to-stay,de-DE,wo wohnen in berlin,100,0,60,800
neighbourhoods.city-best-for,de-DE,beste stadtteile berlin,150,0,,100
cost-of-living.city,de-DE,lebenshaltungskosten berlin,100,0,,10
activities.city-things-to-do,de-DE,sehenswürdigkeiten berlin,15000,8,8,5400
activities.city-things-to-do,de-DE,was kann man in berlin machen,5400,0,10,16000
transport.city-getting-around,de-DE,bvg fahrplan,29000,48,6,94000
transport.city-getting-around,de-DE,öffentliche verkehrsmittel berlin,700,0,10,284000
education.city-schools,de-DE,internationale schulen berlin,30,,,
education.city-universities,de-DE,universität berlin,700,79,130,18000
health.city,de-DE,krankenhaus berlin,1300,73,50,350
health.city,de-DE,hausarzt berlin,2900,52,50,2700
safety.city,de-DE,ist berlin sicher,90,,,
safety.city,de-DE,gefährliche stadtteile berlin,40,2,,700
places.city-category,de-DE,strände bei berlin,0,,,
weather.city-best-time,de-DE,klima berlin,200,0,3,90
banking.country,de-DE,konto eröffnen deutschland,30,,400,
visas.country-residency,de-DE,aufenthaltstitel deutschland,500,0,25,1300
relocation.country,de-DE,umzug nach deutschland,40,2,200,100
services.city-practical,de-DE,anmeldung berlin,14000,33,50,41000
services.city-practical,de-DE,kita berlin,1400,61,90,3600
places.city-category,fr-FR,restaurants paris,2200,25,35,3400
places.city-category,fr-FR,cafes paris,100,5,20,900
places.city-category,fr-FR,bars paris,500,2,25,1300
places.city-category,fr-FR,coworking paris,2800,9,300,1500
places.city-category,fr-FR,salle de sport paris,4400,12,80,1700
places.city-category,fr-FR,parcs paris,600,9,10,1000
places.city-category,fr-FR,centres commerciaux paris,50,3,6,1700
places.city-category,fr-FR,vie nocturne paris,90,0,,150
places.city-category,fr-FR,musees paris,600,17,9,3900
places.city-category,fr-FR,brunch paris,23000,3,15,3700
places.city-category,fr-FR,restaurants lyon,1500,0,15,21000
events.city-window,fr-FR,que faire a paris,11000,65,10,21000
events.city-window,fr-FR,que faire a paris ce week-end,100,4,,300
events.city-type,fr-FR,evenements paris,350,51,30,19000
events.city-type,fr-FR,evenements lyon,150,6,60,1200
events.series-city,fr-FR,concerts paris,3000,0,2,14000
stay.city-type,fr-FR,hotels paris centre,100,1,50,700
stay.city-type,fr-FR,chambre a louer paris,500,0,30,1000
stay.city-type,fr-FR,colocation paris,5000,5,40,500
stay.city-type,fr-FR,coliving paris,2400,0,40,450
stay.city-type,fr-FR,location meublee paris,90,3,30,600
rents.city,fr-FR,location appartement paris,11000,8,15,25000
property.city-buy,fr-FR,prix immobilier paris,6800,59,60,11000
work.city-jobs,fr-FR,emploi paris,1300,12,30,5800
work.city-jobs,fr-FR,offres d'emploi lyon,150,2,10,4000
work.city-jobs,fr-FR,emploi marseille,1700,2,8,4200
work.city-jobs-category,fr-FR,travail en anglais paris,0,,,
work.country-salaries,fr-FR,salaire moyen france,32000,3,7,15000
work.city-salaries,fr-FR,salaire paris,150,0,,4200
sport.city-activity,fr-FR,ou courir a paris,150,0,1,250
sport.route,fr-FR,pistes cyclables paris,200,10,25,200
sport.city-activity,fr-FR,randonnee pres de paris,20,0,7,1300
transport.airport-to-city,fr-FR,aeroport roissy paris centre,0,,,
neighbourhoods.city-where-to-stay,fr-FR,ou habiter a paris,80,0,5,150
neighbourhoods.city-best-for,fr-FR,meilleurs quartiers paris,80,0,3,200
cost-of-living.city,fr-FR,cout de la vie paris,40,0,35,60
activities.city-things-to-do,fr-FR,que voir a paris,700,0,1,5000
activities.city-things-to-do,fr-FR,monuments paris,1400,8,3,300
transport.city-getting-around,fr-FR,ratp horaires,1000,49,3,3700
transport.city-getting-around,fr-FR,transports en commun paris,90,70,3,87000
education.city-schools,fr-FR,ecoles internationales paris,90,5,60,400
education.city-universities,fr-FR,universites paris,40,,,
health.city,fr-FR,hopitaux paris,350,11,20,1400
health.country,fr-FR,medecin traitant france,0,,,
safety.city,fr-FR,quartiers a eviter paris,10,,,
places.city-category,fr-FR,plages pres de paris,20,,,
weather.city-best-time,fr-FR,climat paris,700,33,7,643000
banking.country,fr-FR,ouvrir un compte bancaire france,30,,250,
visas.country-residency,fr-FR,titre de sejour france,400,18,50,360000
relocation.country,fr-FR,demenager en france,70,1,150,14000
services.city-practical,fr-FR,creche paris,400,0,90,600
taxes.country-remote-work,fr-FR,impots france etranger,0,,,
places.city-category,nl-NL,restaurants amsterdam,6500,28,35,7300
places.city-category,nl-NL,cafes amsterdam,300,2,25,350
places.city-category,nl-NL,bars amsterdam,400,2,30,500
places.city-category,nl-NL,coworking amsterdam,300,4,300,700
places.city-category,nl-NL,sportschool amsterdam,600,55,110,1000
places.city-category,nl-NL,parken amsterdam,600,4,25,600
places.city-category,nl-NL,winkelcentrum amsterdam,600,44,15,3700
places.city-category,nl-NL,nachtleven amsterdam,40,64,,450
places.city-category,nl-NL,musea amsterdam,5300,58,15,7800
places.city-category,nl-NL,restaurants rotterdam,6100,34,25,5700
events.city-type,nl-NL,evenementen amsterdam,800,0,30,3600
events.city-type,nl-NL,evenementen rotterdam,600,61,45,11000
events.city-window,nl-NL,dit weekend amsterdam,100,3,20,3600
events.series-city,nl-NL,concerten amsterdam,1000,69,20,57000
stay.city-type,nl-NL,hotels amsterdam centrum,500,4,45,1400
stay.city-type,nl-NL,kamer huren amsterdam,400,1,35,1400
stay.city-type,nl-NL,coliving amsterdam,80,20,40,80
rents.city,nl-NL,appartement huren amsterdam,700,0,40,8600
rents.city,nl-NL,huurprijzen amsterdam,60,4,8,50
property.city-buy,nl-NL,huizenprijzen amsterdam,700,0,15,1000
work.city-jobs,nl-NL,werk amsterdam,400,27,70,9800
work.city-jobs,nl-NL,vacatures rotterdam,6400,16,35,15000
work.city-jobs,nl-NL,vacatures utrecht,3700,38,25,13000
work.city-jobs-category,nl-NL,engelstalige banen amsterdam,0,,,
work.country-salaries,nl-NL,gemiddeld salaris nederland,8400,14,1,15000
work.city-salaries,nl-NL,salaris amsterdam,0,,,
sport.city-activity,nl-NL,hardlooproutes amsterdam,50,20,45,70
sport.route,nl-NL,fietsroutes amsterdam,150,1,25,80
sport.city-activity,nl-NL,wandelen bij amsterdam,0,,,
transport.airport-to-city,nl-NL,schiphol amsterdam centrum,0,,,
neighbourhoods.city-where-to-stay,nl-NL,waar wonen in amsterdam,0,,,
neighbourhoods.city-best-for,nl-NL,beste wijken amsterdam,40,,,
cost-of-living.city,nl-NL,kosten van levensonderhoud amsterdam,0,,,
activities.city-things-to-do,nl-NL,wat te doen in amsterdam,5300,0,10,200
activities.city-things-to-do,nl-NL,bezienswaardigheden amsterdam,1000,7,9,400
activities.city-things-to-do,nl-NL,wat te zien in amsterdam,100,10,4,700
transport.city-getting-around,nl-NL,openbaar vervoer amsterdam,700,24,10,4600
education.city-schools,nl-NL,internationale scholen amsterdam,20,28,40,200
education.city-universities,nl-NL,universiteiten amsterdam,70,0,35,13000
health.city,nl-NL,ziekenhuizen amsterdam,700,60,30,350
health.city,nl-NL,huisarts amsterdam,1500,0,9,450
safety.city,nl-NL,is amsterdam veilig,50,0,,20
safety.city,nl-NL,onveilige wijken amsterdam,0,,,
places.city-category,nl-NL,stranden bij amsterdam,0,,,
weather.city-best-time,nl-NL,klimaat amsterdam,100,0,90,150
banking.country,nl-NL,bankrekening openen nederland,150,71,,4300
visas.country-residency,nl-NL,verblijfsvergunning nederland,200,1,3,3100
relocation.country,nl-NL,verhuizen naar nederland,100,3,80,300
services.city-practical,nl-NL,kinderopvang amsterdam,600,0,180,800
places.city-category,pl-PL,restauracje warszawa,9800,7,25,5500
places.city-category,pl-PL,kawiarnie warszawa,1400,0,15,1500
places.city-category,pl-PL,bary krakow,150,26,20,300
places.city-category,pl-PL,coworking warszawa,1200,3,120,1500
places.city-category,pl-PL,silownia warszawa,600,35,30,6300
places.city-category,pl-PL,parki warszawa,700,33,20,450
places.city-category,pl-PL,centra handlowe warszawa,200,31,10,400
places.city-category,pl-PL,zycie nocne krakow,,,,
places.city-category,pl-PL,muzea warszawa,2700,10,15,2300
places.city-category,pl-PL,restauracje krakow,3100,0,25,6500
events.city-type,pl-PL,wydarzenia warszawa,7400,0,7,16000
events.city-type,pl-PL,wydarzenia krakow,900,4,5,7200
events.city-window,pl-PL,co robic w warszawie,800,0,8,0
events.city-window,pl-PL,weekend w krakowie,450,4,25,50
events.series-city,pl-PL,koncerty warszawa,7800,2,2,3200
stay.city-type,pl-PL,hotele warszawa centrum,500,4,35,3100
stay.city-type,pl-PL,pokoje do wynajecia krakow,100,0,5,3300
stay.city-type,pl-PL,coliving warszawa,50,0,35,20
rents.city,pl-PL,mieszkania do wynajecia warszawa,200,0,3,32000
rents.city,pl-PL,ceny najmu warszawa,70,1,1,60
property.city-buy,pl-PL,ceny mieszkan warszawa,350,7,35,2400
work.city-jobs,pl-PL,praca warszawa,31000,3,4,34000
work.city-jobs,pl-PL,oferty pracy krakow,500,0,3,30000
work.city-jobs,pl-PL,oferty pracy wroclaw,250,2,1,32000
work.city-jobs-category,pl-PL,praca po angielsku warszawa,0,,,
work.country-salaries,pl-PL,srednia pensja w polsce,250,13,1,10000
work.city-salaries,pl-PL,zarobki warszawa,150,1,1,500
sport.city-activity,pl-PL,bieganie warszawa,40,43,25,100
sport.route,pl-PL,sciezki rowerowe warszawa,100,1,20,1700
sport.city-activity,pl-PL,szlaki piesze kolo warszawy,,,,
transport.airport-to-city,pl-PL,lotnisko chopina centrum warszawy,,,,
neighbourhoods.city-where-to-stay,pl-PL,gdzie mieszkac w warszawie,0,,,
neighbourhoods.city-best-for,pl-PL,najlepsze dzielnice warszawa,0,,,
cost-of-living.city,pl-PL,koszty zycia warszawa,0,,,
activities.city-things-to-do,pl-PL,co zobaczyc w warszawie,600,0,5,6600
activities.city-things-to-do,pl-PL,atrakcje krakow,1700,0,8,14000
transport.city-getting-around,pl-PL,rozklad jazdy ztm,7200,72,2,121000
transport.city-getting-around,pl-PL,komunikacja miejska warszawa,2600,20,3,43000
education.city-schools,pl-PL,szkoly miedzynarodowe warszawa,50,,,
education.city-universities,pl-PL,uniwersytety warszawa,200,24,25,4000
health.city,pl-PL,szpitale warszawa,350,18,25,500
health.city,pl-PL,lekarz rodzinny warszawa,250,0,15,300
safety.city,pl-PL,czy warszawa jest bezpieczna,150,0,,70
safety.city,pl-PL,niebezpieczne dzielnice warszawy,80,0,25,250
places.city-category,pl-PL,plaze kolo warszawy,0,,,
weather.city-best-time,pl-PL,klimat warszawa,40,,,
banking.country,pl-PL,konto bankowe w polsce,90,,160,
visas.country-residency,pl-PL,karta pobytu polska,100,4,40,1000
relocation.country,pl-PL,przeprowadzka do polski,70,,50,
services.city-practical,pl-PL,zlobek warszawa,40,4,70,350
places.city-category,en-US,restaurants new york,2100,31,60,39000
places.city-category,en-US,cafes new york,10,0,170,1400
places.city-category,en-US,bars chicago,900,2,25,2300
places.city-category,en-US,coworking new york,200,0,700,9100
places.city-category,en-US,coworking austin,200,21,900,1200
places.city-category,en-US,gyms new york,90,39,170,3600
places.city-category,en-US,parks new york,70,0,,195000
places.city-category,en-US,shopping malls new york,40,34,4,51000
places.city-category,en-US,nightlife new york,100,4,20,800
places.city-category,en-US,museums new york,1000,89,4,5200
places.city-category,en-US,restaurants chicago,9600,0,50,0
events.city-type,en-US,events new york,600,55,15,12000
events.city-type,en-US,events chicago,2100,41,15,50000
events.city-window,en-US,this weekend in new york,30,35,50,8700
events.series-city,en-US,concerts new york,1900,22,8,13000
stay.city-type,en-US,hotels new york midtown,150,59,150,5300
stay.city-type,en-US,rooms for rent new york,500,2,40,2400
stay.city-type,en-US,coliving new york,200,5,110,1600
stay.city-type,en-US,monthly rentals new york,150,37,70,150
rents.city,en-US,apartments for rent new york,1400,67,30,17000
rents.city,en-US,rent prices new york,20,0,25,3600
property.city-buy,en-US,home prices new york,10,48,7,900
work.city-jobs,en-US,jobs new york,1100,14,20,5600
work.city-jobs,en-US,jobs chicago,3000,12,25,14000
work.city-jobs,en-US,jobs austin,2000,14,15,20000
work.country-salaries,en-US,average salary usa,1500,78,20,31000
work.city-salaries,en-US,salary new york,50,38,200,8200
sport.city-activity,en-US,running routes new york,10,,60,
sport.route,en-US,bike paths new york,10,,35,
sport.city-activity,en-US,hiking near new york,10,11,4,1800
neighbourhoods.city-where-to-stay,en-US,where to live in new york,400,2,40,2300
neighbourhoods.city-best-for,en-US,best neighborhoods new york,100,5,20,1900
cost-of-living.city,en-US,cost of living new york,450,34,35,1500
activities.city-things-to-do,en-US,things to do in new york,31000,0,7,30
activities.city-things-to-do,en-US,what to see in new york,1000,90,5,80000
activities.city-things-to-do,en-US,attractions new york,150,0,30,0
transport.city-getting-around,en-US,subway map new york,900,60,5,69000
transport.city-getting-around,en-US,public transport new york,200,0,6,8200
education.city-schools,en-US,international schools new york,150,0,130,350
education.city-universities,en-US,universities new york,300,70,190,84000
health.city,en-US,hospitals new york,100,65,200,2000
safety.city,en-US,is new york safe,900,0,3,1300
safety.city,en-US,dangerous neighborhoods new york,10,,,
places.city-category,en-US,beaches near new york,90,1,7,3400
weather.city-best-time,en-US,new york climate,1900,0,3,1600
banking.country,en-US,open a bank account usa,10,,500,
visas.country-visit,en-US,us visa,7600,93,100,24000
relocation.city,en-US,moving to new york,900,0,70,800
services.city-practical,en-US,daycare new york,200,25,250,1600
