family_id,surface,vertical,intent,entity,status,demand,demand_source,old_raw_potential,old_single_market_potential,measured_keywords,measured_markets,median_volume,max_volume,median_kd,serp_samples,serp_characteristics,low_dr_winner_seen,source_state,acquisition_type,acquisition_cost,required_data,missing_data,indexable_storable,scalability,duplicate_risk,cannibalization_risk,monetization_relevance,publishability,markets,languages,included_in_27_family_pass,new_raw_rows,new_valid,old_status,old_priority,reconciliation_class,demand_note,acquisition_path,note
climate.city-day,climate,weather,,city-date,EXPERIMENT_ONLY,NEGLIGIBLE_BY_CONSTRUCTION,MEASURED_EARLIER_IN_PROJECT,1077115,97920,0,0,,,,0,NOT_SAMPLED,UNKNOWN,HELD,HELD,HELD,,,Yes,VERY_HIGH,HIGH,LOW,LOW,NOT_YET,11,10,NO,0,0,new-in-27-family-pass,high,NEW_FAMILY,"No measurement taken and none needed: a daily climate normal is not a query. Recorded as the 1,077,115 URL padding route that was refused",Data already in the repository,
places.city-category,areas,places,The places of one kind that are worth knowing about in this city,city:t2,NOT_IMPLEMENTED,STRONG_DEMAND,MEASURED_THIS_PASS,295100,26827,55,6,800,11000,0,1,AGGREGATOR_LOCKED,NO,ACQUIRABLE_WITH_EFFORT,OPEN_DATA_ODBL,LOW_COST_HIGH_EFFORT,geonames-cities; places-data-verified,places-data-verified,"Yes, counts and categories are facts; pages are indexable and the data may be stored",VERY_HIGH,MEDIUM,LOW,MEDIUM,NOT_YET,11,10,NO,0,0,blocked,medium,NOT_IMPLEMENTED,,"OpenStreetMap. Self host Overpass from a Geofabrik .osm.pbf extract, or pace Overpass runs over hours. The repo already holds a PARTIAL capture (13 of 44 cities) stopped by the public instance rate limiter, not by licence. Free. ODbL needs attribution and share alike on a derived database","The single largest family in the old architecture at 295,100. The source is ODbL and the repo holds a partial capture blocked by Overpass rate limiting, so this is an engineering gap, not a licence one and not an SEO one. The new generator has no places family at all"
sport.city-activity,sport,sport,"Doing one activity in or around this city: where, when and what conditions to expect",city:t2,EXPERIMENT_ONLY,WEAK_DEMAND,MEASURED_THIS_PASS,295100,26827,8,5,200,600,0,0,NOT_SAMPLED,UNKNOWN,ACQUIRABLE_WITH_EFFORT,OPEN_DATA_ODBL,LOW_COST_MEDIUM_EFFORT,geonames-cities; sport-routes-verified,sport-routes-verified,Yes,VERY_HIGH,MEDIUM,LOW,LOW,NOT_YET,11,10,YES,46212,0,blocked,medium,COVERED,,"OpenStreetMap route relations (route=hiking, route=bicycle) via the same Overpass or Geofabrik path, plus NASA POWER for seasonality. Free",
events.city-type,pulse,events,Everything of one kind that is on in this city,city:t2,BLOCKED_BY_LICENCE,VALIDATED_DEMAND,MEASURED_THIS_PASS,236080,21462,11,6,2900,18000,6,1,WIDE_OPEN,YES,HELD,AFFILIATE_OR_PARTNER_FEED,MIXED_FREE_TO_REVENUE_SHARE,geonames-cities; events-verified,events-verified,Affiliate feeds usually forbid caching beyond a short TTL and require the live link; city open data can be stored freely,VERY_HIGH,MEDIUM,LOW,MEDIUM,NOT_YET,11,10,NO,0,0,blocked,high,BLOCKED_BY_LICENCE,,"No open aggregate exists and scraping the listings sites is excluded. The lawful routes are: ticketing affiliate feeds (Ticketmaster and Eventbrite both run affiliate APIs whose terms permit displaying their inventory with a tracked link, which is different from scraping), city open data portals that publish official event calendars (Milan, Barcelona, Amsterdam, Berlin and Paris all do, under open licences), and venue level official calendars. Sports fixtures are separately available: football fixture lists are facts and several leagues publish them, and F1, Premier League and marathon calendars are published officially",
stay.city-type,stay,stay,"Where to stay in this city for one length of stay, and what it costs",city:t2,BLOCKED_BY_LICENCE,STRONG_DEMAND,MEASURED_THIS_PASS,206570,18779,20,6,1400,8400,1,0,NOT_SAMPLED,UNKNOWN,BLOCKED_COMMERCIAL,AFFILIATE_FEED,REVENUE_SHARE,geonames-cities; stay-inventory-verified,stay-inventory-verified,"Yes for hotel pages, with live pricing rather than stored pricing",VERY_HIGH,MEDIUM,LOW,HIGH,NOT_YET,11,10,NO,0,0,blocked,high,BLOCKED_BY_LICENCE,,"Booking.com and Expedia affiliate APIs, Hotellook/Travelpayouts for aggregated inventory. Revenue share rather than a fee. Terms permit price and availability display with a tracked link; deep caching is usually limited to 24 hours and republishing the whole inventory is forbidden",
neighbourhoods.city-best-for,areas,neighbourhoods,"Which areas of this city suit one kind of person, and why",city:t2,EXPERIMENT_ONLY,WEAK_DEMAND,MEASURED_THIS_PASS,177060,16096,7,5,80,700,0,0,NOT_SAMPLED,UNKNOWN,HELD_PARTIAL,HELD_PARTIAL,FREE_HIGH_EFFORT,geonames-cities; neighbourhood-facts-verified; rent-index-verified,neighbourhood-facts-verified; rent-index-verified,Yes,VERY_HIGH,MEDIUM,LOW,MEDIUM,NOT_YET,11,10,YES,273,0,blocked,high,COVERED,,39 cities held. Extend with OSM plus national census tract data,
work.city-jobs-category,work,work,"Work of one kind in this city: who hires, what it pays, whether a foreigner can take it",city:t2,MISSING_DATA,WEAK_DEMAND_THIN_SAMPLE,MEASURED_THIS_PASS,177060,16096,1,1,0,0,0,0,NOT_SAMPLED,UNKNOWN,MISSING_ACQUIRABLE,GOVERNMENT,FREE_UNEVEN_COVERAGE,geonames-cities; salary-data-verified; work-rules-verified,salary-data-verified; work-rules-verified,Yes,VERY_HIGH,MEDIUM,LOW,HIGH,NOT_YET,11,10,NO,0,0,blocked,high,MISSING_DATA,,"National statistical offices publish city or region level earnings: Destatis Verdienststrukturerhebung, INSEE, ISTAT, ONS ASHE (which is city level and free), e-Stat Japan, IBGE Brazil",
services.city-practical,move,services,Where the practical things are in this city and how they work,city:t2,NOT_IMPLEMENTED,INHERITED_WEAK_DEMAND,INHERITED_FROM_VERTICAL_SIBLING,177060,16096,0,0,,,,0,NOT_SAMPLED,UNKNOWN,ACQUIRABLE_WITH_EFFORT,OPEN_DATA_ODBL,LOW_COST_HIGH_EFFORT,geonames-cities; places-data-verified,places-data-verified,"Yes, counts and categories are facts; pages are indexable and the data may be stored",VERY_HIGH,MEDIUM,LOW,HIGH,NOT_YET,11,10,NO,0,0,research-needed,medium,NOT_RESEARCHED,,"OpenStreetMap. Self host Overpass from a Geofabrik .osm.pbf extract, or pace Overpass runs over hours. The repo already holds a PARTIAL capture (13 of 44 cities) stopped by the public instance rate limiter, not by licence. Free. ODbL needs attribution and share alike on a derived database","Old status research-needed, not blocked"
relocation.city,move,relocation,What moving to this city from the reader country involves,city:t3,MISSING_DATA,WEAK_DEMAND_THIN_SAMPLE,MEASURED_THIS_PASS,127083,11553,1,1,400,400,0,0,NOT_SAMPLED,UNKNOWN,MISSING_ACQUIRABLE,GOVERNMENT,FREE_UNEVEN_COVERAGE,geonames-cities; cost-of-living-city-verified; visa-rules-verified,cost-of-living-city-verified; visa-rules-verified,Yes,VERY_HIGH,MEDIUM,LOW,HIGH,NOT_YET,11,10,NO,0,0,blocked,high,MISSING_DATA,,"Same national statistical offices, city level CPI or price level series where published. Numbeo is refused on licence",
events.city-window,pulse,events,"What is on in this city today, tonight, this weekend or this month",city:t2,BLOCKED_BY_LICENCE,STRONG_DEMAND,MEASURED_THIS_PASS,118040,10731,10,6,700,12000,1,0,NOT_SAMPLED,UNKNOWN,HELD,AFFILIATE_OR_PARTNER_FEED,MIXED_FREE_TO_REVENUE_SHARE,geonames-cities; events-verified,events-verified,Affiliate feeds usually forbid caching beyond a short TTL and require the live link; city open data can be stored freely,VERY_HIGH,MEDIUM,LOW,MEDIUM,NOT_YET,11,10,NO,0,0,blocked,high,BLOCKED_BY_LICENCE,,"No open aggregate exists and scraping the listings sites is excluded. The lawful routes are: ticketing affiliate feeds (Ticketmaster and Eventbrite both run affiliate APIs whose terms permit displaying their inventory with a tracked link, which is different from scraping), city open data portals that publish official event calendars (Milan, Barcelona, Amsterdam, Berlin and Paris all do, under open licences), and venue level official calendars. Sports fixtures are separately available: football fixture lists are facts and several leagues publish them, and F1, Premier League and marathon calendars are published officially",
rents.city,stay,rents,What renting costs in this city and what the market is like,city:t3,MISSING_DATA,VALIDATED_DEMAND,MEASURED_THIS_PASS,115530,10503,9,6,2800,12000,2,0,NOT_SAMPLED,UNKNOWN,MISSING_ACQUIRABLE,GOVERNMENT_PLUS_COMMERCIAL,FREE_TO_MEDIUM,geonames-cities; rent-index-verified,rent-index-verified,Yes for index data,VERY_HIGH,MEDIUM,LOW,HIGH,NOT_YET,11,10,YES,180,0,blocked,high,PARTIAL,,"Eurostat is country level. City level: national statistical offices (Destatis, INSEE, ISTAT, INE, CBS, GUS) publish city rent indices unevenly, and several national portals publish official rent mirrors (Germany Mietspiegel per city, Netherlands huurcommissie). Commercial alternative is a property portal partnership","The new pass only built the COUNTRY rent family, and rejected it. The city family the old map describes was never emitted"
cost-of-living.city,move,cost-of-living,What a month of daily life costs in this city,city:t3,MISSING_DATA,WEAK_DEMAND,MEASURED_THIS_PASS,115530,10503,6,6,80,400,0,0,NOT_SAMPLED,UNKNOWN,MISSING_ACQUIRABLE,GOVERNMENT,FREE_UNEVEN_COVERAGE,geonames-cities; cost-of-living-city-verified,cost-of-living-city-verified,Yes,VERY_HIGH,MEDIUM,LOW,HIGH,NOT_YET,11,10,NO,0,0,blocked,high,MISSING_DATA,,"Same national statistical offices, city level CPI or price level series where published. Numbeo is refused on licence",
work.city-salaries,work,work,What people earn in this city and what that buys,city:t3,MISSING_DATA,INHERITED_VALIDATED_DEMAND,INHERITED_FROM_VERTICAL_SIBLING,115530,10503,0,0,,,,0,NOT_SAMPLED,UNKNOWN,MISSING_ACQUIRABLE,GOVERNMENT,FREE_UNEVEN_COVERAGE,geonames-cities; salary-data-verified,salary-data-verified,Yes,VERY_HIGH,MEDIUM,LOW,HIGH,NOT_YET,11,10,YES,3075,0,blocked,high,COVERED,,"National statistical offices publish city or region level earnings: Destatis Verdienststrukturerhebung, INSEE, ISTAT, ONS ASHE (which is city level and free), e-Stat Japan, IBGE Brazil",
places.neighbourhood-category,areas,places,The places of one kind inside one neighbourhood,neighbourhood,NOT_IMPLEMENTED,INHERITED_VALIDATED_DEMAND,INHERITED_FROM_VERTICAL_SIBLING,95440,8676,0,0,,,,0,NOT_SAMPLED,UNKNOWN,HELD_PARTIAL,HELD_PARTIAL,FREE_HIGH_EFFORT,neighbourhood-facts-verified; places-data-verified,neighbourhood-facts-verified; places-data-verified,Yes,HIGH,LOW,LOW,MEDIUM,NOT_YET,11,10,NO,0,0,blocked,medium,NOT_IMPLEMENTED,,39 cities held. Extend with OSM plus national census tract data,
weather.city-month,climate,weather,"What is the weather like in this city in this month, and what does that mean for a trip",city:t2+air,EXPERIMENT_ONLY,WEAK_DEMAND_THIN_SAMPLE,MEASURED_THIS_PASS,60888,5535,1,1,60,60,0,0,NOT_SAMPLED,UNKNOWN,HELD,HELD,HELD,geonames-cities; nasa-power-daily,,Yes,HIGH,LOW,LOW,LOW,NOT_YET,11,10,YES,166932,6780,published,low,COVERED,,Data already in the repository,
comparisons.city-vs-home,tools,comparisons,How this city compares with where the reader lives now,city:t2,MISSING_DATA,MODERATE_DEMAND,MEASURED_EARLIER_IN_PROJECT,32461,2951,0,0,,,,0,NOT_SAMPLED,UNKNOWN,MISSING_ACQUIRABLE,GOVERNMENT,FREE_UNEVEN_COVERAGE,geonames-cities; cost-of-living-city-verified,cost-of-living-city-verified,Yes,HIGH,LOW,LOW,HIGH,NOT_YET,11,10,NO,0,0,blocked,high,MISSING_DATA,"Same cost comparison intent, origin market axis","Same national statistical offices, city level CPI or price level series where published. Numbeo is refused on licence",
cost-of-living.city-vs-market,move,cost-of-living,How this city costs compare with what the reader pays at home,city:t2,MISSING_DATA,INHERITED_WEAK_DEMAND,INHERITED_FROM_VERTICAL_SIBLING,32461,2951,0,0,,,,0,NOT_SAMPLED,UNKNOWN,MISSING_ACQUIRABLE,GOVERNMENT,FREE_UNEVEN_COVERAGE,geonames-cities; cost-of-living-city-verified,cost-of-living-city-verified,Yes,HIGH,LOW,LOW,HIGH,NOT_YET,11,10,NO,0,0,blocked,high,MISSING_DATA,,"Same national statistical offices, city level CPI or price level series where published. Numbeo is refused on licence",
climate.city-annual,climate,weather,,city,VALIDATED,VALIDATED_DEMAND,MEASURED_EARLIER_IN_PROJECT,32461,2951,0,0,,,,0,NOT_SAMPLED,UNKNOWN,HELD,HELD,HELD,,,Yes,HIGH,LOW,LOW,LOW,PUBLISHABLE_NOW,11,10,NO,0,0,new-in-27-family-pass,high,NEW_FAMILY,"Measured in this pass under the weather axis: london weather 1,020,000, clima sao paulo 36,000, clima barcelona 16,000, tokyo climate 1,900 at KD 79",Data already in the repository,
transport.airport-to-city,transport,transport,How to get from this airport into the city it serves,airport:linked,MISSING_DATA,WEAK_DEMAND,MEASURED_THIS_PASS,30010,2728,4,3,20,30,0,1,WIDE_OPEN,YES,MISSING_ACQUIRABLE,MANUAL_PLUS_GTFS,FREE_HIGH_EFFORT,ourairports; geonames-cities; ground-transport-verified,ground-transport-verified,Yes,HIGH,LOW,LOW,HIGH,NOT_YET,11,10,YES,1236,0,blocked,medium,COVERED,,"Per airport: the operator pages for the airport express, bus and taxi, plus GTFS where the operator publishes it. Roughly 20 to 30 minutes per airport, so 40 to 60 hours for the 120 airports that carry the measured demand",
property.city-buy,stay,property,What buying property in this city involves and what it costs,city:t2,MISSING_DATA,INHERITED_MODERATE_DEMAND,INHERITED_FROM_VERTICAL_SIBLING,29510,2683,0,0,,,,0,NOT_SAMPLED,UNKNOWN,MISSING_ACQUIRABLE,GOVERNMENT,FREE_UNEVEN_COVERAGE,geonames-cities; property-price-verified,property-price-verified,Yes,HIGH,LOW,LOW,HIGH,NOT_YET,11,10,NO,0,0,blocked,high,MISSING_DATA,,"Land registries publish transaction prices: UK HM Land Registry Price Paid is a free bulk download, Netherlands Kadaster, France DVF is open. Coverage is uneven outside these",
work.city-jobs,work,work,What the job market in this city looks like and who is hiring,city:t2,MISSING_DATA,VALIDATED_DEMAND,MEASURED_THIS_PASS,29510,2683,12,6,2700,13000,0,0,NOT_SAMPLED,UNKNOWN,HELD,HELD,HELD,geonames-cities; salary-data-verified; work-rules-verified,salary-data-verified; work-rules-verified,Yes,HIGH,LOW,LOW,HIGH,NOT_YET,11,10,NO,0,0,blocked,high,MISSING_DATA,,"Eurostat salary, country level, already in the repo",
health.city,move,health,What healthcare looks like on the ground in this city,city:t2,MISSING_DATA,MODERATE_DEMAND,MEASURED_THIS_PASS,29510,2683,7,6,350,1000,34,0,NOT_SAMPLED,UNKNOWN,MISSING_ACQUIRABLE,GOVERNMENT,FREE_MEDIUM_EFFORT,geonames-cities; health-rules-verified,health-rules-verified,Yes,HIGH,LOW,LOW,HIGH,NOT_YET,11,10,NO,0,0,blocked,high,MISSING_DATA,,"National health system pages and EU cross border healthcare directives. For facilities, national hospital registers (NHS in the UK is an open dataset, Germany Krankenhausverzeichnis)",
education.city-universities,move,education,"What studying in this city involves, from admission to what it costs",city:t2,MISSING_DATA,WEAK_DEMAND,MEASURED_THIS_PASS,29510,2683,6,6,250,1600,43,0,NOT_SAMPLED,UNKNOWN,MISSING_ACQUIRABLE,GOVERNMENT_PLUS_OPEN,FREE_MEDIUM_EFFORT,geonames-cities; school-data-verified,school-data-verified,Yes,HIGH,LOW,LOW,HIGH,NOT_YET,11,10,NO,0,0,blocked,high,MISSING_DATA,,"National school and university registers (UK Get Information About Schools is a free bulk download, Germany per Land, Italy MIUR). For international schools, the accrediting bodies publish member lists. OSM amenity=school for location",
connectivity.city-online,connectivity,connectivity,"How to work online from this city: speeds, cafes and coworking",city:t2,REJECT,OUT_OF_SCOPE_ESIM,MEASURED_EARLIER_IN_PROJECT,29510,2683,0,0,,,,0,NOT_SAMPLED,UNKNOWN,OUT_OF_SCOPE,OUT_OF_SCOPE,N_A,geonames-cities; connectivity-data-verified,connectivity-data-verified,N_A,HIGH,LOW,LOW,LOW,NOT_YET,11,10,NO,0,0,blocked,high,OUT_OF_SCOPE,The eSIM section owns connectivity demand and measures it separately,The eSIM section owns this,
neighbourhoods.city-where-to-stay,areas,neighbourhoods,"Which district of this city to stay in, and what each one is like",city:t2,PROMISING,MODERATE_DEMAND,MEASURED_THIS_PASS,29510,2683,4,4,600,1200,6,0,NOT_SAMPLED,UNKNOWN,HELD_PARTIAL,HELD_PARTIAL,FREE_HIGH_EFFORT,geonames-cities; neighbourhood-facts-verified,neighbourhood-facts-verified,Yes,HIGH,LOW,LOW,MEDIUM,PUBLISHABLE_NOW,11,10,YES,39,39,blocked,high,COVERED,,39 cities held. Extend with OSM plus national census tract data,
safety.city,safety,safety,How safe this city is and what to watch for,city:t2,MISSING_DATA,WEAK_DEMAND,MEASURED_THIS_PASS,29510,2683,6,6,150,1800,0,0,NOT_SAMPLED,UNKNOWN,MISSING_ACQUIRABLE,GOVERNMENT,FREE_UNEVEN_COVERAGE,geonames-cities; safety-data-verified,safety-data-verified,Yes,HIGH,LOW,LOW,LOW,NOT_YET,11,10,NO,0,0,blocked,medium,MISSING_DATA,,"National police and statistics crime series (UK police.uk is open and geocoded, Germany PKS, Netherlands CBS). Crowd sourced perception indices are refused on licence",
transport.city-getting-around,transport,transport,How public transport works in this city and what it costs,city:t2,MISSING_DATA,STRONG_DEMAND,MEASURED_THIS_PASS,29510,2683,6,4,1800,40000,20,0,NOT_SAMPLED,UNKNOWN,MISSING_ACQUIRABLE,OPEN_DATA_PLUS_MANUAL,FREE_MEDIUM_EFFORT,geonames-cities; transit-fares-verified,transit-fares-verified,Yes,HIGH,LOW,LOW,HIGH,NOT_YET,11,10,NO,0,0,blocked,medium,MISSING_DATA,,"GTFS feeds cover schedules for most metro and bus operators and many include fare_attributes; the gaps are filled by the operator fare page, which is a published fact. Mobility Database and Transitland aggregate GTFS feeds with their licences listed",
activities.city-things-to-do,areas,activities,What there is to do in this city,city:t2,MISSING_DATA,VALIDATED_DEMAND,MEASURED_THIS_PASS,29510,2683,8,6,8900,78000,0,0,NOT_SAMPLED,UNKNOWN,ACQUIRABLE_WITH_EFFORT,OPEN_DATA_ODBL,LOW_COST_MEDIUM_EFFORT,geonames-cities; attractions-verified,attractions-verified,"Yes, with attribution",HIGH,LOW,LOW,MEDIUM,NOT_YET,11,10,NO,0,0,blocked,medium,MISSING_DATA,,OSM tourism=* plus Wikidata/Wikipedia for descriptions (CC0 and CC BY SA). Wikivoyage is CC BY SA and covers attractions per city. Free,
transport.route-from-market,transport,transport,"How to reach this city from the reader home country, and how long it takes",city:t2+air,NOT_IMPLEMENTED,INHERITED_STRONG_DEMAND,INHERITED_FROM_VERTICAL_SIBLING,27907,2537,0,0,,,,0,NOT_SAMPLED,UNKNOWN,HELD,HELD,HELD,ourairports; geonames-cities; computed-distance,,Yes,HIGH,LOW,LOW,HIGH,NOT_YET,11,10,NO,0,0,source-ready,medium,NOT_IMPLEMENTED,,Data already in the repository,Source ready in the old map and never emitted
comparisons.country-vs-country,tools,comparisons,"How these two countries compare for living, working and paying tax",country:pair,NOT_IMPLEMENTED,STRONG_DEMAND,MEASURED_EARLIER_IN_PROJECT,26730,2430,0,0,,,,0,NOT_SAMPLED,UNKNOWN,HELD,HELD,HELD,cost-of-living-verified; tax-rules-verified,tax-rules-verified,Yes,HIGH,HIGH,LOW,HIGH,NOT_YET,11,10,NO,0,0,blocked,high,NOT_IMPLEMENTED,"Country pair cost comparison, measured with the tools and rankings families","Eurostat PPP and HICP plus World Bank price level, already in the repo","Blocked on tax in the old map, but the cost of living half is held, so a narrower country pair page is buildable and was never emitted"
rents.neighbourhood,stay,rents,What renting costs in this district,neighbourhood,MISSING_DATA,INHERITED_VALIDATED_DEMAND,INHERITED_FROM_VERTICAL_SIBLING,23860,2169,0,0,,,,0,NOT_SAMPLED,UNKNOWN,MISSING_ACQUIRABLE,GOVERNMENT_PLUS_COMMERCIAL,FREE_TO_MEDIUM,geonames-cities; rent-index-verified,rent-index-verified,Yes for index data,HIGH,LOW,LOW,HIGH,NOT_YET,11,10,NO,0,0,blocked,high,MISSING_DATA,,"Eurostat is country level. City level: national statistical offices (Destatis, INSEE, ISTAT, INE, CBS, GUS) publish city rent indices unevenly, and several national portals publish official rent mirrors (Germany Mietspiegel per city, Netherlands huurcommissie). Commercial alternative is a property portal partnership",
neighbourhoods.guide,areas,neighbourhoods,What is this district like and who is it right for,neighbourhood,EXPERIMENT_ONLY,INHERITED_MODERATE_DEMAND,INHERITED_FROM_VERTICAL_SIBLING,23860,2169,0,0,,,,0,NOT_SAMPLED,UNKNOWN,HELD_PARTIAL,HELD_PARTIAL,FREE_HIGH_EFFORT,geonames-cities; neighbourhood-facts-verified,neighbourhood-facts-verified,Yes,HIGH,LOW,LOW,MEDIUM,NOT_YET,11,10,YES,1403,1403,blocked,high,COVERED,,39 cities held. Extend with OSM plus national census tract data,
destinations.city-hub,areas,destinations,"What is this city, where is it, and what else is worth knowing before going",city:t3,NOT_IMPLEMENTED,INHERITED_VALIDATED_DEMAND,INHERITED_FROM_VERTICAL_SIBLING,23106,2101,0,0,,,,0,NOT_SAMPLED,UNKNOWN,HELD,HELD,HELD,geonames-cities,,Yes,HIGH,LOW,LOW,MEDIUM,NOT_YET,11,10,NO,0,0,source-ready,low,NOT_IMPLEMENTED,,Data already in the repository,"Source ready in the old map. The new pass has no city hub family, which is also the natural parent for every city level family it does have"
cost-of-living.item-country,move,cost-of-living,"What one everyday item costs in this country, with the date and the source of the price",country,MISSING_DATA,INHERITED_WEAK_DEMAND,INHERITED_FROM_VERTICAL_SIBLING,19920,1811,0,0,,,,0,NOT_SAMPLED,UNKNOWN,MISSING_ACQUIRABLE,UNAVAILABLE_OPEN,FREE_PARTIAL_ONLY,item-price-verified,item-price-verified,Index only,MEDIUM,LOW,LOW,HIGH,NOT_YET,11,10,NO,0,0,blocked,high,MISSING_DATA,,"No open item level price aggregate; Numbeo refused on licence. Eurostat HICP item indices give relative change, not absolute prices, which supports an index page and not a price list",
comparisons.city-vs-city,tools,comparisons,How these two cities compare for living or visiting,city:pair,VALIDATED,STRONG_DEMAND,MEASURED_EARLIER_IN_PROJECT,17620,1602,0,0,,,,0,NOT_SAMPLED,UNKNOWN,HELD,HELD,HELD,geonames-cities; cost-of-living-verified,,Yes,MEDIUM,HIGH,LOW,HIGH,PUBLISHABLE_NOW,11,10,YES,0,0,source-ready,high,PARTIAL,"Cost comparison intent measured with the tools family; the distance variant was the one rejected, not the cost comparison","Eurostat PPP and HICP plus World Bank price level, already in the repo","Only the distance variant was modelled, and rejected. The cost of living city comparison the old family meant was never emitted"
events.series-city,pulse,events,One recurring event series as it runs in this city,city:t1,BLOCKED_BY_LICENCE,VALIDATED_DEMAND,MEASURED_THIS_PASS,16800,1527,6,6,4400,17000,0,0,NOT_SAMPLED,UNKNOWN,HELD,AFFILIATE_OR_PARTNER_FEED,MIXED_FREE_TO_REVENUE_SHARE,events-verified,events-verified,Affiliate feeds usually forbid caching beyond a short TTL and require the live link; city open data can be stored freely,MEDIUM,LOW,LOW,MEDIUM,NOT_YET,11,10,NO,0,0,blocked,high,BLOCKED_BY_LICENCE,,"No open aggregate exists and scraping the listings sites is excluded. The lawful routes are: ticketing affiliate feeds (Ticketmaster and Eventbrite both run affiliate APIs whose terms permit displaying their inventory with a tracked link, which is different from scraping), city open data portals that publish official event calendars (Milan, Barcelona, Amsterdam, Berlin and Paris all do, under open licences), and venue level official calendars. Sports fixtures are separately available: football fixture lists are facts and several leagues publish them, and F1, Premier League and marathon calendars are published officially",
services.country-admin,move,services,"One piece of the admin of moving here, for somebody arriving from the reader country",country,MISSING_DATA,WEAK_DEMAND_THIN_SAMPLE,MEASURED_THIS_PASS,16434,1494,2,2,350,350,0,0,NOT_SAMPLED,UNKNOWN,MISSING_ACQUIRABLE,GOVERNMENT_PLUS_OPEN,FREE_LOW_EFFORT,country-facts-verified,country-facts-verified,Yes,MEDIUM,LOW,LOW,HIGH,NOT_YET,11,10,NO,0,0,research-needed,medium,NOT_RESEARCHED,,Government service pages plus Wikidata for the structured facts. Free,"Old status research-needed, not blocked"
community.city-topic,community,community,How to meet people in this city around one interest,city:t1,BLOCKED_BY_LICENCE,INHERITED_WEAK_DEMAND,INHERITED_FROM_VERTICAL_SIBLING,6720,611,0,0,,,,0,NOT_SAMPLED,UNKNOWN,BLOCKED_LICENCE,UNAVAILABLE,N_A,geonames-cities; community-listings-verified,community-listings-verified,"No, not from those sources",MEDIUM,LOW,LOW,LOW,NOT_YET,11,10,NO,0,0,blocked,low,BLOCKED_BY_LICENCE,,"Meetup, Eventbrite and Facebook groups are excluded by standing instruction and none offers a listing feed whose terms permit republishing. The only lawful substitute is official city and library event calendars, which is the events path rather than a community path",
airports.guide,transport,airports,"What is this airport, where is it and what does a traveller need to know",airport,NOT_IMPLEMENTED,INHERITED_STRONG_DEMAND,INHERITED_FROM_VERTICAL_SIBLING,6488,590,0,0,,,,0,NOT_SAMPLED,UNKNOWN,HELD,HELD,HELD,ourairports; geonames-cities,,Yes,MEDIUM,LOW,LOW,HIGH,NOT_YET,11,10,NO,0,0,source-ready,low,NOT_IMPLEMENTED,,Data already in the repository,"Source ready in the old map, OurAirports is public domain, and never emitted"
education.city-schools,move,education,What school options a family has in this city,city:t1,MISSING_DATA,WEAK_DEMAND,MEASURED_THIS_PASS,5600,509,5,5,150,800,1,0,NOT_SAMPLED,UNKNOWN,MISSING_ACQUIRABLE,GOVERNMENT_PLUS_OPEN,FREE_MEDIUM_EFFORT,geonames-cities; school-data-verified,school-data-verified,Yes,MEDIUM,LOW,LOW,HIGH,NOT_YET,11,10,NO,0,0,blocked,high,MISSING_DATA,,"National school and university registers (UK Get Information About Schools is a free bulk download, Germany per Land, Italy MIUR). For international schools, the accrediting bodies publish member lists. OSM amenity=school for location",
events.city-calendar,pulse,events,What happens in this city through the year,city:t1,BLOCKED_BY_LICENCE,INHERITED_VALIDATED_DEMAND,INHERITED_FROM_VERTICAL_SIBLING,5600,509,0,0,,,,0,NOT_SAMPLED,UNKNOWN,HELD,AFFILIATE_OR_PARTNER_FEED,MIXED_FREE_TO_REVENUE_SHARE,geonames-cities; events-verified,events-verified,Affiliate feeds usually forbid caching beyond a short TTL and require the live link; city open data can be stored freely,MEDIUM,LOW,LOW,MEDIUM,NOT_YET,11,10,NO,0,0,blocked,medium,BLOCKED_BY_LICENCE,,"No open aggregate exists and scraping the listings sites is excluded. The lawful routes are: ticketing affiliate feeds (Ticketmaster and Eventbrite both run affiliate APIs whose terms permit displaying their inventory with a tracked link, which is different from scraping), city open data portals that publish official event calendars (Milan, Barcelona, Amsterdam, Berlin and Paris all do, under open licences), and venue level official calendars. Sports fixtures are separately available: football fixture lists are facts and several leagues publish them, and F1, Premier League and marathon calendars are published officially",
weather.city-best-time,climate,weather,Which months are the best time to visit this city and why,city:t2+air,VALIDATED,VALIDATED_DEMAND,MEASURED_THIS_PASS,5074,461,6,6,16000,1020000,4,0,NOT_SAMPLED,UNKNOWN,HELD,HELD,HELD,geonames-cities; nasa-power-daily,,Yes,MEDIUM,LOW,LOW,LOW,PUBLISHABLE_NOW,11,10,YES,3460,3006,source-ready,low,COVERED,,Data already in the repository,The old family was city level and 2 markets; the new one is the annual city profile. The 24 live weather.country-best-time pages are the country level ancestor of both
taxes.country-remote-work,move,taxes,What the reader owes when working remotely from this country,country,MISSING_DATA,INHERITED_WEAK_DEMAND,INHERITED_FROM_VERTICAL_SIBLING,2739,249,0,0,,,,0,NOT_SAMPLED,UNKNOWN,MISSING_ACQUIRABLE,GOVERNMENT_PLUS_OECD,FREE_HIGH_EFFORT,tax-rules-verified; visa-rules-verified,tax-rules-verified; visa-rules-verified,"Yes, derived figures",MEDIUM,LOW,LOW,HIGH,NOT_YET,11,10,NO,0,0,blocked,high,MISSING_DATA,,"OECD tax database is free and structured; national tax authorities publish rates and brackets. Open to read, not to redistribute whole, so derive rather than mirror",
health.country,move,health,What healthcare the reader can use in this country and what cover is needed,country,MISSING_DATA,STRONG_DEMAND_THIN_SAMPLE,MEASURED_THIS_PASS,2739,249,1,1,3100,3100,9,0,NOT_SAMPLED,UNKNOWN,MISSING_ACQUIRABLE,GOVERNMENT,FREE_MEDIUM_EFFORT,health-rules-verified,health-rules-verified,Yes,MEDIUM,LOW,LOW,HIGH,NOT_YET,11,10,NO,0,0,blocked,high,MISSING_DATA,,"National health system pages and EU cross border healthcare directives. For facilities, national hospital registers (NHS in the UK is an open dataset, Germany Krankenhausverzeichnis)",
banking.country,move,banking,How the reader opens an account and moves money in this country,country,MISSING_DATA,WEAK_DEMAND_THIN_SAMPLE,MEASURED_THIS_PASS,2739,249,2,2,200,200,54,0,NOT_SAMPLED,UNKNOWN,MISSING_ACQUIRABLE,GOVERNMENT_PLUS_COMMERCIAL,FREE_MEDIUM_EFFORT,banking-rules-verified,banking-rules-verified,Yes,MEDIUM,LOW,LOW,HIGH,NOT_YET,11,10,NO,0,0,blocked,high,MISSING_DATA,,National banking regulators for account opening rules; bank fee comparison needs either manual capture or a comparison partner,
connectivity.country-sim-gap,connectivity,connectivity,"How the reader gets online in this country, when no Livdar eSIM page covers it yet",country,REJECT,OUT_OF_SCOPE_ESIM,MEASURED_EARLIER_IN_PROJECT,2739,249,0,0,,,,0,NOT_SAMPLED,UNKNOWN,OUT_OF_SCOPE,OUT_OF_SCOPE,N_A,connectivity-data-verified,connectivity-data-verified,N_A,MEDIUM,LOW,LOW,LOW,NOT_YET,11,10,NO,0,0,blocked,high,OUT_OF_SCOPE,As above,The eSIM section owns this,
relocation.country,move,relocation,What moving to this country from the reader country involves,country,MISSING_DATA,WEAK_DEMAND_THIN_SAMPLE,MEASURED_THIS_PASS,2739,249,1,1,30,30,0,0,NOT_SAMPLED,UNKNOWN,MISSING_ACQUIRABLE,GOVERNMENT,FREE_HIGH_EFFORT_OR_PAID,visa-rules-verified; cost-of-living-verified,visa-rules-verified,Yes,MEDIUM,LOW,LOW,HIGH,NOT_YET,11,10,NO,0,0,blocked,high,MISSING_DATA,,"Destination government immigration pages, plus IATA Timatic for the commercial version. Government pages are free and citable; Timatic is a paid feed",
taxes.country,move,taxes,What the reader would pay in tax in this country and how it interacts with home,country,MISSING_DATA,INHERITED_WEAK_DEMAND,INHERITED_FROM_VERTICAL_SIBLING,2739,249,0,0,,,,0,NOT_SAMPLED,UNKNOWN,MISSING_ACQUIRABLE,GOVERNMENT_PLUS_OECD,FREE_HIGH_EFFORT,tax-rules-verified,tax-rules-verified,"Yes, derived figures",MEDIUM,LOW,LOW,HIGH,NOT_YET,11,10,NO,0,0,blocked,high,MISSING_DATA,,"OECD tax database is free and structured; national tax authorities publish rates and brackets. Open to read, not to redistribute whole, so derive rather than mirror",
visas.country-digital-nomad,move,visas,Whether this country has a remote work visa and whether the reader qualifies,country,MISSING_DATA,WEAK_DEMAND_THIN_SAMPLE,MEASURED_THIS_PASS,2739,249,2,2,20,20,0,0,NOT_SAMPLED,UNKNOWN,MISSING_ACQUIRABLE,GOVERNMENT,FREE_HIGH_EFFORT_OR_PAID,visa-rules-verified,visa-rules-verified,Yes,MEDIUM,LOW,LOW,HIGH,NOT_YET,11,10,NO,0,0,blocked,high,MISSING_DATA,,"Destination government immigration pages, plus IATA Timatic for the commercial version. Government pages are free and citable; Timatic is a paid feed",
cost-of-living.country-vs-market,move,cost-of-living,What this country costs compared with the reader own country,country,NOT_IMPLEMENTED,MODERATE_DEMAND,MEASURED_EARLIER_IN_PROJECT,2739,249,0,0,,,,0,NOT_SAMPLED,UNKNOWN,HELD,HELD,HELD,cost-of-living-verified,,Yes,MEDIUM,LOW,LOW,HIGH,NOT_YET,11,10,NO,0,0,source-ready,high,NOT_IMPLEMENTED,"The held country cost of living family measured 2,290 at its best; the origin market axis is arithmetic on top of it","Eurostat PPP and HICP plus World Bank price level, already in the repo",Source ready in the old map: country cost of living is held and the origin market axis is arithmetic. Never emitted
visas.country-work-permit,move,visas,How the reader gets the right to work in this country and who sponsors it,country,MISSING_DATA,INHERITED_MODERATE_DEMAND,INHERITED_FROM_VERTICAL_SIBLING,2739,249,0,0,,,,0,NOT_SAMPLED,UNKNOWN,MISSING_ACQUIRABLE,GOVERNMENT,FREE_HIGH_EFFORT_OR_PAID,visa-rules-verified; work-rules-verified,visa-rules-verified; work-rules-verified,Yes,MEDIUM,LOW,LOW,HIGH,NOT_YET,11,10,NO,0,0,blocked,high,MISSING_DATA,,"Destination government immigration pages, plus IATA Timatic for the commercial version. Government pages are free and citable; Timatic is a paid feed",
work.country-working,work,work,Whether the reader can work in this country and what it takes,country,MISSING_DATA,MODERATE_DEMAND,MEASURED_EARLIER_IN_PROJECT,2739,249,0,0,,,,0,NOT_SAMPLED,UNKNOWN,MISSING_ACQUIRABLE,GOVERNMENT,FREE_HIGH_EFFORT,work-rules-verified,work-rules-verified,"Yes, facts are not copyrightable",MEDIUM,LOW,LOW,HIGH,NOT_YET,11,10,YES,78,76,blocked,high,COVERED,"Working time and holiday count per country, measured in cohort 002, 76 valid candidates","Destination government publications on working hours, leave, notice and permits. EURES for the EU. Free to read, citable as fact","The new family is narrower: working time and public holiday count, not the whole work rules page the old family described"
visas.country-residency,move,visas,How the reader can get residency in this country,country,MISSING_DATA,WEAK_DEMAND_THIN_SAMPLE,MEASURED_THIS_PASS,2739,249,2,2,600,600,6,0,NOT_SAMPLED,UNKNOWN,MISSING_ACQUIRABLE,GOVERNMENT,FREE_HIGH_EFFORT_OR_PAID,visa-rules-verified,visa-rules-verified,Yes,MEDIUM,LOW,LOW,HIGH,NOT_YET,11,10,NO,0,0,blocked,high,MISSING_DATA,,"Destination government immigration pages, plus IATA Timatic for the commercial version. Government pages are free and citable; Timatic is a paid feed",
visas.country-visit,move,visas,Whether the reader needs a visa to visit this country and for how long,country,MISSING_DATA,STRONG_DEMAND_THIN_SAMPLE,MEASURED_THIS_PASS,2739,249,2,2,4500,4500,73,0,NOT_SAMPLED,UNKNOWN,MISSING_ACQUIRABLE,GOVERNMENT,FREE_HIGH_EFFORT_OR_PAID,visa-rules-verified,visa-rules-verified,Yes,MEDIUM,LOW,LOW,HIGH,NOT_YET,11,10,NO,0,0,blocked,high,MISSING_DATA,,"Destination government immigration pages, plus IATA Timatic for the commercial version. Government pages are free and citable; Timatic is a paid feed",
safety.country-advice,safety,safety,What the reader own government advises about this country,country,MISSING_DATA,INHERITED_MODERATE_DEMAND,INHERITED_FROM_VERTICAL_SIBLING,2739,249,0,0,,,,0,NOT_SAMPLED,UNKNOWN,MISSING_ACQUIRABLE,GOVERNMENT,FREE_LOW_EFFORT,travel-advice-verified,travel-advice-verified,Yes,MEDIUM,LOW,LOW,LOW,NOT_YET,11,10,NO,0,0,blocked,medium,MISSING_DATA,,"FCDO, US State Department, Auswaertiges Amt and equivalents publish structured travel advice; FCDO has a machine readable feed under the Open Government Licence",
cost-of-living.country,move,cost-of-living,"What daily life costs in this country, and how that compares with its neighbours",country,EXPERIMENT_ONLY,WEAK_DEMAND_THIN_SAMPLE,MEASURED_THIS_PASS,2490,226,2,2,250,250,9,0,NOT_SAMPLED,UNKNOWN,HELD,HELD,HELD,cost-of-living-verified,,Yes,MEDIUM,LOW,LOW,HIGH,NOT_YET,11,10,YES,995,995,eligible,high,COVERED,,"Eurostat PPP and HICP plus World Bank price level, already in the repo",
calendar.month,tools,tools,,month-year-market,VALIDATED,STRONG_DEMAND,MEASURED_EARLIER_IN_PROJECT,1980,180,0,0,,,,0,NOT_SAMPLED,UNKNOWN,HELD,HELD,HELD,,,Yes,LOW,LOW,LOW,HIGH,PUBLISHABLE_NOW,11,10,NO,0,0,new-in-27-family-pass,high,NEW_FAMILY,"Month pages measured alongside the calendar heads; calendrier 2026 627,451 and calendar 2026 611,880 are the parent terms",Data already in the repository,
pulse.named-holiday-date,pulse,events,,holiday-country,VALIDATED,STRONG_DEMAND,MEASURED_EARLIER_IN_PROJECT,1206,110,0,0,,,,0,NOT_SAMPLED,UNKNOWN,HELD,HELD,HELD,,,Yes,LOW,HIGH,LOW,MEDIUM,PUBLISHABLE_NOW,11,10,NO,0,0,new-in-27-family-pass,high,NEW_FAMILY,"Named holiday dates measured across the cohort 002 build, 792 valid candidates",Data already in the repository,
pulse.long-weekends,pulse,events,,country-year,VALIDATED,VALIDATED_DEMAND,MEASURED_THIS_PASS,858,78,6,6,19000,22000,0,0,NOT_SAMPLED,UNKNOWN,HELD,HELD,HELD,,,Yes,LOW,LOW,LOW,MEDIUM,PUBLISHABLE_NOW,11,10,NO,0,0,new-in-27-family-pass,high,NEW_FAMILY,,Data already in the repository,
pulse.subdivision-holidays,pulse,events,,subdivision,VALIDATED,VALIDATED_DEMAND,MEASURED_EARLIER_IN_PROJECT,759,69,0,0,,,,0,NOT_SAMPLED,UNKNOWN,HELD,HELD,HELD,,,Yes,LOW,LOW,LOW,MEDIUM,PUBLISHABLE_NOW,11,10,NO,0,0,new-in-27-family-pass,high,NEW_FAMILY,"feiertage bayern 2026 24,385 at KD 2, niedersachsen 11,934, sachsen 11,065, berlin 10,012, hessen 8,626, all KD 0 to 2. SERP validated in 5 markets",Data already in the repository,
pulse.school-holidays,pulse,events,,subdivision-year,MISSING_DATA,STRONG_DEMAND_THIN_SAMPLE,MEASURED_THIS_PASS,759,69,2,1,30000,30000,20,0,NOT_SAMPLED,UNKNOWN,MISSING_ACQUIRABLE,GOVERNMENT_PLUS_OPEN,FREE_MEDIUM_EFFORT,,school-data-verified,Yes,LOW,LOW,LOW,MEDIUM,NOT_YET,11,10,NO,0,0,new-in-27-family-pass,high,NEW_FAMILY,,"National school and university registers (UK Get Information About Schools is a free bulk download, Germany per Land, Italy MIUR). For international schools, the accrediting bodies publish member lists. OSM amenity=school for location",
destinations.country-hub,areas,destinations,What is this country and which of its cities and airports matter,country,NOT_IMPLEMENTED,INHERITED_VALIDATED_DEMAND,INHERITED_FROM_VERTICAL_SIBLING,498,45,0,0,,,,0,NOT_SAMPLED,UNKNOWN,HELD,HELD,HELD,geonames-cities; ourairports,,Yes,LOW,LOW,LOW,MEDIUM,NOT_YET,11,10,NO,0,0,source-ready,low,NOT_IMPLEMENTED,,Data already in the repository,Source ready in the old map and never emitted
pulse.country-holidays,pulse,events,,country,VALIDATED,VALIDATED_DEMAND,MEASURED_THIS_PASS,396,36,8,6,19000,705000,1,0,NOT_SAMPLED,UNKNOWN,HELD,HELD,HELD,,,Yes,LOW,LOW,LOW,MEDIUM,PUBLISHABLE_NOW,11,10,NO,0,0,new-in-27-family-pass,high,NEW_FAMILY,,Data already in the repository,
calendar.year,tools,tools,,year-market,VALIDATED,VALIDATED_DEMAND,MEASURED_THIS_PASS,275,25,7,6,237000,766000,0,0,NOT_SAMPLED,UNKNOWN,HELD,HELD,HELD,,,Yes,LOW,LOW,LOW,HIGH,PUBLISHABLE_NOW,11,10,NO,0,0,new-in-27-family-pass,high,NEW_FAMILY,,Data already in the repository,
pulse.named-holiday-regions,pulse,events,,holiday,EXPERIMENT_ONLY,MODERATE_DEMAND,MEASURED_EARLIER_IN_PROJECT,161,15,0,0,,,,0,NOT_SAMPLED,UNKNOWN,HELD,HELD,HELD,,,Yes,LOW,HIGH,LOW,MEDIUM,NOT_YET,11,10,NO,0,0,new-in-27-family-pass,high,NEW_FAMILY,"Regional observance measured in the cohort 002 build, 160 valid candidates",Data already in the repository,
tools.calculator,tools,tools,Answer one money question with the reader own numbers,tool:global,VALIDATED,VALIDATED_DEMAND,MEASURED_THIS_PASS,80,7,8,6,64000,217000,4,0,NOT_SAMPLED,UNKNOWN,HELD,HELD,HELD,cost-of-living-verified,,Yes,LOW,LOW,LOW,HIGH,PUBLISHABLE_NOW,11,10,YES,70,70,eligible,high,COVERED,,"Eurostat PPP and HICP plus World Bank price level, already in the repo",
rankings.index,tools,rankings,"Which places rank highest or lowest on one measure, ordered and dated",ranking:list,NOT_IMPLEMENTED,STRONG_DEMAND,MEASURED_EARLIER_IN_PROJECT,80,7,0,0,,,,0,NOT_SAMPLED,UNKNOWN,HELD,HELD,HELD,cost-of-living-verified,,Yes,LOW,LOW,LOW,HIGH,NOT_YET,11,10,NO,0,0,source-ready,high,NOT_IMPLEMENTED,Four ranking pages are live and their keywords were measured in cohort 001: cheapest countries in europe and siblings,"Eurostat PPP and HICP plus World Bank price level, already in the repo","Source ready in the old map, 24 eligible pages, and 4 ranking pages are live today. The new generator has no rankings family"
pulse.today,pulse,events,,country-day,VALIDATED,VALIDATED_DEMAND,MEASURED_EARLIER_IN_PROJECT,55,5,0,0,,,,0,NOT_SAMPLED,UNKNOWN,HELD,HELD,HELD,,,Yes,LOW,HIGH,LOW,MEDIUM,PUBLISHABLE_NOW,11,10,NO,0,0,new-in-27-family-pass,high,NEW_FAMILY,"is today a holiday 137,005 in us, measured in the candidate inventory",Data already in the repository,
calendar.week-numbers,tools,tools,,year-market,VALIDATED,STRONG_DEMAND,MEASURED_THIS_PASS,55,5,5,5,1800,7900,0,0,NOT_SAMPLED,UNKNOWN,HELD,HELD,HELD,,,Yes,LOW,LOW,LOW,HIGH,PUBLISHABLE_NOW,11,10,NO,0,0,new-in-27-family-pass,high,NEW_FAMILY,,Data already in the repository,
tools.matcher,tools,tools,Turn what the reader wants into a shortlist of places,tool:global,VALIDATED,VALIDATED_DEMAND,MEASURED_EARLIER_IN_PROJECT,30,3,0,0,,,,0,NOT_SAMPLED,UNKNOWN,HELD,HELD,HELD,cost-of-living-verified,,Yes,LOW,LOW,LOW,HIGH,PUBLISHABLE_NOW,11,10,YES,70,70,eligible,high,PARTIAL,"Measured with the tools family: salary calculator 143,332, rent affordability calculator 3,055 at KD 0, moving cost calculator 2,408 with a 500 cent CPC","Eurostat PPP and HICP plus World Bank price level, already in the repo",Folded into the single tools family in the new pass
tools.cost-calculator,tools,tools,What a given salary or budget is worth in another place,tool:global,VALIDATED,VALIDATED_DEMAND,MEASURED_EARLIER_IN_PROJECT,10,1,0,0,,,,0,NOT_SAMPLED,UNKNOWN,HELD,HELD,HELD,cost-of-living-verified,,Yes,LOW,LOW,LOW,HIGH,PUBLISHABLE_NOW,11,10,YES,70,70,source-ready,high,PARTIAL,Same tools measurement set,"Eurostat PPP and HICP plus World Bank price level, already in the repo",Folded into the single tools family
tools.cost-comparison,tools,tools,"Compare what two places cost, side by side, with the reader own numbers",tool:global,VALIDATED,VALIDATED_DEMAND,MEASURED_EARLIER_IN_PROJECT,10,1,0,0,,,,0,NOT_SAMPLED,UNKNOWN,HELD,HELD,HELD,cost-of-living-verified,,Yes,LOW,LOW,LOW,HIGH,PUBLISHABLE_NOW,11,10,YES,70,70,source-ready,high,PARTIAL,Same tools measurement set,"Eurostat PPP and HICP plus World Bank price level, already in the repo",Folded into the single tools family
stay.near-venue,stay,stay,"Where to stay near one venue, for people going to something there",venue:major,BLOCKED_BY_LICENCE,INHERITED_VALIDATED_DEMAND,INHERITED_FROM_VERTICAL_SIBLING,0,0,0,0,,,,0,NOT_SAMPLED,UNKNOWN,HELD_PARTIAL,OPEN_DATA_CC0,FREE_LOW_EFFORT,venue-data-verified; stay-inventory-verified,venue-data-verified; stay-inventory-verified,Yes,LOW,LOW,LOW,HIGH,NOT_YET,11,10,NO,0,0,blocked,high,BLOCKED_BY_LICENCE,,"Wikidata, already held: 9,438 venues across 16 countries, CC0. Extend with OSM leisure=* and the venue official sites for capacity",
events.recurring,pulse,events,"One named event that comes back every year, with this year dates and what to know",event-series,BLOCKED_BY_LICENCE,VALIDATED_DEMAND,MEASURED_THIS_PASS,0,0,6,3,46000,464000,0,0,NOT_SAMPLED,UNKNOWN,HELD,AFFILIATE_OR_PARTNER_FEED,MIXED_FREE_TO_REVENUE_SHARE,events-verified,events-verified,Affiliate feeds usually forbid caching beyond a short TTL and require the live link; city open data can be stored freely,LOW,LOW,LOW,MEDIUM,NOT_YET,11,10,NO,0,0,blocked,high,BLOCKED_BY_LICENCE,,"No open aggregate exists and scraping the listings sites is excluded. The lawful routes are: ticketing affiliate feeds (Ticketmaster and Eventbrite both run affiliate APIs whose terms permit displaying their inventory with a tracked link, which is different from scraping), city open data portals that publish official event calendars (Milan, Barcelona, Amsterdam, Berlin and Paris all do, under open licences), and venue level official calendars. Sports fixtures are separately available: football fixture lists are facts and several leagues publish them, and F1, Premier League and marathon calendars are published officially",
sport.route,sport,sport,"One named route or spot, for people who already know its name",route:named,NOT_IMPLEMENTED,WEAK_DEMAND,MEASURED_THIS_PASS,0,0,8,5,70,400,0,0,NOT_SAMPLED,UNKNOWN,ACQUIRABLE_WITH_EFFORT,OPEN_DATA_ODBL,LOW_COST_MEDIUM_EFFORT,sport-routes-verified,sport-routes-verified,Yes,LOW,LOW,LOW,LOW,NOT_YET,11,10,NO,0,0,blocked,medium,NOT_IMPLEMENTED,,"OpenStreetMap route relations (route=hiking, route=bicycle) via the same Overpass or Geofabrik path, plus NASA POWER for seasonality. Free",
places.poi,areas,places,"One place, when that place is searched for by name",poi:gated,NOT_IMPLEMENTED,INHERITED_VALIDATED_DEMAND,INHERITED_FROM_VERTICAL_SIBLING,0,0,0,0,,,,0,NOT_SAMPLED,UNKNOWN,ACQUIRABLE_WITH_EFFORT,OPEN_DATA_ODBL,LOW_COST_HIGH_EFFORT,places-data-verified,places-data-verified,"Yes, counts and categories are facts; pages are indexable and the data may be stored",LOW,LOW,LOW,MEDIUM,NOT_YET,11,10,NO,0,0,blocked,medium,NOT_IMPLEMENTED,,"OpenStreetMap. Self host Overpass from a Geofabrik .osm.pbf extract, or pace Overpass runs over hours. The repo already holds a PARTIAL capture (13 of 44 cities) stopped by the public instance rate limiter, not by licence. Free. ODbL needs attribution and share alike on a derived database",
