family_id,surface,vertical,market,country,distinct_local_demand,local_keyword_measured,measured_n,median_volume,max_volume,median_kd,demand_tier,unique_data_need,separate_serp_intent,serp_verdict
taxes.country-remote-work,move,taxes,en-US,us,UNKNOWN,NO,0,,,,UNMEASURED,UNKNOWN,UNKNOWN,
taxes.country-remote-work,move,taxes,en-GB,gb,UNKNOWN,NO,0,,,,UNMEASURED,UNKNOWN,UNKNOWN,
taxes.country-remote-work,move,taxes,de-DE,de,UNKNOWN,NO,0,,,,UNMEASURED,UNKNOWN,UNKNOWN,
taxes.country-remote-work,move,taxes,fr-FR,fr,NO,YES,1,0,0,0,NEGLIGIBLE_DEMAND,YES,LIKELY,
taxes.country-remote-work,move,taxes,es-ES,es,UNKNOWN,NO,0,,,,UNMEASURED,UNKNOWN,UNKNOWN,
taxes.country-remote-work,move,taxes,it-IT,it,UNKNOWN,NO,0,,,,UNMEASURED,UNKNOWN,UNKNOWN,
taxes.country-remote-work,move,taxes,nl-NL,nl,UNKNOWN,NO,0,,,,UNMEASURED,UNKNOWN,UNKNOWN,
taxes.country-remote-work,move,taxes,pl-PL,pl,UNKNOWN,NO,0,,,,UNMEASURED,UNKNOWN,UNKNOWN,
taxes.country-remote-work,move,taxes,ja-JP,jp,UNKNOWN,NO,0,,,,UNMEASURED,UNKNOWN,UNKNOWN,
taxes.country-remote-work,move,taxes,zh-Hant-TW,tw,UNKNOWN,NO,0,,,,UNMEASURED,UNKNOWN,UNKNOWN,
taxes.country-remote-work,move,taxes,pt-BR,br,UNKNOWN,NO,0,,,,UNMEASURED,UNKNOWN,UNKNOWN,
health.country,move,health,en-US,us,UNKNOWN,NO,0,,,,UNMEASURED,UNKNOWN,UNKNOWN,
health.country,move,health,en-GB,gb,YES,YES,1,3100,3100,9,STRONG_DEMAND,YES,LIKELY,
health.country,move,health,de-DE,de,UNKNOWN,NO,0,,,,UNMEASURED,UNKNOWN,UNKNOWN,
health.country,move,health,fr-FR,fr,NO,YES,1,0,0,0,NEGLIGIBLE_DEMAND,YES,LIKELY,
health.country,move,health,es-ES,es,UNKNOWN,NO,0,,,,UNMEASURED,UNKNOWN,UNKNOWN,
health.country,move,health,it-IT,it,UNKNOWN,NO,0,,,,UNMEASURED,UNKNOWN,UNKNOWN,
health.country,move,health,nl-NL,nl,UNKNOWN,NO,0,,,,UNMEASURED,UNKNOWN,UNKNOWN,
health.country,move,health,pl-PL,pl,UNKNOWN,NO,0,,,,UNMEASURED,UNKNOWN,UNKNOWN,
health.country,move,health,ja-JP,jp,UNKNOWN,NO,0,,,,UNMEASURED,UNKNOWN,UNKNOWN,
health.country,move,health,zh-Hant-TW,tw,UNKNOWN,NO,0,,,,UNMEASURED,UNKNOWN,UNKNOWN,
health.country,move,health,pt-BR,br,UNKNOWN,NO,0,,,,UNMEASURED,UNKNOWN,UNKNOWN,
tools.calculator,tools,tools,en-US,us,UNKNOWN,NO,0,,,,UNMEASURED,UNKNOWN,UNKNOWN,
tools.calculator,tools,tools,en-GB,gb,YES,YES,2,217000,217000,68,VALIDATED_DEMAND,YES,LIKELY,
tools.calculator,tools,tools,de-DE,de,UNKNOWN,NO,0,,,,UNMEASURED,UNKNOWN,UNKNOWN,
tools.calculator,tools,tools,fr-FR,fr,UNKNOWN,NO,0,,,,UNMEASURED,UNKNOWN,UNKNOWN,
tools.calculator,tools,tools,es-ES,es,YES,YES,1,91000,91000,0,VALIDATED_DEMAND,YES,LIKELY,
tools.calculator,tools,tools,it-IT,it,YES,YES,1,42000,42000,12,VALIDATED_DEMAND,YES,LIKELY,
tools.calculator,tools,tools,nl-NL,nl,UNKNOWN,NO,0,,,,UNMEASURED,UNKNOWN,UNKNOWN,
tools.calculator,tools,tools,pl-PL,pl,UNKNOWN,NO,0,,,,UNMEASURED,UNKNOWN,UNKNOWN,
tools.calculator,tools,tools,ja-JP,jp,YES,YES,2,12000,12000,6,VALIDATED_DEMAND,YES,LIKELY,
tools.calculator,tools,tools,zh-Hant-TW,tw,YES,YES,1,900,900,4,MODERATE_DEMAND,YES,LIKELY,
tools.calculator,tools,tools,pt-BR,br,YES,YES,1,64000,64000,3,VALIDATED_DEMAND,YES,LIKELY,
banking.country,move,banking,en-US,us,NO,YES,1,10,10,0,NEGLIGIBLE_DEMAND,YES,LIKELY,
banking.country,move,banking,en-GB,gb,YES,YES,1,200,200,54,WEAK_DEMAND,YES,LIKELY,
banking.country,move,banking,de-DE,de,NO,YES,1,30,30,0,NEGLIGIBLE_DEMAND,YES,LIKELY,
banking.country,move,banking,fr-FR,fr,NO,YES,1,30,30,0,NEGLIGIBLE_DEMAND,YES,LIKELY,
banking.country,move,banking,es-ES,es,UNKNOWN,NO,0,,,,UNMEASURED,UNKNOWN,UNKNOWN,
banking.country,move,banking,it-IT,it,NO,YES,1,0,0,0,NEGLIGIBLE_DEMAND,YES,LIKELY,
banking.country,move,banking,nl-NL,nl,YES,YES,1,150,150,71,WEAK_DEMAND,YES,LIKELY,
banking.country,move,banking,pl-PL,pl,YES,YES,1,90,90,0,WEAK_DEMAND,YES,LIKELY,
banking.country,move,banking,ja-JP,jp,UNKNOWN,NO,0,,,,UNMEASURED,UNKNOWN,UNKNOWN,
banking.country,move,banking,zh-Hant-TW,tw,UNKNOWN,NO,0,,,,UNMEASURED,UNKNOWN,UNKNOWN,
banking.country,move,banking,pt-BR,br,UNKNOWN,NO,0,,,,UNMEASURED,UNKNOWN,UNKNOWN,
connectivity.country-sim-gap,connectivity,connectivity,en-US,us,UNKNOWN,NO,0,,,,UNMEASURED,UNKNOWN,UNKNOWN,
connectivity.country-sim-gap,connectivity,connectivity,en-GB,gb,UNKNOWN,NO,0,,,,UNMEASURED,UNKNOWN,UNKNOWN,
connectivity.country-sim-gap,connectivity,connectivity,de-DE,de,UNKNOWN,NO,0,,,,UNMEASURED,UNKNOWN,UNKNOWN,
connectivity.country-sim-gap,connectivity,connectivity,fr-FR,fr,UNKNOWN,NO,0,,,,UNMEASURED,UNKNOWN,UNKNOWN,
connectivity.country-sim-gap,connectivity,connectivity,es-ES,es,UNKNOWN,NO,0,,,,UNMEASURED,UNKNOWN,UNKNOWN,
connectivity.country-sim-gap,connectivity,connectivity,it-IT,it,UNKNOWN,NO,0,,,,UNMEASURED,UNKNOWN,UNKNOWN,
connectivity.country-sim-gap,connectivity,connectivity,nl-NL,nl,UNKNOWN,NO,0,,,,UNMEASURED,UNKNOWN,UNKNOWN,
connectivity.country-sim-gap,connectivity,connectivity,pl-PL,pl,UNKNOWN,NO,0,,,,UNMEASURED,UNKNOWN,UNKNOWN,
connectivity.country-sim-gap,connectivity,connectivity,ja-JP,jp,UNKNOWN,NO,0,,,,UNMEASURED,UNKNOWN,UNKNOWN,
connectivity.country-sim-gap,connectivity,connectivity,zh-Hant-TW,tw,UNKNOWN,NO,0,,,,UNMEASURED,UNKNOWN,UNKNOWN,
connectivity.country-sim-gap,connectivity,connectivity,pt-BR,br,UNKNOWN,NO,0,,,,UNMEASURED,UNKNOWN,UNKNOWN,
tools.cost-calculator,tools,tools,en-US,us,UNKNOWN,NO,0,,,,UNMEASURED,UNKNOWN,UNKNOWN,
tools.cost-calculator,tools,tools,en-GB,gb,UNKNOWN,NO,0,,,,UNMEASURED,UNKNOWN,UNKNOWN,
tools.cost-calculator,tools,tools,de-DE,de,UNKNOWN,NO,0,,,,UNMEASURED,UNKNOWN,UNKNOWN,
tools.cost-calculator,tools,tools,fr-FR,fr,UNKNOWN,NO,0,,,,UNMEASURED,UNKNOWN,UNKNOWN,
tools.cost-calculator,tools,tools,es-ES,es,UNKNOWN,NO,0,,,,UNMEASURED,UNKNOWN,UNKNOWN,
tools.cost-calculator,tools,tools,it-IT,it,UNKNOWN,NO,0,,,,UNMEASURED,UNKNOWN,UNKNOWN,
tools.cost-calculator,tools,tools,nl-NL,nl,UNKNOWN,NO,0,,,,UNMEASURED,UNKNOWN,UNKNOWN,
tools.cost-calculator,tools,tools,pl-PL,pl,UNKNOWN,NO,0,,,,UNMEASURED,UNKNOWN,UNKNOWN,
tools.cost-calculator,tools,tools,ja-JP,jp,UNKNOWN,NO,0,,,,UNMEASURED,UNKNOWN,UNKNOWN,
tools.cost-calculator,tools,tools,zh-Hant-TW,tw,UNKNOWN,NO,0,,,,UNMEASURED,UNKNOWN,UNKNOWN,
tools.cost-calculator,tools,tools,pt-BR,br,UNKNOWN,NO,0,,,,UNMEASURED,UNKNOWN,UNKNOWN,
relocation.country,move,relocation,en-US,us,UNKNOWN,NO,0,,,,UNMEASURED,UNKNOWN,UNKNOWN,
relocation.country,move,relocation,en-GB,gb,UNKNOWN,NO,0,,,,UNMEASURED,UNKNOWN,UNKNOWN,
relocation.country,move,relocation,de-DE,de,NO,YES,1,40,40,2,NEGLIGIBLE_DEMAND,YES,LIKELY,
relocation.country,move,relocation,fr-FR,fr,YES,YES,1,70,70,1,WEAK_DEMAND,YES,LIKELY,
relocation.country,move,relocation,es-ES,es,UNKNOWN,NO,0,,,,UNMEASURED,UNKNOWN,UNKNOWN,
relocation.country,move,relocation,it-IT,it,NO,YES,1,30,30,0,NEGLIGIBLE_DEMAND,YES,LIKELY,
relocation.country,move,relocation,nl-NL,nl,YES,YES,1,100,100,3,WEAK_DEMAND,YES,LIKELY,
relocation.country,move,relocation,pl-PL,pl,YES,YES,1,70,70,0,WEAK_DEMAND,YES,LIKELY,
relocation.country,move,relocation,ja-JP,jp,UNKNOWN,NO,0,,,,UNMEASURED,UNKNOWN,UNKNOWN,
relocation.country,move,relocation,zh-Hant-TW,tw,UNKNOWN,NO,0,,,,UNMEASURED,UNKNOWN,UNKNOWN,
relocation.country,move,relocation,pt-BR,br,UNKNOWN,NO,0,,,,UNMEASURED,UNKNOWN,UNKNOWN,
taxes.country,move,taxes,en-US,us,UNKNOWN,NO,0,,,,UNMEASURED,UNKNOWN,UNKNOWN,
taxes.country,move,taxes,en-GB,gb,UNKNOWN,NO,0,,,,UNMEASURED,UNKNOWN,UNKNOWN,
taxes.country,move,taxes,de-DE,de,UNKNOWN,NO,0,,,,UNMEASURED,UNKNOWN,UNKNOWN,
taxes.country,move,taxes,fr-FR,fr,UNKNOWN,NO,0,,,,UNMEASURED,UNKNOWN,UNKNOWN,
taxes.country,move,taxes,es-ES,es,UNKNOWN,NO,0,,,,UNMEASURED,UNKNOWN,UNKNOWN,
taxes.country,move,taxes,it-IT,it,UNKNOWN,NO,0,,,,UNMEASURED,UNKNOWN,UNKNOWN,
taxes.country,move,taxes,nl-NL,nl,UNKNOWN,NO,0,,,,UNMEASURED,UNKNOWN,UNKNOWN,
taxes.country,move,taxes,pl-PL,pl,UNKNOWN,NO,0,,,,UNMEASURED,UNKNOWN,UNKNOWN,
taxes.country,move,taxes,ja-JP,jp,UNKNOWN,NO,0,,,,UNMEASURED,UNKNOWN,UNKNOWN,
taxes.country,move,taxes,zh-Hant-TW,tw,UNKNOWN,NO,0,,,,UNMEASURED,UNKNOWN,UNKNOWN,
taxes.country,move,taxes,pt-BR,br,UNKNOWN,NO,0,,,,UNMEASURED,UNKNOWN,UNKNOWN,
relocation.city,move,relocation,en-US,us,YES,YES,1,900,900,0,MODERATE_DEMAND,YES,LIKELY,
relocation.city,move,relocation,en-GB,gb,YES,YES,1,400,400,0,MODERATE_DEMAND,YES,LIKELY,
relocation.city,move,relocation,de-DE,de,UNKNOWN,NO,0,,,,UNMEASURED,UNKNOWN,UNKNOWN,
relocation.city,move,relocation,fr-FR,fr,UNKNOWN,NO,0,,,,UNMEASURED,UNKNOWN,UNKNOWN,
relocation.city,move,relocation,es-ES,es,UNKNOWN,NO,0,,,,UNMEASURED,UNKNOWN,UNKNOWN,
relocation.city,move,relocation,it-IT,it,UNKNOWN,NO,0,,,,UNMEASURED,UNKNOWN,UNKNOWN,
relocation.city,move,relocation,nl-NL,nl,UNKNOWN,NO,0,,,,UNMEASURED,UNKNOWN,UNKNOWN,
relocation.city,move,relocation,pl-PL,pl,UNKNOWN,NO,0,,,,UNMEASURED,UNKNOWN,UNKNOWN,
relocation.city,move,relocation,ja-JP,jp,UNKNOWN,NO,0,,,,UNMEASURED,UNKNOWN,UNKNOWN,
relocation.city,move,relocation,zh-Hant-TW,tw,UNKNOWN,NO,0,,,,UNMEASURED,UNKNOWN,UNKNOWN,
relocation.city,move,relocation,pt-BR,br,UNKNOWN,NO,0,,,,UNMEASURED,UNKNOWN,UNKNOWN,
stay.near-venue,stay,stay,en-US,us,UNKNOWN,NO,0,,,,UNMEASURED,UNKNOWN,UNKNOWN,
stay.near-venue,stay,stay,en-GB,gb,UNKNOWN,NO,0,,,,UNMEASURED,UNKNOWN,UNKNOWN,
stay.near-venue,stay,stay,de-DE,de,UNKNOWN,NO,0,,,,UNMEASURED,UNKNOWN,UNKNOWN,
stay.near-venue,stay,stay,fr-FR,fr,UNKNOWN,NO,0,,,,UNMEASURED,UNKNOWN,UNKNOWN,
stay.near-venue,stay,stay,es-ES,es,UNKNOWN,NO,0,,,,UNMEASURED,UNKNOWN,UNKNOWN,
stay.near-venue,stay,stay,it-IT,it,UNKNOWN,NO,0,,,,UNMEASURED,UNKNOWN,UNKNOWN,
stay.near-venue,stay,stay,nl-NL,nl,UNKNOWN,NO,0,,,,UNMEASURED,UNKNOWN,UNKNOWN,
stay.near-venue,stay,stay,pl-PL,pl,UNKNOWN,NO,0,,,,UNMEASURED,UNKNOWN,UNKNOWN,
stay.near-venue,stay,stay,ja-JP,jp,UNKNOWN,NO,0,,,,UNMEASURED,UNKNOWN,UNKNOWN,
stay.near-venue,stay,stay,zh-Hant-TW,tw,UNKNOWN,NO,0,,,,UNMEASURED,UNKNOWN,UNKNOWN,
stay.near-venue,stay,stay,pt-BR,br,UNKNOWN,NO,0,,,,UNMEASURED,UNKNOWN,UNKNOWN,
tools.cost-comparison,tools,tools,en-US,us,UNKNOWN,NO,0,,,,UNMEASURED,UNKNOWN,UNKNOWN,
tools.cost-comparison,tools,tools,en-GB,gb,UNKNOWN,NO,0,,,,UNMEASURED,UNKNOWN,UNKNOWN,
tools.cost-comparison,tools,tools,de-DE,de,UNKNOWN,NO,0,,,,UNMEASURED,UNKNOWN,UNKNOWN,
tools.cost-comparison,tools,tools,fr-FR,fr,UNKNOWN,NO,0,,,,UNMEASURED,UNKNOWN,UNKNOWN,
tools.cost-comparison,tools,tools,es-ES,es,UNKNOWN,NO,0,,,,UNMEASURED,UNKNOWN,UNKNOWN,
tools.cost-comparison,tools,tools,it-IT,it,UNKNOWN,NO,0,,,,UNMEASURED,UNKNOWN,UNKNOWN,
tools.cost-comparison,tools,tools,nl-NL,nl,UNKNOWN,NO,0,,,,UNMEASURED,UNKNOWN,UNKNOWN,
tools.cost-comparison,tools,tools,pl-PL,pl,UNKNOWN,NO,0,,,,UNMEASURED,UNKNOWN,UNKNOWN,
tools.cost-comparison,tools,tools,ja-JP,jp,UNKNOWN,NO,0,,,,UNMEASURED,UNKNOWN,UNKNOWN,
tools.cost-comparison,tools,tools,zh-Hant-TW,tw,UNKNOWN,NO,0,,,,UNMEASURED,UNKNOWN,UNKNOWN,
tools.cost-comparison,tools,tools,pt-BR,br,UNKNOWN,NO,0,,,,UNMEASURED,UNKNOWN,UNKNOWN,
visas.country-digital-nomad,move,visas,en-US,us,UNKNOWN,NO,0,,,,UNMEASURED,UNKNOWN,UNKNOWN,
visas.country-digital-nomad,move,visas,en-GB,gb,UNKNOWN,NO,0,,,,UNMEASURED,UNKNOWN,UNKNOWN,
visas.country-digital-nomad,move,visas,de-DE,de,UNKNOWN,NO,0,,,,UNMEASURED,UNKNOWN,UNKNOWN,
visas.country-digital-nomad,move,visas,fr-FR,fr,UNKNOWN,NO,0,,,,UNMEASURED,UNKNOWN,UNKNOWN,
visas.country-digital-nomad,move,visas,es-ES,es,UNKNOWN,NO,0,,,,UNMEASURED,UNKNOWN,UNKNOWN,
visas.country-digital-nomad,move,visas,it-IT,it,NO,YES,1,20,20,0,NEGLIGIBLE_DEMAND,YES,LIKELY,
visas.country-digital-nomad,move,visas,nl-NL,nl,UNKNOWN,NO,0,,,,UNMEASURED,UNKNOWN,UNKNOWN,
visas.country-digital-nomad,move,visas,pl-PL,pl,UNKNOWN,NO,0,,,,UNMEASURED,UNKNOWN,UNKNOWN,
visas.country-digital-nomad,move,visas,ja-JP,jp,UNKNOWN,NO,0,,,,UNMEASURED,UNKNOWN,UNKNOWN,
visas.country-digital-nomad,move,visas,zh-Hant-TW,tw,UNKNOWN,NO,0,,,,UNMEASURED,UNKNOWN,UNKNOWN,
visas.country-digital-nomad,move,visas,pt-BR,br,NO,YES,1,20,20,0,NEGLIGIBLE_DEMAND,YES,LIKELY,
cost-of-living.country-vs-market,move,cost-of-living,en-US,us,UNKNOWN,NO,0,,,,UNMEASURED,UNKNOWN,UNKNOWN,
cost-of-living.country-vs-market,move,cost-of-living,en-GB,gb,UNKNOWN,NO,0,,,,UNMEASURED,UNKNOWN,UNKNOWN,
cost-of-living.country-vs-market,move,cost-of-living,de-DE,de,UNKNOWN,NO,0,,,,UNMEASURED,UNKNOWN,UNKNOWN,
cost-of-living.country-vs-market,move,cost-of-living,fr-FR,fr,UNKNOWN,NO,0,,,,UNMEASURED,UNKNOWN,UNKNOWN,
cost-of-living.country-vs-market,move,cost-of-living,es-ES,es,UNKNOWN,NO,0,,,,UNMEASURED,UNKNOWN,UNKNOWN,
cost-of-living.country-vs-market,move,cost-of-living,it-IT,it,UNKNOWN,NO,0,,,,UNMEASURED,UNKNOWN,UNKNOWN,
cost-of-living.country-vs-market,move,cost-of-living,nl-NL,nl,UNKNOWN,NO,0,,,,UNMEASURED,UNKNOWN,UNKNOWN,
cost-of-living.country-vs-market,move,cost-of-living,pl-PL,pl,UNKNOWN,NO,0,,,,UNMEASURED,UNKNOWN,UNKNOWN,
cost-of-living.country-vs-market,move,cost-of-living,ja-JP,jp,UNKNOWN,NO,0,,,,UNMEASURED,UNKNOWN,UNKNOWN,
cost-of-living.country-vs-market,move,cost-of-living,zh-Hant-TW,tw,UNKNOWN,NO,0,,,,UNMEASURED,UNKNOWN,UNKNOWN,
cost-of-living.country-vs-market,move,cost-of-living,pt-BR,br,UNKNOWN,NO,0,,,,UNMEASURED,UNKNOWN,UNKNOWN,
comparisons.city-vs-home,tools,comparisons,en-US,us,UNKNOWN,NO,0,,,,UNMEASURED,UNKNOWN,UNKNOWN,
comparisons.city-vs-home,tools,comparisons,en-GB,gb,UNKNOWN,NO,0,,,,UNMEASURED,UNKNOWN,UNKNOWN,
comparisons.city-vs-home,tools,comparisons,de-DE,de,UNKNOWN,NO,0,,,,UNMEASURED,UNKNOWN,UNKNOWN,
comparisons.city-vs-home,tools,comparisons,fr-FR,fr,UNKNOWN,NO,0,,,,UNMEASURED,UNKNOWN,UNKNOWN,
comparisons.city-vs-home,tools,comparisons,es-ES,es,UNKNOWN,NO,0,,,,UNMEASURED,UNKNOWN,UNKNOWN,
comparisons.city-vs-home,tools,comparisons,it-IT,it,UNKNOWN,NO,0,,,,UNMEASURED,UNKNOWN,UNKNOWN,
comparisons.city-vs-home,tools,comparisons,nl-NL,nl,UNKNOWN,NO,0,,,,UNMEASURED,UNKNOWN,UNKNOWN,
comparisons.city-vs-home,tools,comparisons,pl-PL,pl,UNKNOWN,NO,0,,,,UNMEASURED,UNKNOWN,UNKNOWN,
comparisons.city-vs-home,tools,comparisons,ja-JP,jp,UNKNOWN,NO,0,,,,UNMEASURED,UNKNOWN,UNKNOWN,
comparisons.city-vs-home,tools,comparisons,zh-Hant-TW,tw,UNKNOWN,NO,0,,,,UNMEASURED,UNKNOWN,UNKNOWN,
comparisons.city-vs-home,tools,comparisons,pt-BR,br,UNKNOWN,NO,0,,,,UNMEASURED,UNKNOWN,UNKNOWN,
cost-of-living.city-vs-market,move,cost-of-living,en-US,us,UNKNOWN,NO,0,,,,UNMEASURED,UNKNOWN,UNKNOWN,
cost-of-living.city-vs-market,move,cost-of-living,en-GB,gb,UNKNOWN,NO,0,,,,UNMEASURED,UNKNOWN,UNKNOWN,
cost-of-living.city-vs-market,move,cost-of-living,de-DE,de,UNKNOWN,NO,0,,,,UNMEASURED,UNKNOWN,UNKNOWN,
cost-of-living.city-vs-market,move,cost-of-living,fr-FR,fr,UNKNOWN,NO,0,,,,UNMEASURED,UNKNOWN,UNKNOWN,
cost-of-living.city-vs-market,move,cost-of-living,es-ES,es,UNKNOWN,NO,0,,,,UNMEASURED,UNKNOWN,UNKNOWN,
cost-of-living.city-vs-market,move,cost-of-living,it-IT,it,UNKNOWN,NO,0,,,,UNMEASURED,UNKNOWN,UNKNOWN,
cost-of-living.city-vs-market,move,cost-of-living,nl-NL,nl,UNKNOWN,NO,0,,,,UNMEASURED,UNKNOWN,UNKNOWN,
cost-of-living.city-vs-market,move,cost-of-living,pl-PL,pl,UNKNOWN,NO,0,,,,UNMEASURED,UNKNOWN,UNKNOWN,
cost-of-living.city-vs-market,move,cost-of-living,ja-JP,jp,UNKNOWN,NO,0,,,,UNMEASURED,UNKNOWN,UNKNOWN,
cost-of-living.city-vs-market,move,cost-of-living,zh-Hant-TW,tw,UNKNOWN,NO,0,,,,UNMEASURED,UNKNOWN,UNKNOWN,
cost-of-living.city-vs-market,move,cost-of-living,pt-BR,br,UNKNOWN,NO,0,,,,UNMEASURED,UNKNOWN,UNKNOWN,
property.city-buy,stay,property,en-US,us,NO,YES,1,10,10,48,NEGLIGIBLE_DEMAND,YES,LIKELY,
property.city-buy,stay,property,en-GB,gb,UNKNOWN,NO,0,,,,UNMEASURED,UNKNOWN,UNKNOWN,
property.city-buy,stay,property,de-DE,de,YES,YES,1,2300,2300,0,STRONG_DEMAND,YES,LIKELY,
property.city-buy,stay,property,fr-FR,fr,YES,YES,1,6800,6800,59,VALIDATED_DEMAND,YES,LIKELY,
property.city-buy,stay,property,es-ES,es,UNKNOWN,NO,0,,,,UNMEASURED,UNKNOWN,UNKNOWN,
property.city-buy,stay,property,it-IT,it,UNKNOWN,NO,0,,,,UNMEASURED,UNKNOWN,UNKNOWN,
property.city-buy,stay,property,nl-NL,nl,YES,YES,1,700,700,0,MODERATE_DEMAND,YES,LIKELY,
property.city-buy,stay,property,pl-PL,pl,YES,YES,1,350,350,7,MODERATE_DEMAND,YES,LIKELY,
property.city-buy,stay,property,ja-JP,jp,UNKNOWN,NO,0,,,,UNMEASURED,UNKNOWN,UNKNOWN,
property.city-buy,stay,property,zh-Hant-TW,tw,UNKNOWN,NO,0,,,,UNMEASURED,UNKNOWN,UNKNOWN,
property.city-buy,stay,property,pt-BR,br,UNKNOWN,NO,0,,,,UNMEASURED,UNKNOWN,UNKNOWN,
visas.country-work-permit,move,visas,en-US,us,UNKNOWN,NO,0,,,,UNMEASURED,UNKNOWN,UNKNOWN,
visas.country-work-permit,move,visas,en-GB,gb,UNKNOWN,NO,0,,,,UNMEASURED,UNKNOWN,UNKNOWN,
visas.country-work-permit,move,visas,de-DE,de,UNKNOWN,NO,0,,,,UNMEASURED,UNKNOWN,UNKNOWN,
visas.country-work-permit,move,visas,fr-FR,fr,UNKNOWN,NO,0,,,,UNMEASURED,UNKNOWN,UNKNOWN,
visas.country-work-permit,move,visas,es-ES,es,UNKNOWN,NO,0,,,,UNMEASURED,UNKNOWN,UNKNOWN,
visas.country-work-permit,move,visas,it-IT,it,UNKNOWN,NO,0,,,,UNMEASURED,UNKNOWN,UNKNOWN,
visas.country-work-permit,move,visas,nl-NL,nl,UNKNOWN,NO,0,,,,UNMEASURED,UNKNOWN,UNKNOWN,
visas.country-work-permit,move,visas,pl-PL,pl,UNKNOWN,NO,0,,,,UNMEASURED,UNKNOWN,UNKNOWN,
visas.country-work-permit,move,visas,ja-JP,jp,UNKNOWN,NO,0,,,,UNMEASURED,UNKNOWN,UNKNOWN,
visas.country-work-permit,move,visas,zh-Hant-TW,tw,UNKNOWN,NO,0,,,,UNMEASURED,UNKNOWN,UNKNOWN,
visas.country-work-permit,move,visas,pt-BR,br,UNKNOWN,NO,0,,,,UNMEASURED,UNKNOWN,UNKNOWN,
stay.city-type,stay,stay,en-US,us,YES,YES,4,200,500,37,WEAK_DEMAND,YES,LIKELY,
stay.city-type,stay,stay,en-GB,gb,YES,YES,8,700,2000,3,MODERATE_DEMAND,YES,LIKELY,
stay.city-type,stay,stay,de-DE,de,YES,YES,11,350,1600,4,MODERATE_DEMAND,YES,LIKELY,
stay.city-type,stay,stay,fr-FR,fr,YES,YES,5,500,5000,1,MODERATE_DEMAND,YES,LIKELY,
stay.city-type,stay,stay,es-ES,es,YES,YES,8,1500,6500,0,STRONG_DEMAND,YES,LIKELY,
stay.city-type,stay,stay,it-IT,it,YES,YES,9,250,8400,0,WEAK_DEMAND,YES,LIKELY,
stay.city-type,stay,stay,nl-NL,nl,YES,YES,3,400,500,4,MODERATE_DEMAND,YES,LIKELY,
stay.city-type,stay,stay,pl-PL,pl,YES,YES,7,50,500,4,WEAK_DEMAND,YES,LIKELY,
stay.city-type,stay,stay,ja-JP,jp,YES,YES,3,5400,7000,0,VALIDATED_DEMAND,YES,LIKELY,
stay.city-type,stay,stay,zh-Hant-TW,tw,YES,YES,3,150,1100,6,WEAK_DEMAND,YES,LIKELY,
stay.city-type,stay,stay,pt-BR,br,YES,YES,5,90,350,0,WEAK_DEMAND,YES,LIKELY,
work.country-working,work,work,en-US,us,UNKNOWN,NO,0,,,,UNMEASURED,UNKNOWN,UNKNOWN,
work.country-working,work,work,en-GB,gb,UNKNOWN,NO,0,,,,UNMEASURED,UNKNOWN,UNKNOWN,
work.country-working,work,work,de-DE,de,UNKNOWN,NO,0,,,,UNMEASURED,UNKNOWN,UNKNOWN,
work.country-working,work,work,fr-FR,fr,UNKNOWN,NO,0,,,,UNMEASURED,UNKNOWN,UNKNOWN,
work.country-working,work,work,es-ES,es,UNKNOWN,NO,0,,,,UNMEASURED,UNKNOWN,UNKNOWN,
work.country-working,work,work,it-IT,it,UNKNOWN,NO,0,,,,UNMEASURED,UNKNOWN,UNKNOWN,
work.country-working,work,work,nl-NL,nl,UNKNOWN,NO,0,,,,UNMEASURED,UNKNOWN,UNKNOWN,
work.country-working,work,work,pl-PL,pl,UNKNOWN,NO,0,,,,UNMEASURED,UNKNOWN,UNKNOWN,
work.country-working,work,work,ja-JP,jp,UNKNOWN,NO,0,,,,UNMEASURED,UNKNOWN,UNKNOWN,
work.country-working,work,work,zh-Hant-TW,tw,UNKNOWN,NO,0,,,,UNMEASURED,UNKNOWN,UNKNOWN,
work.country-working,work,work,pt-BR,br,UNKNOWN,NO,0,,,,UNMEASURED,UNKNOWN,UNKNOWN,
rents.city,stay,rents,en-US,us,YES,YES,2,1400,1400,67,STRONG_DEMAND,YES,LIKELY,
rents.city,stay,rents,en-GB,gb,YES,YES,5,500,3100,0,MODERATE_DEMAND,YES,LIKELY,
rents.city,stay,rents,de-DE,de,YES,YES,8,2900,14000,0,STRONG_DEMAND,YES,YES,COMPETITIVE_PARTIAL_OPENING
rents.city,stay,rents,fr-FR,fr,YES,YES,1,11000,11000,8,VALIDATED_DEMAND,YES,LIKELY,
rents.city,stay,rents,es-ES,es,YES,YES,7,350,3100,0,MODERATE_DEMAND,YES,LIKELY,
rents.city,stay,rents,it-IT,it,YES,YES,8,350,4500,0,MODERATE_DEMAND,YES,LIKELY,
rents.city,stay,rents,nl-NL,nl,YES,YES,2,700,700,4,MODERATE_DEMAND,YES,LIKELY,
rents.city,stay,rents,pl-PL,pl,YES,YES,7,50,200,0,WEAK_DEMAND,YES,LIKELY,
rents.city,stay,rents,ja-JP,jp,YES,YES,1,12000,12000,2,VALIDATED_DEMAND,YES,LIKELY,
rents.city,stay,rents,zh-Hant-TW,tw,YES,YES,1,700,700,9,MODERATE_DEMAND,YES,LIKELY,
rents.city,stay,rents,pt-BR,br,YES,YES,8,800,2800,2,MODERATE_DEMAND,YES,LIKELY,
work.city-jobs,work,work,en-US,us,YES,YES,3,2000,3000,14,STRONG_DEMAND,YES,LIKELY,
work.city-jobs,work,work,en-GB,gb,YES,YES,10,1900,13000,0,STRONG_DEMAND,YES,YES,AGGREGATOR_LOCKED
work.city-jobs,work,work,de-DE,de,YES,YES,10,2200,16000,0,STRONG_DEMAND,YES,LIKELY,
work.city-jobs,work,work,fr-FR,fr,YES,YES,3,1300,1700,2,STRONG_DEMAND,YES,LIKELY,
work.city-jobs,work,work,es-ES,es,YES,YES,10,700,2700,2,MODERATE_DEMAND,YES,LIKELY,
work.city-jobs,work,work,it-IT,it,YES,YES,9,1400,7400,0,STRONG_DEMAND,YES,LIKELY,
work.city-jobs,work,work,nl-NL,nl,YES,YES,3,3700,6400,27,STRONG_DEMAND,YES,LIKELY,
work.city-jobs,work,work,pl-PL,pl,YES,YES,13,3200,31000,0,STRONG_DEMAND,YES,LIKELY,
work.city-jobs,work,work,ja-JP,jp,YES,YES,3,2400,7100,0,STRONG_DEMAND,YES,LIKELY,
work.city-jobs,work,work,zh-Hant-TW,tw,YES,YES,1,90,90,0,WEAK_DEMAND,YES,LIKELY,
work.city-jobs,work,work,pt-BR,br,YES,YES,10,700,1600,0,MODERATE_DEMAND,YES,LIKELY,
cost-of-living.country,move,cost-of-living,en-US,us,UNKNOWN,NO,0,,,,UNMEASURED,UNKNOWN,UNKNOWN,
cost-of-living.country,move,cost-of-living,en-GB,gb,UNKNOWN,NO,0,,,,UNMEASURED,UNKNOWN,UNKNOWN,
cost-of-living.country,move,cost-of-living,de-DE,de,UNKNOWN,NO,0,,,,UNMEASURED,UNKNOWN,UNKNOWN,
cost-of-living.country,move,cost-of-living,fr-FR,fr,UNKNOWN,NO,0,,,,UNMEASURED,UNKNOWN,UNKNOWN,
cost-of-living.country,move,cost-of-living,es-ES,es,UNKNOWN,NO,0,,,,UNMEASURED,UNKNOWN,UNKNOWN,
cost-of-living.country,move,cost-of-living,it-IT,it,YES,YES,1,100,100,0,WEAK_DEMAND,YES,LIKELY,
cost-of-living.country,move,cost-of-living,nl-NL,nl,UNKNOWN,NO,0,,,,UNMEASURED,UNKNOWN,UNKNOWN,
cost-of-living.country,move,cost-of-living,pl-PL,pl,UNKNOWN,NO,0,,,,UNMEASURED,UNKNOWN,UNKNOWN,
cost-of-living.country,move,cost-of-living,ja-JP,jp,UNKNOWN,NO,0,,,,UNMEASURED,UNKNOWN,UNKNOWN,
cost-of-living.country,move,cost-of-living,zh-Hant-TW,tw,UNKNOWN,NO,0,,,,UNMEASURED,UNKNOWN,UNKNOWN,
cost-of-living.country,move,cost-of-living,pt-BR,br,YES,YES,1,250,250,9,WEAK_DEMAND,YES,LIKELY,
visas.country-residency,move,visas,en-US,us,UNKNOWN,NO,0,,,,UNMEASURED,UNKNOWN,UNKNOWN,
visas.country-residency,move,visas,en-GB,gb,UNKNOWN,NO,0,,,,UNMEASURED,UNKNOWN,UNKNOWN,
visas.country-residency,move,visas,de-DE,de,YES,YES,1,500,500,0,MODERATE_DEMAND,YES,LIKELY,
visas.country-residency,move,visas,fr-FR,fr,YES,YES,1,400,400,18,MODERATE_DEMAND,YES,LIKELY,
visas.country-residency,move,visas,es-ES,es,NO,YES,1,20,20,0,NEGLIGIBLE_DEMAND,YES,LIKELY,
visas.country-residency,move,visas,it-IT,it,YES,YES,1,600,600,6,MODERATE_DEMAND,YES,LIKELY,
visas.country-residency,move,visas,nl-NL,nl,YES,YES,1,200,200,1,WEAK_DEMAND,YES,LIKELY,
visas.country-residency,move,visas,pl-PL,pl,YES,YES,1,100,100,4,WEAK_DEMAND,YES,LIKELY,
visas.country-residency,move,visas,ja-JP,jp,UNKNOWN,NO,0,,,,UNMEASURED,UNKNOWN,UNKNOWN,
visas.country-residency,move,visas,zh-Hant-TW,tw,UNKNOWN,NO,0,,,,UNMEASURED,UNKNOWN,UNKNOWN,
visas.country-residency,move,visas,pt-BR,br,UNKNOWN,NO,0,,,,UNMEASURED,UNKNOWN,UNKNOWN,
cost-of-living.city,move,cost-of-living,en-US,us,YES,YES,1,450,450,34,MODERATE_DEMAND,YES,LIKELY,
cost-of-living.city,move,cost-of-living,en-GB,gb,YES,YES,2,400,400,0,MODERATE_DEMAND,YES,LIKELY,
cost-of-living.city,move,cost-of-living,de-DE,de,YES,YES,1,100,100,0,WEAK_DEMAND,YES,LIKELY,
cost-of-living.city,move,cost-of-living,fr-FR,fr,NO,YES,1,40,40,0,NEGLIGIBLE_DEMAND,YES,LIKELY,
cost-of-living.city,move,cost-of-living,es-ES,es,YES,YES,1,80,80,0,WEAK_DEMAND,YES,LIKELY,
cost-of-living.city,move,cost-of-living,it-IT,it,YES,YES,1,70,70,0,WEAK_DEMAND,YES,LIKELY,
cost-of-living.city,move,cost-of-living,nl-NL,nl,NO,YES,1,0,0,0,NEGLIGIBLE_DEMAND,YES,LIKELY,
cost-of-living.city,move,cost-of-living,pl-PL,pl,NO,YES,1,0,0,0,NEGLIGIBLE_DEMAND,YES,LIKELY,
cost-of-living.city,move,cost-of-living,ja-JP,jp,NO,YES,1,30,30,0,NEGLIGIBLE_DEMAND,YES,LIKELY,
cost-of-living.city,move,cost-of-living,zh-Hant-TW,tw,NO,YES,1,30,30,0,NEGLIGIBLE_DEMAND,YES,LIKELY,
cost-of-living.city,move,cost-of-living,pt-BR,br,YES,YES,1,150,150,0,WEAK_DEMAND,YES,LIKELY,
education.city-schools,move,education,en-US,us,YES,YES,1,150,150,0,WEAK_DEMAND,YES,LIKELY,
education.city-schools,move,education,en-GB,gb,YES,YES,1,150,150,0,WEAK_DEMAND,YES,LIKELY,
education.city-schools,move,education,de-DE,de,NO,YES,1,30,30,0,NEGLIGIBLE_DEMAND,YES,LIKELY,
education.city-schools,move,education,fr-FR,fr,YES,YES,1,90,90,5,WEAK_DEMAND,YES,LIKELY,
education.city-schools,move,education,es-ES,es,YES,YES,1,150,150,22,WEAK_DEMAND,YES,LIKELY,
education.city-schools,move,education,it-IT,it,YES,YES,1,200,200,39,WEAK_DEMAND,YES,LIKELY,
education.city-schools,move,education,nl-NL,nl,NO,YES,1,20,20,28,NEGLIGIBLE_DEMAND,YES,LIKELY,
education.city-schools,move,education,pl-PL,pl,YES,YES,1,50,50,0,WEAK_DEMAND,YES,LIKELY,
education.city-schools,move,education,ja-JP,jp,YES,YES,1,800,800,1,MODERATE_DEMAND,YES,LIKELY,
education.city-schools,move,education,zh-Hant-TW,tw,YES,YES,1,50,50,0,WEAK_DEMAND,YES,LIKELY,
education.city-schools,move,education,pt-BR,br,UNKNOWN,NO,0,,,,UNMEASURED,UNKNOWN,UNKNOWN,
comparisons.city-vs-city,tools,comparisons,en-US,us,UNKNOWN,NO,0,,,,UNMEASURED,UNKNOWN,UNKNOWN,
comparisons.city-vs-city,tools,comparisons,en-GB,gb,UNKNOWN,NO,0,,,,UNMEASURED,UNKNOWN,UNKNOWN,
comparisons.city-vs-city,tools,comparisons,de-DE,de,UNKNOWN,NO,0,,,,UNMEASURED,UNKNOWN,UNKNOWN,
comparisons.city-vs-city,tools,comparisons,fr-FR,fr,UNKNOWN,NO,0,,,,UNMEASURED,UNKNOWN,UNKNOWN,
comparisons.city-vs-city,tools,comparisons,es-ES,es,UNKNOWN,NO,0,,,,UNMEASURED,UNKNOWN,UNKNOWN,
comparisons.city-vs-city,tools,comparisons,it-IT,it,UNKNOWN,NO,0,,,,UNMEASURED,UNKNOWN,UNKNOWN,
comparisons.city-vs-city,tools,comparisons,nl-NL,nl,UNKNOWN,NO,0,,,,UNMEASURED,UNKNOWN,UNKNOWN,
comparisons.city-vs-city,tools,comparisons,pl-PL,pl,UNKNOWN,NO,0,,,,UNMEASURED,UNKNOWN,UNKNOWN,
comparisons.city-vs-city,tools,comparisons,ja-JP,jp,UNKNOWN,NO,0,,,,UNMEASURED,UNKNOWN,UNKNOWN,
comparisons.city-vs-city,tools,comparisons,zh-Hant-TW,tw,UNKNOWN,NO,0,,,,UNMEASURED,UNKNOWN,UNKNOWN,
comparisons.city-vs-city,tools,comparisons,pt-BR,br,UNKNOWN,NO,0,,,,UNMEASURED,UNKNOWN,UNKNOWN,
tools.matcher,tools,tools,en-US,us,UNKNOWN,NO,0,,,,UNMEASURED,UNKNOWN,UNKNOWN,
tools.matcher,tools,tools,en-GB,gb,UNKNOWN,NO,0,,,,UNMEASURED,UNKNOWN,UNKNOWN,
tools.matcher,tools,tools,de-DE,de,UNKNOWN,NO,0,,,,UNMEASURED,UNKNOWN,UNKNOWN,
tools.matcher,tools,tools,fr-FR,fr,UNKNOWN,NO,0,,,,UNMEASURED,UNKNOWN,UNKNOWN,
tools.matcher,tools,tools,es-ES,es,UNKNOWN,NO,0,,,,UNMEASURED,UNKNOWN,UNKNOWN,
tools.matcher,tools,tools,it-IT,it,UNKNOWN,NO,0,,,,UNMEASURED,UNKNOWN,UNKNOWN,
tools.matcher,tools,tools,nl-NL,nl,UNKNOWN,NO,0,,,,UNMEASURED,UNKNOWN,UNKNOWN,
tools.matcher,tools,tools,pl-PL,pl,UNKNOWN,NO,0,,,,UNMEASURED,UNKNOWN,UNKNOWN,
tools.matcher,tools,tools,ja-JP,jp,UNKNOWN,NO,0,,,,UNMEASURED,UNKNOWN,UNKNOWN,
tools.matcher,tools,tools,zh-Hant-TW,tw,UNKNOWN,NO,0,,,,UNMEASURED,UNKNOWN,UNKNOWN,
tools.matcher,tools,tools,pt-BR,br,UNKNOWN,NO,0,,,,UNMEASURED,UNKNOWN,UNKNOWN,
health.city,move,health,en-US,us,YES,YES,1,100,100,65,WEAK_DEMAND,YES,LIKELY,
health.city,move,health,en-GB,gb,YES,YES,2,350,350,75,MODERATE_DEMAND,YES,LIKELY,
health.city,move,health,de-DE,de,YES,YES,3,1300,2900,52,STRONG_DEMAND,YES,LIKELY,
health.city,move,health,fr-FR,fr,YES,YES,1,350,350,11,MODERATE_DEMAND,YES,LIKELY,
health.city,move,health,es-ES,es,YES,YES,2,1000,1000,56,STRONG_DEMAND,YES,LIKELY,
health.city,move,health,it-IT,it,YES,YES,3,600,1000,6,MODERATE_DEMAND,YES,LIKELY,
health.city,move,health,nl-NL,nl,YES,YES,2,1500,1500,60,STRONG_DEMAND,YES,LIKELY,
health.city,move,health,pl-PL,pl,YES,YES,3,350,450,0,MODERATE_DEMAND,YES,LIKELY,
health.city,move,health,ja-JP,jp,YES,YES,1,50,50,0,WEAK_DEMAND,YES,LIKELY,
health.city,move,health,zh-Hant-TW,tw,YES,YES,1,70,70,0,WEAK_DEMAND,YES,LIKELY,
health.city,move,health,pt-BR,br,YES,YES,2,250,250,54,WEAK_DEMAND,YES,LIKELY,
education.city-universities,move,education,en-US,us,YES,YES,1,300,300,70,MODERATE_DEMAND,YES,LIKELY,
education.city-universities,move,education,en-GB,gb,YES,YES,2,10000,10000,92,VALIDATED_DEMAND,YES,LIKELY,
education.city-universities,move,education,de-DE,de,YES,YES,1,700,700,79,MODERATE_DEMAND,YES,LIKELY,
education.city-universities,move,education,fr-FR,fr,NO,YES,1,40,40,0,NEGLIGIBLE_DEMAND,YES,LIKELY,
education.city-universities,move,education,es-ES,es,YES,YES,2,1600,1600,43,STRONG_DEMAND,YES,LIKELY,
education.city-universities,move,education,it-IT,it,YES,YES,2,250,250,37,WEAK_DEMAND,YES,LIKELY,
education.city-universities,move,education,nl-NL,nl,YES,YES,1,70,70,0,WEAK_DEMAND,YES,LIKELY,
education.city-universities,move,education,pl-PL,pl,YES,YES,2,200,200,24,WEAK_DEMAND,YES,LIKELY,
education.city-universities,move,education,ja-JP,jp,YES,YES,1,60,60,1,WEAK_DEMAND,YES,LIKELY,
education.city-universities,move,education,zh-Hant-TW,tw,YES,YES,1,100,100,8,WEAK_DEMAND,YES,LIKELY,
education.city-universities,move,education,pt-BR,br,YES,YES,2,70,70,64,WEAK_DEMAND,YES,LIKELY,
neighbourhoods.city-best-for,areas,neighbourhoods,en-US,us,YES,YES,1,100,100,5,WEAK_DEMAND,YES,LIKELY,
neighbourhoods.city-best-for,areas,neighbourhoods,en-GB,gb,YES,YES,1,700,700,0,MODERATE_DEMAND,YES,LIKELY,
neighbourhoods.city-best-for,areas,neighbourhoods,de-DE,de,YES,YES,1,150,150,0,WEAK_DEMAND,YES,LIKELY,
neighbourhoods.city-best-for,areas,neighbourhoods,fr-FR,fr,YES,YES,1,80,80,0,WEAK_DEMAND,YES,LIKELY,
neighbourhoods.city-best-for,areas,neighbourhoods,es-ES,es,YES,YES,1,200,200,0,WEAK_DEMAND,YES,LIKELY,
neighbourhoods.city-best-for,areas,neighbourhoods,it-IT,it,NO,YES,2,30,30,51,NEGLIGIBLE_DEMAND,YES,LIKELY,
neighbourhoods.city-best-for,areas,neighbourhoods,nl-NL,nl,NO,YES,1,40,40,0,NEGLIGIBLE_DEMAND,YES,LIKELY,
neighbourhoods.city-best-for,areas,neighbourhoods,pl-PL,pl,NO,YES,1,0,0,0,NEGLIGIBLE_DEMAND,YES,LIKELY,
neighbourhoods.city-best-for,areas,neighbourhoods,ja-JP,jp,YES,YES,2,80,80,0,WEAK_DEMAND,YES,LIKELY,
neighbourhoods.city-best-for,areas,neighbourhoods,zh-Hant-TW,tw,UNKNOWN,NO,0,,,,UNMEASURED,UNKNOWN,UNKNOWN,
neighbourhoods.city-best-for,areas,neighbourhoods,pt-BR,br,YES,YES,1,200,200,0,WEAK_DEMAND,YES,LIKELY,
connectivity.city-online,connectivity,connectivity,en-US,us,UNKNOWN,NO,0,,,,UNMEASURED,UNKNOWN,UNKNOWN,
connectivity.city-online,connectivity,connectivity,en-GB,gb,UNKNOWN,NO,0,,,,UNMEASURED,UNKNOWN,UNKNOWN,
connectivity.city-online,connectivity,connectivity,de-DE,de,UNKNOWN,NO,0,,,,UNMEASURED,UNKNOWN,UNKNOWN,
connectivity.city-online,connectivity,connectivity,fr-FR,fr,UNKNOWN,NO,0,,,,UNMEASURED,UNKNOWN,UNKNOWN,
connectivity.city-online,connectivity,connectivity,es-ES,es,UNKNOWN,NO,0,,,,UNMEASURED,UNKNOWN,UNKNOWN,
connectivity.city-online,connectivity,connectivity,it-IT,it,UNKNOWN,NO,0,,,,UNMEASURED,UNKNOWN,UNKNOWN,
connectivity.city-online,connectivity,connectivity,nl-NL,nl,UNKNOWN,NO,0,,,,UNMEASURED,UNKNOWN,UNKNOWN,
connectivity.city-online,connectivity,connectivity,pl-PL,pl,UNKNOWN,NO,0,,,,UNMEASURED,UNKNOWN,UNKNOWN,
connectivity.city-online,connectivity,connectivity,ja-JP,jp,UNKNOWN,NO,0,,,,UNMEASURED,UNKNOWN,UNKNOWN,
connectivity.city-online,connectivity,connectivity,zh-Hant-TW,tw,UNKNOWN,NO,0,,,,UNMEASURED,UNKNOWN,UNKNOWN,
connectivity.city-online,connectivity,connectivity,pt-BR,br,UNKNOWN,NO,0,,,,UNMEASURED,UNKNOWN,UNKNOWN,
comparisons.country-vs-country,tools,comparisons,en-US,us,UNKNOWN,NO,0,,,,UNMEASURED,UNKNOWN,UNKNOWN,
comparisons.country-vs-country,tools,comparisons,en-GB,gb,UNKNOWN,NO,0,,,,UNMEASURED,UNKNOWN,UNKNOWN,
comparisons.country-vs-country,tools,comparisons,de-DE,de,UNKNOWN,NO,0,,,,UNMEASURED,UNKNOWN,UNKNOWN,
comparisons.country-vs-country,tools,comparisons,fr-FR,fr,UNKNOWN,NO,0,,,,UNMEASURED,UNKNOWN,UNKNOWN,
comparisons.country-vs-country,tools,comparisons,es-ES,es,UNKNOWN,NO,0,,,,UNMEASURED,UNKNOWN,UNKNOWN,
comparisons.country-vs-country,tools,comparisons,it-IT,it,UNKNOWN,NO,0,,,,UNMEASURED,UNKNOWN,UNKNOWN,
comparisons.country-vs-country,tools,comparisons,nl-NL,nl,UNKNOWN,NO,0,,,,UNMEASURED,UNKNOWN,UNKNOWN,
comparisons.country-vs-country,tools,comparisons,pl-PL,pl,UNKNOWN,NO,0,,,,UNMEASURED,UNKNOWN,UNKNOWN,
comparisons.country-vs-country,tools,comparisons,ja-JP,jp,UNKNOWN,NO,0,,,,UNMEASURED,UNKNOWN,UNKNOWN,
comparisons.country-vs-country,tools,comparisons,zh-Hant-TW,tw,UNKNOWN,NO,0,,,,UNMEASURED,UNKNOWN,UNKNOWN,
comparisons.country-vs-country,tools,comparisons,pt-BR,br,UNKNOWN,NO,0,,,,UNMEASURED,UNKNOWN,UNKNOWN,
work.city-salaries,work,work,en-US,us,YES,YES,1,50,50,38,WEAK_DEMAND,YES,LIKELY,
work.city-salaries,work,work,en-GB,gb,UNKNOWN,NO,0,,,,UNMEASURED,UNKNOWN,UNKNOWN,
work.city-salaries,work,work,de-DE,de,NO,YES,1,40,40,2,NEGLIGIBLE_DEMAND,YES,LIKELY,
work.city-salaries,work,work,fr-FR,fr,YES,YES,1,150,150,0,WEAK_DEMAND,YES,LIKELY,
work.city-salaries,work,work,es-ES,es,UNKNOWN,NO,0,,,,UNMEASURED,UNKNOWN,UNKNOWN,
work.city-salaries,work,work,it-IT,it,UNKNOWN,NO,0,,,,UNMEASURED,UNKNOWN,UNKNOWN,
work.city-salaries,work,work,nl-NL,nl,NO,YES,1,0,0,0,NEGLIGIBLE_DEMAND,YES,LIKELY,
work.city-salaries,work,work,pl-PL,pl,YES,YES,1,150,150,1,WEAK_DEMAND,YES,LIKELY,
work.city-salaries,work,work,ja-JP,jp,UNKNOWN,NO,0,,,,UNMEASURED,UNKNOWN,UNKNOWN,
work.city-salaries,work,work,zh-Hant-TW,tw,UNKNOWN,NO,0,,,,UNMEASURED,UNKNOWN,UNKNOWN,
work.city-salaries,work,work,pt-BR,br,UNKNOWN,NO,0,,,,UNMEASURED,UNKNOWN,UNKNOWN,
rents.neighbourhood,stay,rents,en-US,us,UNKNOWN,NO,0,,,,UNMEASURED,UNKNOWN,UNKNOWN,
rents.neighbourhood,stay,rents,en-GB,gb,UNKNOWN,NO,0,,,,UNMEASURED,UNKNOWN,UNKNOWN,
rents.neighbourhood,stay,rents,de-DE,de,UNKNOWN,NO,0,,,,UNMEASURED,UNKNOWN,UNKNOWN,
rents.neighbourhood,stay,rents,fr-FR,fr,UNKNOWN,NO,0,,,,UNMEASURED,UNKNOWN,UNKNOWN,
rents.neighbourhood,stay,rents,es-ES,es,UNKNOWN,NO,0,,,,UNMEASURED,UNKNOWN,UNKNOWN,
rents.neighbourhood,stay,rents,it-IT,it,UNKNOWN,NO,0,,,,UNMEASURED,UNKNOWN,UNKNOWN,
rents.neighbourhood,stay,rents,nl-NL,nl,UNKNOWN,NO,0,,,,UNMEASURED,UNKNOWN,UNKNOWN,
rents.neighbourhood,stay,rents,pl-PL,pl,UNKNOWN,NO,0,,,,UNMEASURED,UNKNOWN,UNKNOWN,
rents.neighbourhood,stay,rents,ja-JP,jp,UNKNOWN,NO,0,,,,UNMEASURED,UNKNOWN,UNKNOWN,
rents.neighbourhood,stay,rents,zh-Hant-TW,tw,UNKNOWN,NO,0,,,,UNMEASURED,UNKNOWN,UNKNOWN,
rents.neighbourhood,stay,rents,pt-BR,br,UNKNOWN,NO,0,,,,UNMEASURED,UNKNOWN,UNKNOWN,
neighbourhoods.city-where-to-stay,areas,neighbourhoods,en-US,us,YES,YES,1,400,400,2,MODERATE_DEMAND,YES,LIKELY,
neighbourhoods.city-where-to-stay,areas,neighbourhoods,en-GB,gb,YES,YES,1,1200,1200,6,STRONG_DEMAND,YES,LIKELY,
neighbourhoods.city-where-to-stay,areas,neighbourhoods,de-DE,de,YES,YES,1,100,100,0,WEAK_DEMAND,YES,LIKELY,
neighbourhoods.city-where-to-stay,areas,neighbourhoods,fr-FR,fr,YES,YES,1,80,80,0,WEAK_DEMAND,YES,LIKELY,
neighbourhoods.city-where-to-stay,areas,neighbourhoods,es-ES,es,YES,YES,1,200,200,0,WEAK_DEMAND,YES,LIKELY,
neighbourhoods.city-where-to-stay,areas,neighbourhoods,it-IT,it,YES,YES,1,600,600,0,MODERATE_DEMAND,YES,LIKELY,
neighbourhoods.city-where-to-stay,areas,neighbourhoods,nl-NL,nl,NO,YES,1,0,0,0,NEGLIGIBLE_DEMAND,YES,LIKELY,
neighbourhoods.city-where-to-stay,areas,neighbourhoods,pl-PL,pl,NO,YES,1,0,0,0,NEGLIGIBLE_DEMAND,YES,LIKELY,
neighbourhoods.city-where-to-stay,areas,neighbourhoods,ja-JP,jp,UNKNOWN,NO,0,,,,UNMEASURED,UNKNOWN,UNKNOWN,
neighbourhoods.city-where-to-stay,areas,neighbourhoods,zh-Hant-TW,tw,UNKNOWN,NO,0,,,,UNMEASURED,UNKNOWN,UNKNOWN,
neighbourhoods.city-where-to-stay,areas,neighbourhoods,pt-BR,br,YES,YES,1,600,600,24,MODERATE_DEMAND,YES,LIKELY,
visas.country-visit,move,visas,en-US,us,YES,YES,1,7600,7600,93,VALIDATED_DEMAND,YES,LIKELY,
visas.country-visit,move,visas,en-GB,gb,YES,YES,1,4500,4500,73,STRONG_DEMAND,YES,LIKELY,
visas.country-visit,move,visas,de-DE,de,UNKNOWN,NO,0,,,,UNMEASURED,UNKNOWN,UNKNOWN,
visas.country-visit,move,visas,fr-FR,fr,UNKNOWN,NO,0,,,,UNMEASURED,UNKNOWN,UNKNOWN,
visas.country-visit,move,visas,es-ES,es,UNKNOWN,NO,0,,,,UNMEASURED,UNKNOWN,UNKNOWN,
visas.country-visit,move,visas,it-IT,it,UNKNOWN,NO,0,,,,UNMEASURED,UNKNOWN,UNKNOWN,
visas.country-visit,move,visas,nl-NL,nl,UNKNOWN,NO,0,,,,UNMEASURED,UNKNOWN,UNKNOWN,
visas.country-visit,move,visas,pl-PL,pl,UNKNOWN,NO,0,,,,UNMEASURED,UNKNOWN,UNKNOWN,
visas.country-visit,move,visas,ja-JP,jp,YES,YES,1,150,150,0,WEAK_DEMAND,YES,LIKELY,
visas.country-visit,move,visas,zh-Hant-TW,tw,UNKNOWN,NO,0,,,,UNMEASURED,UNKNOWN,UNKNOWN,
visas.country-visit,move,visas,pt-BR,br,UNKNOWN,NO,0,,,,UNMEASURED,UNKNOWN,UNKNOWN,
events.recurring,pulse,events,en-US,us,UNKNOWN,NO,0,,,,UNMEASURED,UNKNOWN,UNKNOWN,
events.recurring,pulse,events,en-GB,gb,YES,YES,3,149000,464000,64,VALIDATED_DEMAND,YES,LIKELY,
events.recurring,pulse,events,de-DE,de,UNKNOWN,NO,0,,,,UNMEASURED,UNKNOWN,UNKNOWN,
events.recurring,pulse,events,fr-FR,fr,UNKNOWN,NO,0,,,,UNMEASURED,UNKNOWN,UNKNOWN,
events.recurring,pulse,events,es-ES,es,UNKNOWN,NO,0,,,,UNMEASURED,UNKNOWN,UNKNOWN,
events.recurring,pulse,events,it-IT,it,NO,YES,3,30,150,0,NEGLIGIBLE_DEMAND,YES,LIKELY,
events.recurring,pulse,events,nl-NL,nl,UNKNOWN,NO,0,,,,UNMEASURED,UNKNOWN,UNKNOWN,
events.recurring,pulse,events,pl-PL,pl,UNKNOWN,NO,0,,,,UNMEASURED,UNKNOWN,UNKNOWN,
events.recurring,pulse,events,ja-JP,jp,UNKNOWN,NO,0,,,,UNMEASURED,UNKNOWN,UNKNOWN,
events.recurring,pulse,events,zh-Hant-TW,tw,UNKNOWN,NO,0,,,,UNMEASURED,UNKNOWN,UNKNOWN,
events.recurring,pulse,events,pt-BR,br,YES,YES,1,80,80,0,WEAK_DEMAND,YES,LIKELY,
cost-of-living.item-country,move,cost-of-living,en-US,us,UNKNOWN,NO,0,,,,UNMEASURED,UNKNOWN,UNKNOWN,
cost-of-living.item-country,move,cost-of-living,en-GB,gb,UNKNOWN,NO,0,,,,UNMEASURED,UNKNOWN,UNKNOWN,
cost-of-living.item-country,move,cost-of-living,de-DE,de,UNKNOWN,NO,0,,,,UNMEASURED,UNKNOWN,UNKNOWN,
cost-of-living.item-country,move,cost-of-living,fr-FR,fr,UNKNOWN,NO,0,,,,UNMEASURED,UNKNOWN,UNKNOWN,
cost-of-living.item-country,move,cost-of-living,es-ES,es,UNKNOWN,NO,0,,,,UNMEASURED,UNKNOWN,UNKNOWN,
cost-of-living.item-country,move,cost-of-living,it-IT,it,UNKNOWN,NO,0,,,,UNMEASURED,UNKNOWN,UNKNOWN,
cost-of-living.item-country,move,cost-of-living,nl-NL,nl,UNKNOWN,NO,0,,,,UNMEASURED,UNKNOWN,UNKNOWN,
cost-of-living.item-country,move,cost-of-living,pl-PL,pl,UNKNOWN,NO,0,,,,UNMEASURED,UNKNOWN,UNKNOWN,
cost-of-living.item-country,move,cost-of-living,ja-JP,jp,UNKNOWN,NO,0,,,,UNMEASURED,UNKNOWN,UNKNOWN,
cost-of-living.item-country,move,cost-of-living,zh-Hant-TW,tw,UNKNOWN,NO,0,,,,UNMEASURED,UNKNOWN,UNKNOWN,
cost-of-living.item-country,move,cost-of-living,pt-BR,br,UNKNOWN,NO,0,,,,UNMEASURED,UNKNOWN,UNKNOWN,
events.series-city,pulse,events,en-US,us,YES,YES,1,1900,1900,22,STRONG_DEMAND,YES,LIKELY,
events.series-city,pulse,events,en-GB,gb,YES,YES,1,8900,8900,46,VALIDATED_DEMAND,YES,LIKELY,
events.series-city,pulse,events,de-DE,de,YES,YES,1,7000,7000,0,VALIDATED_DEMAND,YES,LIKELY,
events.series-city,pulse,events,fr-FR,fr,YES,YES,1,3000,3000,0,STRONG_DEMAND,YES,LIKELY,
events.series-city,pulse,events,es-ES,es,YES,YES,1,17000,17000,0,VALIDATED_DEMAND,YES,LIKELY,
events.series-city,pulse,events,it-IT,it,YES,YES,1,4400,4400,17,STRONG_DEMAND,YES,LIKELY,
events.series-city,pulse,events,nl-NL,nl,YES,YES,1,1000,1000,69,STRONG_DEMAND,YES,LIKELY,
events.series-city,pulse,events,pl-PL,pl,YES,YES,1,7800,7800,2,VALIDATED_DEMAND,YES,LIKELY,
events.series-city,pulse,events,ja-JP,jp,YES,YES,1,600,600,0,MODERATE_DEMAND,YES,LIKELY,
events.series-city,pulse,events,zh-Hant-TW,tw,YES,YES,1,350,350,0,MODERATE_DEMAND,YES,LIKELY,
events.series-city,pulse,events,pt-BR,br,YES,YES,1,900,900,0,MODERATE_DEMAND,YES,LIKELY,
rankings.index,tools,rankings,en-US,us,UNKNOWN,NO,0,,,,UNMEASURED,UNKNOWN,UNKNOWN,
rankings.index,tools,rankings,en-GB,gb,UNKNOWN,NO,0,,,,UNMEASURED,UNKNOWN,UNKNOWN,
rankings.index,tools,rankings,de-DE,de,UNKNOWN,NO,0,,,,UNMEASURED,UNKNOWN,UNKNOWN,
rankings.index,tools,rankings,fr-FR,fr,UNKNOWN,NO,0,,,,UNMEASURED,UNKNOWN,UNKNOWN,
rankings.index,tools,rankings,es-ES,es,UNKNOWN,NO,0,,,,UNMEASURED,UNKNOWN,UNKNOWN,
rankings.index,tools,rankings,it-IT,it,UNKNOWN,NO,0,,,,UNMEASURED,UNKNOWN,UNKNOWN,
rankings.index,tools,rankings,nl-NL,nl,UNKNOWN,NO,0,,,,UNMEASURED,UNKNOWN,UNKNOWN,
rankings.index,tools,rankings,pl-PL,pl,UNKNOWN,NO,0,,,,UNMEASURED,UNKNOWN,UNKNOWN,
rankings.index,tools,rankings,ja-JP,jp,UNKNOWN,NO,0,,,,UNMEASURED,UNKNOWN,UNKNOWN,
rankings.index,tools,rankings,zh-Hant-TW,tw,UNKNOWN,NO,0,,,,UNMEASURED,UNKNOWN,UNKNOWN,
rankings.index,tools,rankings,pt-BR,br,UNKNOWN,NO,0,,,,UNMEASURED,UNKNOWN,UNKNOWN,
events.city-window,pulse,events,en-US,us,NO,YES,1,30,30,35,NEGLIGIBLE_DEMAND,YES,LIKELY,
events.city-window,pulse,events,en-GB,gb,YES,YES,3,700,12000,36,MODERATE_DEMAND,YES,LIKELY,
events.city-window,pulse,events,de-DE,de,YES,YES,2,1800,1800,37,STRONG_DEMAND,YES,LIKELY,
events.city-window,pulse,events,fr-FR,fr,YES,YES,2,11000,11000,65,VALIDATED_DEMAND,YES,LIKELY,
events.city-window,pulse,events,es-ES,es,YES,YES,4,1000,2900,17,STRONG_DEMAND,YES,LIKELY,
events.city-window,pulse,events,it-IT,it,YES,YES,3,500,600,0,MODERATE_DEMAND,YES,LIKELY,
events.city-window,pulse,events,nl-NL,nl,YES,YES,1,100,100,3,WEAK_DEMAND,YES,LIKELY,
events.city-window,pulse,events,pl-PL,pl,YES,YES,3,450,800,0,MODERATE_DEMAND,YES,LIKELY,
events.city-window,pulse,events,ja-JP,jp,YES,YES,2,700,700,0,MODERATE_DEMAND,YES,LIKELY,
events.city-window,pulse,events,zh-Hant-TW,tw,NO,YES,1,10,10,0,NEGLIGIBLE_DEMAND,YES,LIKELY,
events.city-window,pulse,events,pt-BR,br,YES,YES,1,2300,2300,0,STRONG_DEMAND,YES,LIKELY,
events.city-type,pulse,events,en-US,us,YES,YES,2,2100,2100,55,STRONG_DEMAND,YES,LIKELY,
events.city-type,pulse,events,en-GB,gb,YES,YES,5,150,2900,2,WEAK_DEMAND,YES,LIKELY,
events.city-type,pulse,events,de-DE,de,YES,YES,8,1000,11000,0,STRONG_DEMAND,YES,YES,OPEN_OFFICIAL_FAVOURED
events.city-type,pulse,events,fr-FR,fr,YES,YES,2,350,350,51,MODERATE_DEMAND,YES,LIKELY,
events.city-type,pulse,events,es-ES,es,YES,YES,5,200,2400,18,WEAK_DEMAND,YES,LIKELY,
events.city-type,pulse,events,it-IT,it,YES,YES,9,90,7600,0,WEAK_DEMAND,YES,YES,OPEN
events.city-type,pulse,events,nl-NL,nl,YES,YES,2,800,800,61,MODERATE_DEMAND,YES,LIKELY,
events.city-type,pulse,events,pl-PL,pl,YES,YES,5,150,7400,0,WEAK_DEMAND,YES,LIKELY,
events.city-type,pulse,events,ja-JP,jp,YES,YES,2,18000,18000,0,VALIDATED_DEMAND,YES,YES,OPEN
events.city-type,pulse,events,zh-Hant-TW,tw,YES,YES,2,1900,1900,6,STRONG_DEMAND,YES,LIKELY,
events.city-type,pulse,events,pt-BR,br,YES,YES,6,150,3100,1,WEAK_DEMAND,YES,LIKELY,
safety.city,safety,safety,en-US,us,YES,YES,2,900,900,0,MODERATE_DEMAND,YES,LIKELY,
safety.city,safety,safety,en-GB,gb,YES,YES,2,1800,1800,0,STRONG_DEMAND,YES,LIKELY,
safety.city,safety,safety,de-DE,de,YES,YES,2,90,90,2,WEAK_DEMAND,YES,LIKELY,
safety.city,safety,safety,fr-FR,fr,NO,YES,1,10,10,0,NEGLIGIBLE_DEMAND,YES,LIKELY,
safety.city,safety,safety,es-ES,es,YES,YES,1,150,150,0,WEAK_DEMAND,YES,LIKELY,
safety.city,safety,safety,it-IT,it,NO,YES,1,10,10,0,NEGLIGIBLE_DEMAND,YES,LIKELY,
safety.city,safety,safety,nl-NL,nl,YES,YES,2,50,50,0,WEAK_DEMAND,YES,LIKELY,
safety.city,safety,safety,pl-PL,pl,YES,YES,2,150,150,0,WEAK_DEMAND,YES,LIKELY,
safety.city,safety,safety,ja-JP,jp,YES,YES,1,800,800,0,MODERATE_DEMAND,YES,LIKELY,
safety.city,safety,safety,zh-Hant-TW,tw,NO,YES,1,20,20,0,NEGLIGIBLE_DEMAND,YES,LIKELY,
safety.city,safety,safety,pt-BR,br,YES,YES,1,90,90,0,WEAK_DEMAND,YES,LIKELY,
places.city-category,areas,places,en-US,us,YES,YES,12,200,9600,4,WEAK_DEMAND,YES,LIKELY,
places.city-category,areas,places,en-GB,gb,YES,YES,22,800,11000,8,MODERATE_DEMAND,YES,LIKELY,
places.city-category,areas,places,de-DE,de,YES,YES,26,600,9200,19,MODERATE_DEMAND,YES,YES,OPEN
places.city-category,areas,places,fr-FR,fr,YES,YES,12,600,23000,5,MODERATE_DEMAND,YES,LIKELY,
places.city-category,areas,places,es-ES,es,YES,YES,25,1200,10000,0,STRONG_DEMAND,YES,LIKELY,
places.city-category,areas,places,it-IT,it,YES,YES,22,700,10000,0,MODERATE_DEMAND,YES,YES,AGGREGATOR_LOCKED
places.city-category,areas,places,nl-NL,nl,YES,YES,11,600,6500,28,MODERATE_DEMAND,YES,LIKELY,
places.city-category,areas,places,pl-PL,pl,YES,YES,23,250,9800,1,WEAK_DEMAND,YES,LIKELY,
places.city-category,areas,places,ja-JP,jp,YES,YES,9,450,1600,1,MODERATE_DEMAND,YES,LIKELY,
places.city-category,areas,places,zh-Hant-TW,tw,YES,YES,9,300,3900,0,MODERATE_DEMAND,YES,LIKELY,
places.city-category,areas,places,pt-BR,br,YES,YES,23,250,3600,0,WEAK_DEMAND,YES,LIKELY,
neighbourhoods.guide,areas,neighbourhoods,en-US,us,UNKNOWN,NO,0,,,,UNMEASURED,UNKNOWN,UNKNOWN,
neighbourhoods.guide,areas,neighbourhoods,en-GB,gb,UNKNOWN,NO,0,,,,UNMEASURED,UNKNOWN,UNKNOWN,
neighbourhoods.guide,areas,neighbourhoods,de-DE,de,UNKNOWN,NO,0,,,,UNMEASURED,UNKNOWN,UNKNOWN,
neighbourhoods.guide,areas,neighbourhoods,fr-FR,fr,UNKNOWN,NO,0,,,,UNMEASURED,UNKNOWN,UNKNOWN,
neighbourhoods.guide,areas,neighbourhoods,es-ES,es,UNKNOWN,NO,0,,,,UNMEASURED,UNKNOWN,UNKNOWN,
neighbourhoods.guide,areas,neighbourhoods,it-IT,it,UNKNOWN,NO,0,,,,UNMEASURED,UNKNOWN,UNKNOWN,
neighbourhoods.guide,areas,neighbourhoods,nl-NL,nl,UNKNOWN,NO,0,,,,UNMEASURED,UNKNOWN,UNKNOWN,
neighbourhoods.guide,areas,neighbourhoods,pl-PL,pl,UNKNOWN,NO,0,,,,UNMEASURED,UNKNOWN,UNKNOWN,
neighbourhoods.guide,areas,neighbourhoods,ja-JP,jp,UNKNOWN,NO,0,,,,UNMEASURED,UNKNOWN,UNKNOWN,
neighbourhoods.guide,areas,neighbourhoods,zh-Hant-TW,tw,UNKNOWN,NO,0,,,,UNMEASURED,UNKNOWN,UNKNOWN,
neighbourhoods.guide,areas,neighbourhoods,pt-BR,br,UNKNOWN,NO,0,,,,UNMEASURED,UNKNOWN,UNKNOWN,
places.neighbourhood-category,areas,places,en-US,us,UNKNOWN,NO,0,,,,UNMEASURED,UNKNOWN,UNKNOWN,
places.neighbourhood-category,areas,places,en-GB,gb,UNKNOWN,NO,0,,,,UNMEASURED,UNKNOWN,UNKNOWN,
places.neighbourhood-category,areas,places,de-DE,de,UNKNOWN,NO,0,,,,UNMEASURED,UNKNOWN,UNKNOWN,
places.neighbourhood-category,areas,places,fr-FR,fr,UNKNOWN,NO,0,,,,UNMEASURED,UNKNOWN,UNKNOWN,
places.neighbourhood-category,areas,places,es-ES,es,UNKNOWN,NO,0,,,,UNMEASURED,UNKNOWN,UNKNOWN,
places.neighbourhood-category,areas,places,it-IT,it,UNKNOWN,NO,0,,,,UNMEASURED,UNKNOWN,UNKNOWN,
places.neighbourhood-category,areas,places,nl-NL,nl,UNKNOWN,NO,0,,,,UNMEASURED,UNKNOWN,UNKNOWN,
places.neighbourhood-category,areas,places,pl-PL,pl,UNKNOWN,NO,0,,,,UNMEASURED,UNKNOWN,UNKNOWN,
places.neighbourhood-category,areas,places,ja-JP,jp,UNKNOWN,NO,0,,,,UNMEASURED,UNKNOWN,UNKNOWN,
places.neighbourhood-category,areas,places,zh-Hant-TW,tw,UNKNOWN,NO,0,,,,UNMEASURED,UNKNOWN,UNKNOWN,
places.neighbourhood-category,areas,places,pt-BR,br,UNKNOWN,NO,0,,,,UNMEASURED,UNKNOWN,UNKNOWN,
services.country-admin,move,services,en-US,us,UNKNOWN,NO,0,,,,UNMEASURED,UNKNOWN,UNKNOWN,
services.country-admin,move,services,en-GB,gb,UNKNOWN,NO,0,,,,UNMEASURED,UNKNOWN,UNKNOWN,
services.country-admin,move,services,de-DE,de,UNKNOWN,NO,0,,,,UNMEASURED,UNKNOWN,UNKNOWN,
services.country-admin,move,services,fr-FR,fr,UNKNOWN,NO,0,,,,UNMEASURED,UNKNOWN,UNKNOWN,
services.country-admin,move,services,es-ES,es,UNKNOWN,NO,0,,,,UNMEASURED,UNKNOWN,UNKNOWN,
services.country-admin,move,services,it-IT,it,YES,YES,1,50,50,0,WEAK_DEMAND,YES,LIKELY,
services.country-admin,move,services,nl-NL,nl,UNKNOWN,NO,0,,,,UNMEASURED,UNKNOWN,UNKNOWN,
services.country-admin,move,services,pl-PL,pl,UNKNOWN,NO,0,,,,UNMEASURED,UNKNOWN,UNKNOWN,
services.country-admin,move,services,ja-JP,jp,UNKNOWN,NO,0,,,,UNMEASURED,UNKNOWN,UNKNOWN,
services.country-admin,move,services,zh-Hant-TW,tw,UNKNOWN,NO,0,,,,UNMEASURED,UNKNOWN,UNKNOWN,
services.country-admin,move,services,pt-BR,br,YES,YES,1,350,350,0,MODERATE_DEMAND,YES,LIKELY,
transport.route-from-market,transport,transport,en-US,us,UNKNOWN,NO,0,,,,UNMEASURED,UNKNOWN,UNKNOWN,
transport.route-from-market,transport,transport,en-GB,gb,UNKNOWN,NO,0,,,,UNMEASURED,UNKNOWN,UNKNOWN,
transport.route-from-market,transport,transport,de-DE,de,UNKNOWN,NO,0,,,,UNMEASURED,UNKNOWN,UNKNOWN,
transport.route-from-market,transport,transport,fr-FR,fr,UNKNOWN,NO,0,,,,UNMEASURED,UNKNOWN,UNKNOWN,
transport.route-from-market,transport,transport,es-ES,es,UNKNOWN,NO,0,,,,UNMEASURED,UNKNOWN,UNKNOWN,
transport.route-from-market,transport,transport,it-IT,it,UNKNOWN,NO,0,,,,UNMEASURED,UNKNOWN,UNKNOWN,
transport.route-from-market,transport,transport,nl-NL,nl,UNKNOWN,NO,0,,,,UNMEASURED,UNKNOWN,UNKNOWN,
transport.route-from-market,transport,transport,pl-PL,pl,UNKNOWN,NO,0,,,,UNMEASURED,UNKNOWN,UNKNOWN,
transport.route-from-market,transport,transport,ja-JP,jp,UNKNOWN,NO,0,,,,UNMEASURED,UNKNOWN,UNKNOWN,
transport.route-from-market,transport,transport,zh-Hant-TW,tw,UNKNOWN,NO,0,,,,UNMEASURED,UNKNOWN,UNKNOWN,
transport.route-from-market,transport,transport,pt-BR,br,UNKNOWN,NO,0,,,,UNMEASURED,UNKNOWN,UNKNOWN,
safety.country-advice,safety,safety,en-US,us,UNKNOWN,NO,0,,,,UNMEASURED,UNKNOWN,UNKNOWN,
safety.country-advice,safety,safety,en-GB,gb,UNKNOWN,NO,0,,,,UNMEASURED,UNKNOWN,UNKNOWN,
safety.country-advice,safety,safety,de-DE,de,UNKNOWN,NO,0,,,,UNMEASURED,UNKNOWN,UNKNOWN,
safety.country-advice,safety,safety,fr-FR,fr,UNKNOWN,NO,0,,,,UNMEASURED,UNKNOWN,UNKNOWN,
safety.country-advice,safety,safety,es-ES,es,UNKNOWN,NO,0,,,,UNMEASURED,UNKNOWN,UNKNOWN,
safety.country-advice,safety,safety,it-IT,it,UNKNOWN,NO,0,,,,UNMEASURED,UNKNOWN,UNKNOWN,
safety.country-advice,safety,safety,nl-NL,nl,UNKNOWN,NO,0,,,,UNMEASURED,UNKNOWN,UNKNOWN,
safety.country-advice,safety,safety,pl-PL,pl,UNKNOWN,NO,0,,,,UNMEASURED,UNKNOWN,UNKNOWN,
safety.country-advice,safety,safety,ja-JP,jp,UNKNOWN,NO,0,,,,UNMEASURED,UNKNOWN,UNKNOWN,
safety.country-advice,safety,safety,zh-Hant-TW,tw,UNKNOWN,NO,0,,,,UNMEASURED,UNKNOWN,UNKNOWN,
safety.country-advice,safety,safety,pt-BR,br,UNKNOWN,NO,0,,,,UNMEASURED,UNKNOWN,UNKNOWN,
transport.airport-to-city,transport,transport,en-US,us,UNKNOWN,NO,0,,,,UNMEASURED,UNKNOWN,UNKNOWN,
transport.airport-to-city,transport,transport,en-GB,gb,UNKNOWN,NO,0,,,,UNMEASURED,UNKNOWN,YES,OPEN
transport.airport-to-city,transport,transport,de-DE,de,NO,YES,1,0,0,0,NEGLIGIBLE_DEMAND,YES,LIKELY,
transport.airport-to-city,transport,transport,fr-FR,fr,NO,YES,1,0,0,0,NEGLIGIBLE_DEMAND,YES,LIKELY,
transport.airport-to-city,transport,transport,es-ES,es,NO,YES,1,10,10,0,NEGLIGIBLE_DEMAND,YES,LIKELY,
transport.airport-to-city,transport,transport,it-IT,it,NO,YES,2,30,30,4,NEGLIGIBLE_DEMAND,YES,LIKELY,
transport.airport-to-city,transport,transport,nl-NL,nl,NO,YES,1,0,0,0,NEGLIGIBLE_DEMAND,YES,LIKELY,
transport.airport-to-city,transport,transport,pl-PL,pl,NO,YES,1,0,0,0,NEGLIGIBLE_DEMAND,YES,LIKELY,
transport.airport-to-city,transport,transport,ja-JP,jp,NO,YES,1,10,10,0,NEGLIGIBLE_DEMAND,YES,LIKELY,
transport.airport-to-city,transport,transport,zh-Hant-TW,tw,UNKNOWN,NO,0,,,,UNMEASURED,UNKNOWN,UNKNOWN,
transport.airport-to-city,transport,transport,pt-BR,br,UNKNOWN,NO,0,,,,UNMEASURED,UNKNOWN,UNKNOWN,
sport.city-activity,sport,sport,en-US,us,NO,YES,2,10,10,11,NEGLIGIBLE_DEMAND,YES,LIKELY,
sport.city-activity,sport,sport,en-GB,gb,YES,YES,2,600,600,1,MODERATE_DEMAND,YES,LIKELY,
sport.city-activity,sport,sport,de-DE,de,YES,YES,2,100,100,1,WEAK_DEMAND,YES,LIKELY,
sport.city-activity,sport,sport,fr-FR,fr,YES,YES,2,150,150,0,WEAK_DEMAND,YES,LIKELY,
sport.city-activity,sport,sport,es-ES,es,NO,YES,1,30,30,0,NEGLIGIBLE_DEMAND,YES,LIKELY,
sport.city-activity,sport,sport,it-IT,it,NO,YES,1,30,30,0,NEGLIGIBLE_DEMAND,YES,LIKELY,
sport.city-activity,sport,sport,nl-NL,nl,YES,YES,2,50,50,20,WEAK_DEMAND,YES,LIKELY,
sport.city-activity,sport,sport,pl-PL,pl,NO,YES,2,40,40,43,NEGLIGIBLE_DEMAND,YES,LIKELY,
sport.city-activity,sport,sport,ja-JP,jp,YES,YES,3,350,400,0,MODERATE_DEMAND,YES,LIKELY,
sport.city-activity,sport,sport,zh-Hant-TW,tw,NO,YES,1,20,20,0,NEGLIGIBLE_DEMAND,YES,LIKELY,
sport.city-activity,sport,sport,pt-BR,br,UNKNOWN,NO,0,,,,UNMEASURED,UNKNOWN,UNKNOWN,
transport.city-getting-around,transport,transport,en-US,us,YES,YES,2,900,900,60,MODERATE_DEMAND,YES,LIKELY,
transport.city-getting-around,transport,transport,en-GB,gb,YES,YES,1,40000,40000,42,VALIDATED_DEMAND,YES,LIKELY,
transport.city-getting-around,transport,transport,de-DE,de,YES,YES,2,29000,29000,48,VALIDATED_DEMAND,YES,LIKELY,
transport.city-getting-around,transport,transport,fr-FR,fr,YES,YES,2,1000,1000,70,STRONG_DEMAND,YES,LIKELY,
transport.city-getting-around,transport,transport,es-ES,es,YES,YES,2,900,900,28,MODERATE_DEMAND,YES,LIKELY,
transport.city-getting-around,transport,transport,it-IT,it,YES,YES,2,3600,3600,0,STRONG_DEMAND,YES,LIKELY,
transport.city-getting-around,transport,transport,nl-NL,nl,YES,YES,1,700,700,24,MODERATE_DEMAND,YES,LIKELY,
transport.city-getting-around,transport,transport,pl-PL,pl,YES,YES,2,7200,7200,72,VALIDATED_DEMAND,YES,LIKELY,
transport.city-getting-around,transport,transport,ja-JP,jp,YES,YES,1,1800,1800,0,STRONG_DEMAND,YES,LIKELY,
transport.city-getting-around,transport,transport,zh-Hant-TW,tw,UNKNOWN,NO,0,,,,UNMEASURED,UNKNOWN,UNKNOWN,
transport.city-getting-around,transport,transport,pt-BR,br,UNKNOWN,NO,0,,,,UNMEASURED,UNKNOWN,UNKNOWN,
work.city-jobs-category,work,work,en-US,us,UNKNOWN,NO,0,,,,UNMEASURED,UNKNOWN,UNKNOWN,
work.city-jobs-category,work,work,en-GB,gb,UNKNOWN,NO,0,,,,UNMEASURED,UNKNOWN,UNKNOWN,
work.city-jobs-category,work,work,de-DE,de,NO,YES,1,40,40,0,NEGLIGIBLE_DEMAND,YES,LIKELY,
work.city-jobs-category,work,work,fr-FR,fr,NO,YES,1,0,0,0,NEGLIGIBLE_DEMAND,YES,LIKELY,
work.city-jobs-category,work,work,es-ES,es,UNKNOWN,NO,0,,,,UNMEASURED,UNKNOWN,UNKNOWN,
work.city-jobs-category,work,work,it-IT,it,NO,YES,1,0,0,0,NEGLIGIBLE_DEMAND,YES,LIKELY,
work.city-jobs-category,work,work,nl-NL,nl,NO,YES,1,0,0,0,NEGLIGIBLE_DEMAND,YES,LIKELY,
work.city-jobs-category,work,work,pl-PL,pl,NO,YES,1,0,0,0,NEGLIGIBLE_DEMAND,YES,LIKELY,
work.city-jobs-category,work,work,ja-JP,jp,UNKNOWN,NO,0,,,,UNMEASURED,UNKNOWN,UNKNOWN,
work.city-jobs-category,work,work,zh-Hant-TW,tw,UNKNOWN,NO,0,,,,UNMEASURED,UNKNOWN,UNKNOWN,
work.city-jobs-category,work,work,pt-BR,br,UNKNOWN,NO,0,,,,UNMEASURED,UNKNOWN,UNKNOWN,
sport.route,sport,sport,en-US,us,NO,YES,1,10,10,0,NEGLIGIBLE_DEMAND,YES,LIKELY,
sport.route,sport,sport,en-GB,gb,YES,YES,2,350,350,3,MODERATE_DEMAND,YES,LIKELY,
sport.route,sport,sport,de-DE,de,YES,YES,1,300,300,12,MODERATE_DEMAND,YES,LIKELY,
sport.route,sport,sport,fr-FR,fr,YES,YES,1,200,200,10,WEAK_DEMAND,YES,LIKELY,
sport.route,sport,sport,es-ES,es,YES,YES,2,250,250,2,WEAK_DEMAND,YES,LIKELY,
sport.route,sport,sport,it-IT,it,YES,YES,2,400,400,0,MODERATE_DEMAND,YES,LIKELY,
sport.route,sport,sport,nl-NL,nl,YES,YES,1,150,150,1,WEAK_DEMAND,YES,LIKELY,
sport.route,sport,sport,pl-PL,pl,YES,YES,1,100,100,1,WEAK_DEMAND,YES,LIKELY,
sport.route,sport,sport,ja-JP,jp,UNKNOWN,NO,0,,,,UNMEASURED,UNKNOWN,UNKNOWN,
sport.route,sport,sport,zh-Hant-TW,tw,YES,YES,2,50,50,1,WEAK_DEMAND,YES,LIKELY,
sport.route,sport,sport,pt-BR,br,NO,YES,1,20,20,0,NEGLIGIBLE_DEMAND,YES,LIKELY,
places.poi,areas,places,en-US,us,UNKNOWN,NO,0,,,,UNMEASURED,UNKNOWN,UNKNOWN,
places.poi,areas,places,en-GB,gb,UNKNOWN,NO,0,,,,UNMEASURED,UNKNOWN,UNKNOWN,
places.poi,areas,places,de-DE,de,UNKNOWN,NO,0,,,,UNMEASURED,UNKNOWN,UNKNOWN,
places.poi,areas,places,fr-FR,fr,UNKNOWN,NO,0,,,,UNMEASURED,UNKNOWN,UNKNOWN,
places.poi,areas,places,es-ES,es,UNKNOWN,NO,0,,,,UNMEASURED,UNKNOWN,UNKNOWN,
places.poi,areas,places,it-IT,it,UNKNOWN,NO,0,,,,UNMEASURED,UNKNOWN,UNKNOWN,
places.poi,areas,places,nl-NL,nl,UNKNOWN,NO,0,,,,UNMEASURED,UNKNOWN,UNKNOWN,
places.poi,areas,places,pl-PL,pl,UNKNOWN,NO,0,,,,UNMEASURED,UNKNOWN,UNKNOWN,
places.poi,areas,places,ja-JP,jp,UNKNOWN,NO,0,,,,UNMEASURED,UNKNOWN,UNKNOWN,
places.poi,areas,places,zh-Hant-TW,tw,UNKNOWN,NO,0,,,,UNMEASURED,UNKNOWN,UNKNOWN,
places.poi,areas,places,pt-BR,br,UNKNOWN,NO,0,,,,UNMEASURED,UNKNOWN,UNKNOWN,
events.city-calendar,pulse,events,en-US,us,UNKNOWN,NO,0,,,,UNMEASURED,UNKNOWN,UNKNOWN,
events.city-calendar,pulse,events,en-GB,gb,UNKNOWN,NO,0,,,,UNMEASURED,UNKNOWN,UNKNOWN,
events.city-calendar,pulse,events,de-DE,de,UNKNOWN,NO,0,,,,UNMEASURED,UNKNOWN,UNKNOWN,
events.city-calendar,pulse,events,fr-FR,fr,UNKNOWN,NO,0,,,,UNMEASURED,UNKNOWN,UNKNOWN,
events.city-calendar,pulse,events,es-ES,es,UNKNOWN,NO,0,,,,UNMEASURED,UNKNOWN,UNKNOWN,
events.city-calendar,pulse,events,it-IT,it,UNKNOWN,NO,0,,,,UNMEASURED,UNKNOWN,UNKNOWN,
events.city-calendar,pulse,events,nl-NL,nl,UNKNOWN,NO,0,,,,UNMEASURED,UNKNOWN,UNKNOWN,
events.city-calendar,pulse,events,pl-PL,pl,UNKNOWN,NO,0,,,,UNMEASURED,UNKNOWN,UNKNOWN,
events.city-calendar,pulse,events,ja-JP,jp,UNKNOWN,NO,0,,,,UNMEASURED,UNKNOWN,UNKNOWN,
events.city-calendar,pulse,events,zh-Hant-TW,tw,UNKNOWN,NO,0,,,,UNMEASURED,UNKNOWN,UNKNOWN,
events.city-calendar,pulse,events,pt-BR,br,UNKNOWN,NO,0,,,,UNMEASURED,UNKNOWN,UNKNOWN,
activities.city-things-to-do,areas,activities,en-US,us,YES,YES,3,1000,31000,0,STRONG_DEMAND,YES,LIKELY,
activities.city-things-to-do,areas,activities,en-GB,gb,YES,YES,8,2400,6800,0,STRONG_DEMAND,YES,YES,OPEN
activities.city-things-to-do,areas,activities,de-DE,de,YES,YES,9,1200,15000,0,STRONG_DEMAND,YES,LIKELY,
activities.city-things-to-do,areas,activities,fr-FR,fr,YES,YES,2,1400,1400,8,STRONG_DEMAND,YES,LIKELY,
activities.city-things-to-do,areas,activities,es-ES,es,YES,YES,9,4900,8900,0,STRONG_DEMAND,YES,YES,OPEN
activities.city-things-to-do,areas,activities,it-IT,it,YES,YES,7,500,11000,0,MODERATE_DEMAND,YES,LIKELY,
activities.city-things-to-do,areas,activities,nl-NL,nl,YES,YES,3,1000,5300,7,STRONG_DEMAND,YES,LIKELY,
activities.city-things-to-do,areas,activities,pl-PL,pl,NO,YES,10,40,1700,0,NEGLIGIBLE_DEMAND,YES,LIKELY,
activities.city-things-to-do,areas,activities,ja-JP,jp,YES,YES,2,78000,78000,0,VALIDATED_DEMAND,YES,YES,COMPETITIVE
activities.city-things-to-do,areas,activities,zh-Hant-TW,tw,YES,YES,2,4900,4900,0,STRONG_DEMAND,YES,LIKELY,
activities.city-things-to-do,areas,activities,pt-BR,br,YES,YES,8,250,1400,0,WEAK_DEMAND,YES,LIKELY,
destinations.country-hub,areas,destinations,en-US,us,UNKNOWN,NO,0,,,,UNMEASURED,UNKNOWN,UNKNOWN,
destinations.country-hub,areas,destinations,en-GB,gb,UNKNOWN,NO,0,,,,UNMEASURED,UNKNOWN,UNKNOWN,
destinations.country-hub,areas,destinations,de-DE,de,UNKNOWN,NO,0,,,,UNMEASURED,UNKNOWN,UNKNOWN,
destinations.country-hub,areas,destinations,fr-FR,fr,UNKNOWN,NO,0,,,,UNMEASURED,UNKNOWN,UNKNOWN,
destinations.country-hub,areas,destinations,es-ES,es,UNKNOWN,NO,0,,,,UNMEASURED,UNKNOWN,UNKNOWN,
destinations.country-hub,areas,destinations,it-IT,it,UNKNOWN,NO,0,,,,UNMEASURED,UNKNOWN,UNKNOWN,
destinations.country-hub,areas,destinations,nl-NL,nl,UNKNOWN,NO,0,,,,UNMEASURED,UNKNOWN,UNKNOWN,
destinations.country-hub,areas,destinations,pl-PL,pl,UNKNOWN,NO,0,,,,UNMEASURED,UNKNOWN,UNKNOWN,
destinations.country-hub,areas,destinations,ja-JP,jp,UNKNOWN,NO,0,,,,UNMEASURED,UNKNOWN,UNKNOWN,
destinations.country-hub,areas,destinations,zh-Hant-TW,tw,UNKNOWN,NO,0,,,,UNMEASURED,UNKNOWN,UNKNOWN,
destinations.country-hub,areas,destinations,pt-BR,br,UNKNOWN,NO,0,,,,UNMEASURED,UNKNOWN,UNKNOWN,
weather.city-best-time,climate,weather,en-US,us,YES,YES,1,1900,1900,0,STRONG_DEMAND,YES,LIKELY,
weather.city-best-time,climate,weather,en-GB,gb,YES,YES,2,1020000,1020000,6,VALIDATED_DEMAND,YES,LIKELY,
weather.city-best-time,climate,weather,de-DE,de,YES,YES,2,200,200,0,WEAK_DEMAND,YES,LIKELY,
weather.city-best-time,climate,weather,fr-FR,fr,YES,YES,1,700,700,33,MODERATE_DEMAND,YES,LIKELY,
weather.city-best-time,climate,weather,es-ES,es,YES,YES,2,16000,16000,1,VALIDATED_DEMAND,YES,LIKELY,
weather.city-best-time,climate,weather,it-IT,it,YES,YES,2,500,500,4,MODERATE_DEMAND,YES,LIKELY,
weather.city-best-time,climate,weather,nl-NL,nl,YES,YES,1,100,100,0,WEAK_DEMAND,YES,LIKELY,
weather.city-best-time,climate,weather,pl-PL,pl,NO,YES,2,40,40,0,NEGLIGIBLE_DEMAND,YES,LIKELY,
weather.city-best-time,climate,weather,ja-JP,jp,YES,YES,1,60,60,0,WEAK_DEMAND,YES,LIKELY,
weather.city-best-time,climate,weather,zh-Hant-TW,tw,NO,YES,1,10,10,4,NEGLIGIBLE_DEMAND,YES,LIKELY,
weather.city-best-time,climate,weather,pt-BR,br,YES,YES,4,1400,36000,0,STRONG_DEMAND,YES,LIKELY,
community.city-topic,community,community,en-US,us,UNKNOWN,NO,0,,,,UNMEASURED,UNKNOWN,UNKNOWN,
community.city-topic,community,community,en-GB,gb,UNKNOWN,NO,0,,,,UNMEASURED,UNKNOWN,UNKNOWN,
community.city-topic,community,community,de-DE,de,UNKNOWN,NO,0,,,,UNMEASURED,UNKNOWN,UNKNOWN,
community.city-topic,community,community,fr-FR,fr,UNKNOWN,NO,0,,,,UNMEASURED,UNKNOWN,UNKNOWN,
community.city-topic,community,community,es-ES,es,UNKNOWN,NO,0,,,,UNMEASURED,UNKNOWN,UNKNOWN,
community.city-topic,community,community,it-IT,it,UNKNOWN,NO,0,,,,UNMEASURED,UNKNOWN,UNKNOWN,
community.city-topic,community,community,nl-NL,nl,UNKNOWN,NO,0,,,,UNMEASURED,UNKNOWN,UNKNOWN,
community.city-topic,community,community,pl-PL,pl,UNKNOWN,NO,0,,,,UNMEASURED,UNKNOWN,UNKNOWN,
community.city-topic,community,community,ja-JP,jp,UNKNOWN,NO,0,,,,UNMEASURED,UNKNOWN,UNKNOWN,
community.city-topic,community,community,zh-Hant-TW,tw,UNKNOWN,NO,0,,,,UNMEASURED,UNKNOWN,UNKNOWN,
community.city-topic,community,community,pt-BR,br,UNKNOWN,NO,0,,,,UNMEASURED,UNKNOWN,UNKNOWN,
destinations.city-hub,areas,destinations,en-US,us,UNKNOWN,NO,0,,,,UNMEASURED,UNKNOWN,UNKNOWN,
destinations.city-hub,areas,destinations,en-GB,gb,UNKNOWN,NO,0,,,,UNMEASURED,UNKNOWN,UNKNOWN,
destinations.city-hub,areas,destinations,de-DE,de,UNKNOWN,NO,0,,,,UNMEASURED,UNKNOWN,UNKNOWN,
destinations.city-hub,areas,destinations,fr-FR,fr,UNKNOWN,NO,0,,,,UNMEASURED,UNKNOWN,UNKNOWN,
destinations.city-hub,areas,destinations,es-ES,es,UNKNOWN,NO,0,,,,UNMEASURED,UNKNOWN,UNKNOWN,
destinations.city-hub,areas,destinations,it-IT,it,UNKNOWN,NO,0,,,,UNMEASURED,UNKNOWN,UNKNOWN,
destinations.city-hub,areas,destinations,nl-NL,nl,UNKNOWN,NO,0,,,,UNMEASURED,UNKNOWN,UNKNOWN,
destinations.city-hub,areas,destinations,pl-PL,pl,UNKNOWN,NO,0,,,,UNMEASURED,UNKNOWN,UNKNOWN,
destinations.city-hub,areas,destinations,ja-JP,jp,UNKNOWN,NO,0,,,,UNMEASURED,UNKNOWN,UNKNOWN,
destinations.city-hub,areas,destinations,zh-Hant-TW,tw,UNKNOWN,NO,0,,,,UNMEASURED,UNKNOWN,UNKNOWN,
destinations.city-hub,areas,destinations,pt-BR,br,UNKNOWN,NO,0,,,,UNMEASURED,UNKNOWN,UNKNOWN,
airports.guide,transport,airports,en-US,us,UNKNOWN,NO,0,,,,UNMEASURED,UNKNOWN,UNKNOWN,
airports.guide,transport,airports,en-GB,gb,UNKNOWN,NO,0,,,,UNMEASURED,UNKNOWN,UNKNOWN,
airports.guide,transport,airports,de-DE,de,UNKNOWN,NO,0,,,,UNMEASURED,UNKNOWN,UNKNOWN,
airports.guide,transport,airports,fr-FR,fr,UNKNOWN,NO,0,,,,UNMEASURED,UNKNOWN,UNKNOWN,
airports.guide,transport,airports,es-ES,es,UNKNOWN,NO,0,,,,UNMEASURED,UNKNOWN,UNKNOWN,
airports.guide,transport,airports,it-IT,it,UNKNOWN,NO,0,,,,UNMEASURED,UNKNOWN,UNKNOWN,
airports.guide,transport,airports,nl-NL,nl,UNKNOWN,NO,0,,,,UNMEASURED,UNKNOWN,UNKNOWN,
airports.guide,transport,airports,pl-PL,pl,UNKNOWN,NO,0,,,,UNMEASURED,UNKNOWN,UNKNOWN,
airports.guide,transport,airports,ja-JP,jp,UNKNOWN,NO,0,,,,UNMEASURED,UNKNOWN,UNKNOWN,
airports.guide,transport,airports,zh-Hant-TW,tw,UNKNOWN,NO,0,,,,UNMEASURED,UNKNOWN,UNKNOWN,
airports.guide,transport,airports,pt-BR,br,UNKNOWN,NO,0,,,,UNMEASURED,UNKNOWN,UNKNOWN,
services.city-practical,move,services,en-US,us,YES,YES,1,200,200,25,WEAK_DEMAND,YES,LIKELY,
services.city-practical,move,services,en-GB,gb,UNKNOWN,NO,0,,,,UNMEASURED,UNKNOWN,UNKNOWN,
services.city-practical,move,services,de-DE,de,YES,YES,2,14000,14000,61,VALIDATED_DEMAND,YES,LIKELY,
services.city-practical,move,services,fr-FR,fr,YES,YES,1,400,400,0,MODERATE_DEMAND,YES,LIKELY,
services.city-practical,move,services,es-ES,es,UNKNOWN,NO,0,,,,UNMEASURED,UNKNOWN,UNKNOWN,
services.city-practical,move,services,it-IT,it,UNKNOWN,NO,0,,,,UNMEASURED,UNKNOWN,UNKNOWN,
services.city-practical,move,services,nl-NL,nl,YES,YES,1,600,600,0,MODERATE_DEMAND,YES,LIKELY,
services.city-practical,move,services,pl-PL,pl,NO,YES,1,40,40,4,NEGLIGIBLE_DEMAND,YES,LIKELY,
services.city-practical,move,services,ja-JP,jp,UNKNOWN,NO,0,,,,UNMEASURED,UNKNOWN,UNKNOWN,
services.city-practical,move,services,zh-Hant-TW,tw,UNKNOWN,NO,0,,,,UNMEASURED,UNKNOWN,UNKNOWN,
services.city-practical,move,services,pt-BR,br,UNKNOWN,NO,0,,,,UNMEASURED,UNKNOWN,UNKNOWN,
weather.city-month,climate,weather,en-US,us,UNKNOWN,NO,0,,,,UNMEASURED,UNKNOWN,UNKNOWN,
weather.city-month,climate,weather,en-GB,gb,UNKNOWN,NO,0,,,,UNMEASURED,UNKNOWN,UNKNOWN,
weather.city-month,climate,weather,de-DE,de,UNKNOWN,NO,0,,,,UNMEASURED,UNKNOWN,UNKNOWN,
weather.city-month,climate,weather,fr-FR,fr,UNKNOWN,NO,0,,,,UNMEASURED,UNKNOWN,UNKNOWN,
weather.city-month,climate,weather,es-ES,es,UNKNOWN,NO,0,,,,UNMEASURED,UNKNOWN,UNKNOWN,
weather.city-month,climate,weather,it-IT,it,YES,YES,1,60,60,0,WEAK_DEMAND,YES,LIKELY,
weather.city-month,climate,weather,nl-NL,nl,UNKNOWN,NO,0,,,,UNMEASURED,UNKNOWN,UNKNOWN,
weather.city-month,climate,weather,pl-PL,pl,UNKNOWN,NO,0,,,,UNMEASURED,UNKNOWN,UNKNOWN,
weather.city-month,climate,weather,ja-JP,jp,UNKNOWN,NO,0,,,,UNMEASURED,UNKNOWN,UNKNOWN,
weather.city-month,climate,weather,zh-Hant-TW,tw,UNKNOWN,NO,0,,,,UNMEASURED,UNKNOWN,UNKNOWN,
weather.city-month,climate,weather,pt-BR,br,UNKNOWN,NO,0,,,,UNMEASURED,UNKNOWN,UNKNOWN,
pulse.country-holidays,pulse,events,en-US,us,UNKNOWN,NO,0,,,,UNMEASURED,UNKNOWN,UNKNOWN,
pulse.country-holidays,pulse,events,en-GB,gb,YES,YES,2,415000,415000,3,VALIDATED_DEMAND,YES,YES,OPEN
pulse.country-holidays,pulse,events,de-DE,de,UNKNOWN,NO,0,,,,UNMEASURED,UNKNOWN,UNKNOWN,
pulse.country-holidays,pulse,events,fr-FR,fr,UNKNOWN,NO,0,,,,UNMEASURED,UNKNOWN,UNKNOWN,
pulse.country-holidays,pulse,events,es-ES,es,YES,YES,1,1000,1000,1,STRONG_DEMAND,YES,LIKELY,
pulse.country-holidays,pulse,events,it-IT,it,YES,YES,1,5900,5900,0,VALIDATED_DEMAND,YES,LIKELY,
pulse.country-holidays,pulse,events,nl-NL,nl,UNKNOWN,NO,0,,,,UNMEASURED,UNKNOWN,UNKNOWN,
pulse.country-holidays,pulse,events,pl-PL,pl,UNKNOWN,NO,0,,,,UNMEASURED,UNKNOWN,UNKNOWN,
pulse.country-holidays,pulse,events,ja-JP,jp,YES,YES,2,19000,19000,12,VALIDATED_DEMAND,YES,LIKELY,
pulse.country-holidays,pulse,events,zh-Hant-TW,tw,YES,YES,1,4500,4500,4,STRONG_DEMAND,YES,LIKELY,
pulse.country-holidays,pulse,events,pt-BR,br,YES,YES,1,705000,705000,0,VALIDATED_DEMAND,YES,LIKELY,
pulse.subdivision-holidays,pulse,events,en-US,us,UNKNOWN,NO,0,,,,UNMEASURED,UNKNOWN,UNKNOWN,
pulse.subdivision-holidays,pulse,events,en-GB,gb,UNKNOWN,NO,0,,,,UNMEASURED,UNKNOWN,UNKNOWN,
pulse.subdivision-holidays,pulse,events,de-DE,de,UNKNOWN,NO,0,,,,UNMEASURED,UNKNOWN,UNKNOWN,
pulse.subdivision-holidays,pulse,events,fr-FR,fr,UNKNOWN,NO,0,,,,UNMEASURED,UNKNOWN,UNKNOWN,
pulse.subdivision-holidays,pulse,events,es-ES,es,UNKNOWN,NO,0,,,,UNMEASURED,UNKNOWN,UNKNOWN,
pulse.subdivision-holidays,pulse,events,it-IT,it,UNKNOWN,NO,0,,,,UNMEASURED,UNKNOWN,UNKNOWN,
pulse.subdivision-holidays,pulse,events,nl-NL,nl,UNKNOWN,NO,0,,,,UNMEASURED,UNKNOWN,UNKNOWN,
pulse.subdivision-holidays,pulse,events,pl-PL,pl,UNKNOWN,NO,0,,,,UNMEASURED,UNKNOWN,UNKNOWN,
pulse.subdivision-holidays,pulse,events,ja-JP,jp,UNKNOWN,NO,0,,,,UNMEASURED,UNKNOWN,UNKNOWN,
pulse.subdivision-holidays,pulse,events,zh-Hant-TW,tw,UNKNOWN,NO,0,,,,UNMEASURED,UNKNOWN,UNKNOWN,
pulse.subdivision-holidays,pulse,events,pt-BR,br,UNKNOWN,NO,0,,,,UNMEASURED,UNKNOWN,UNKNOWN,
pulse.named-holiday-date,pulse,events,en-US,us,UNKNOWN,NO,0,,,,UNMEASURED,UNKNOWN,UNKNOWN,
pulse.named-holiday-date,pulse,events,en-GB,gb,UNKNOWN,NO,0,,,,UNMEASURED,UNKNOWN,UNKNOWN,
pulse.named-holiday-date,pulse,events,de-DE,de,UNKNOWN,NO,0,,,,UNMEASURED,UNKNOWN,UNKNOWN,
pulse.named-holiday-date,pulse,events,fr-FR,fr,UNKNOWN,NO,0,,,,UNMEASURED,UNKNOWN,UNKNOWN,
pulse.named-holiday-date,pulse,events,es-ES,es,UNKNOWN,NO,0,,,,UNMEASURED,UNKNOWN,UNKNOWN,
pulse.named-holiday-date,pulse,events,it-IT,it,UNKNOWN,NO,0,,,,UNMEASURED,UNKNOWN,UNKNOWN,
pulse.named-holiday-date,pulse,events,nl-NL,nl,UNKNOWN,NO,0,,,,UNMEASURED,UNKNOWN,UNKNOWN,
pulse.named-holiday-date,pulse,events,pl-PL,pl,UNKNOWN,NO,0,,,,UNMEASURED,UNKNOWN,UNKNOWN,
pulse.named-holiday-date,pulse,events,ja-JP,jp,UNKNOWN,NO,0,,,,UNMEASURED,UNKNOWN,UNKNOWN,
pulse.named-holiday-date,pulse,events,zh-Hant-TW,tw,UNKNOWN,NO,0,,,,UNMEASURED,UNKNOWN,UNKNOWN,
pulse.named-holiday-date,pulse,events,pt-BR,br,UNKNOWN,NO,0,,,,UNMEASURED,UNKNOWN,UNKNOWN,
pulse.named-holiday-regions,pulse,events,en-US,us,UNKNOWN,NO,0,,,,UNMEASURED,UNKNOWN,UNKNOWN,
pulse.named-holiday-regions,pulse,events,en-GB,gb,UNKNOWN,NO,0,,,,UNMEASURED,UNKNOWN,UNKNOWN,
pulse.named-holiday-regions,pulse,events,de-DE,de,UNKNOWN,NO,0,,,,UNMEASURED,UNKNOWN,UNKNOWN,
pulse.named-holiday-regions,pulse,events,fr-FR,fr,UNKNOWN,NO,0,,,,UNMEASURED,UNKNOWN,UNKNOWN,
pulse.named-holiday-regions,pulse,events,es-ES,es,UNKNOWN,NO,0,,,,UNMEASURED,UNKNOWN,UNKNOWN,
pulse.named-holiday-regions,pulse,events,it-IT,it,UNKNOWN,NO,0,,,,UNMEASURED,UNKNOWN,UNKNOWN,
pulse.named-holiday-regions,pulse,events,nl-NL,nl,UNKNOWN,NO,0,,,,UNMEASURED,UNKNOWN,UNKNOWN,
pulse.named-holiday-regions,pulse,events,pl-PL,pl,UNKNOWN,NO,0,,,,UNMEASURED,UNKNOWN,UNKNOWN,
pulse.named-holiday-regions,pulse,events,ja-JP,jp,UNKNOWN,NO,0,,,,UNMEASURED,UNKNOWN,UNKNOWN,
pulse.named-holiday-regions,pulse,events,zh-Hant-TW,tw,UNKNOWN,NO,0,,,,UNMEASURED,UNKNOWN,UNKNOWN,
pulse.named-holiday-regions,pulse,events,pt-BR,br,UNKNOWN,NO,0,,,,UNMEASURED,UNKNOWN,UNKNOWN,
pulse.long-weekends,pulse,events,en-US,us,UNKNOWN,NO,0,,,,UNMEASURED,UNKNOWN,UNKNOWN,
pulse.long-weekends,pulse,events,en-GB,gb,YES,YES,1,90,90,0,WEAK_DEMAND,YES,LIKELY,
pulse.long-weekends,pulse,events,de-DE,de,UNKNOWN,NO,0,,,,UNMEASURED,UNKNOWN,UNKNOWN,
pulse.long-weekends,pulse,events,fr-FR,fr,UNKNOWN,NO,0,,,,UNMEASURED,UNKNOWN,UNKNOWN,
pulse.long-weekends,pulse,events,es-ES,es,YES,YES,1,2200,2200,0,STRONG_DEMAND,YES,LIKELY,
pulse.long-weekends,pulse,events,it-IT,it,YES,YES,1,20000,20000,0,VALIDATED_DEMAND,YES,LIKELY,
pulse.long-weekends,pulse,events,nl-NL,nl,UNKNOWN,NO,0,,,,UNMEASURED,UNKNOWN,UNKNOWN,
pulse.long-weekends,pulse,events,pl-PL,pl,UNKNOWN,NO,0,,,,UNMEASURED,UNKNOWN,UNKNOWN,
pulse.long-weekends,pulse,events,ja-JP,jp,YES,YES,1,500,500,2,MODERATE_DEMAND,YES,LIKELY,
pulse.long-weekends,pulse,events,zh-Hant-TW,tw,YES,YES,1,22000,22000,0,VALIDATED_DEMAND,YES,LIKELY,
pulse.long-weekends,pulse,events,pt-BR,br,YES,YES,1,19000,19000,2,VALIDATED_DEMAND,YES,LIKELY,
pulse.today,pulse,events,en-US,us,UNKNOWN,NO,0,,,,UNMEASURED,UNKNOWN,UNKNOWN,
pulse.today,pulse,events,en-GB,gb,UNKNOWN,NO,0,,,,UNMEASURED,UNKNOWN,UNKNOWN,
pulse.today,pulse,events,de-DE,de,UNKNOWN,NO,0,,,,UNMEASURED,UNKNOWN,UNKNOWN,
pulse.today,pulse,events,fr-FR,fr,UNKNOWN,NO,0,,,,UNMEASURED,UNKNOWN,UNKNOWN,
pulse.today,pulse,events,es-ES,es,UNKNOWN,NO,0,,,,UNMEASURED,UNKNOWN,UNKNOWN,
pulse.today,pulse,events,it-IT,it,UNKNOWN,NO,0,,,,UNMEASURED,UNKNOWN,UNKNOWN,
pulse.today,pulse,events,nl-NL,nl,UNKNOWN,NO,0,,,,UNMEASURED,UNKNOWN,UNKNOWN,
pulse.today,pulse,events,pl-PL,pl,UNKNOWN,NO,0,,,,UNMEASURED,UNKNOWN,UNKNOWN,
pulse.today,pulse,events,ja-JP,jp,UNKNOWN,NO,0,,,,UNMEASURED,UNKNOWN,UNKNOWN,
pulse.today,pulse,events,zh-Hant-TW,tw,UNKNOWN,NO,0,,,,UNMEASURED,UNKNOWN,UNKNOWN,
pulse.today,pulse,events,pt-BR,br,UNKNOWN,NO,0,,,,UNMEASURED,UNKNOWN,UNKNOWN,
pulse.school-holidays,pulse,events,en-US,us,UNKNOWN,NO,0,,,,UNMEASURED,UNKNOWN,UNKNOWN,
pulse.school-holidays,pulse,events,en-GB,gb,YES,YES,2,30000,30000,20,VALIDATED_DEMAND,YES,LIKELY,
pulse.school-holidays,pulse,events,de-DE,de,UNKNOWN,NO,0,,,,UNMEASURED,UNKNOWN,UNKNOWN,
pulse.school-holidays,pulse,events,fr-FR,fr,UNKNOWN,NO,0,,,,UNMEASURED,UNKNOWN,UNKNOWN,
pulse.school-holidays,pulse,events,es-ES,es,UNKNOWN,NO,0,,,,UNMEASURED,UNKNOWN,UNKNOWN,
pulse.school-holidays,pulse,events,it-IT,it,UNKNOWN,NO,0,,,,UNMEASURED,UNKNOWN,UNKNOWN,
pulse.school-holidays,pulse,events,nl-NL,nl,UNKNOWN,NO,0,,,,UNMEASURED,UNKNOWN,UNKNOWN,
pulse.school-holidays,pulse,events,pl-PL,pl,UNKNOWN,NO,0,,,,UNMEASURED,UNKNOWN,UNKNOWN,
pulse.school-holidays,pulse,events,ja-JP,jp,UNKNOWN,NO,0,,,,UNMEASURED,UNKNOWN,UNKNOWN,
pulse.school-holidays,pulse,events,zh-Hant-TW,tw,UNKNOWN,NO,0,,,,UNMEASURED,UNKNOWN,UNKNOWN,
pulse.school-holidays,pulse,events,pt-BR,br,UNKNOWN,NO,0,,,,UNMEASURED,UNKNOWN,UNKNOWN,
calendar.year,tools,tools,en-US,us,UNKNOWN,NO,0,,,,UNMEASURED,UNKNOWN,UNKNOWN,
calendar.year,tools,tools,en-GB,gb,YES,YES,1,237000,237000,0,VALIDATED_DEMAND,YES,LIKELY,
calendar.year,tools,tools,de-DE,de,UNKNOWN,NO,0,,,,UNMEASURED,UNKNOWN,UNKNOWN,
calendar.year,tools,tools,fr-FR,fr,UNKNOWN,NO,0,,,,UNMEASURED,UNKNOWN,UNKNOWN,
calendar.year,tools,tools,es-ES,es,YES,YES,1,421000,421000,1,VALIDATED_DEMAND,YES,LIKELY,
calendar.year,tools,tools,it-IT,it,YES,YES,1,257000,257000,2,VALIDATED_DEMAND,YES,LIKELY,
calendar.year,tools,tools,nl-NL,nl,UNKNOWN,NO,0,,,,UNMEASURED,UNKNOWN,UNKNOWN,
calendar.year,tools,tools,pl-PL,pl,UNKNOWN,NO,0,,,,UNMEASURED,UNKNOWN,UNKNOWN,
calendar.year,tools,tools,ja-JP,jp,YES,YES,2,180000,180000,9,VALIDATED_DEMAND,YES,LIKELY,
calendar.year,tools,tools,zh-Hant-TW,tw,YES,YES,1,29000,29000,0,VALIDATED_DEMAND,YES,LIKELY,
calendar.year,tools,tools,pt-BR,br,YES,YES,1,766000,766000,0,VALIDATED_DEMAND,YES,LIKELY,
calendar.month,tools,tools,en-US,us,UNKNOWN,NO,0,,,,UNMEASURED,UNKNOWN,UNKNOWN,
calendar.month,tools,tools,en-GB,gb,UNKNOWN,NO,0,,,,UNMEASURED,UNKNOWN,UNKNOWN,
calendar.month,tools,tools,de-DE,de,UNKNOWN,NO,0,,,,UNMEASURED,UNKNOWN,UNKNOWN,
calendar.month,tools,tools,fr-FR,fr,UNKNOWN,NO,0,,,,UNMEASURED,UNKNOWN,UNKNOWN,
calendar.month,tools,tools,es-ES,es,UNKNOWN,NO,0,,,,UNMEASURED,UNKNOWN,UNKNOWN,
calendar.month,tools,tools,it-IT,it,UNKNOWN,NO,0,,,,UNMEASURED,UNKNOWN,UNKNOWN,
calendar.month,tools,tools,nl-NL,nl,UNKNOWN,NO,0,,,,UNMEASURED,UNKNOWN,UNKNOWN,
calendar.month,tools,tools,pl-PL,pl,UNKNOWN,NO,0,,,,UNMEASURED,UNKNOWN,UNKNOWN,
calendar.month,tools,tools,ja-JP,jp,UNKNOWN,NO,0,,,,UNMEASURED,UNKNOWN,UNKNOWN,
calendar.month,tools,tools,zh-Hant-TW,tw,UNKNOWN,NO,0,,,,UNMEASURED,UNKNOWN,UNKNOWN,
calendar.month,tools,tools,pt-BR,br,UNKNOWN,NO,0,,,,UNMEASURED,UNKNOWN,UNKNOWN,
calendar.week-numbers,tools,tools,en-US,us,UNKNOWN,NO,0,,,,UNMEASURED,UNKNOWN,UNKNOWN,
calendar.week-numbers,tools,tools,en-GB,gb,YES,YES,1,7900,7900,0,VALIDATED_DEMAND,YES,LIKELY,
calendar.week-numbers,tools,tools,de-DE,de,UNKNOWN,NO,0,,,,UNMEASURED,UNKNOWN,UNKNOWN,
calendar.week-numbers,tools,tools,fr-FR,fr,UNKNOWN,NO,0,,,,UNMEASURED,UNKNOWN,UNKNOWN,
calendar.week-numbers,tools,tools,es-ES,es,YES,YES,1,1800,1800,0,STRONG_DEMAND,YES,LIKELY,
calendar.week-numbers,tools,tools,it-IT,it,YES,YES,1,5000,5000,0,VALIDATED_DEMAND,YES,LIKELY,
calendar.week-numbers,tools,tools,nl-NL,nl,UNKNOWN,NO,0,,,,UNMEASURED,UNKNOWN,UNKNOWN,
calendar.week-numbers,tools,tools,pl-PL,pl,UNKNOWN,NO,0,,,,UNMEASURED,UNKNOWN,UNKNOWN,
calendar.week-numbers,tools,tools,ja-JP,jp,YES,YES,1,200,200,0,WEAK_DEMAND,YES,LIKELY,
calendar.week-numbers,tools,tools,zh-Hant-TW,tw,UNKNOWN,NO,0,,,,UNMEASURED,UNKNOWN,UNKNOWN,
calendar.week-numbers,tools,tools,pt-BR,br,YES,YES,1,500,500,0,MODERATE_DEMAND,YES,LIKELY,
climate.city-annual,climate,weather,en-US,us,UNKNOWN,NO,0,,,,UNMEASURED,UNKNOWN,UNKNOWN,
climate.city-annual,climate,weather,en-GB,gb,UNKNOWN,NO,0,,,,UNMEASURED,UNKNOWN,UNKNOWN,
climate.city-annual,climate,weather,de-DE,de,UNKNOWN,NO,0,,,,UNMEASURED,UNKNOWN,UNKNOWN,
climate.city-annual,climate,weather,fr-FR,fr,UNKNOWN,NO,0,,,,UNMEASURED,UNKNOWN,UNKNOWN,
climate.city-annual,climate,weather,es-ES,es,UNKNOWN,NO,0,,,,UNMEASURED,UNKNOWN,UNKNOWN,
climate.city-annual,climate,weather,it-IT,it,UNKNOWN,NO,0,,,,UNMEASURED,UNKNOWN,UNKNOWN,
climate.city-annual,climate,weather,nl-NL,nl,UNKNOWN,NO,0,,,,UNMEASURED,UNKNOWN,UNKNOWN,
climate.city-annual,climate,weather,pl-PL,pl,UNKNOWN,NO,0,,,,UNMEASURED,UNKNOWN,UNKNOWN,
climate.city-annual,climate,weather,ja-JP,jp,UNKNOWN,NO,0,,,,UNMEASURED,UNKNOWN,UNKNOWN,
climate.city-annual,climate,weather,zh-Hant-TW,tw,UNKNOWN,NO,0,,,,UNMEASURED,UNKNOWN,UNKNOWN,
climate.city-annual,climate,weather,pt-BR,br,UNKNOWN,NO,0,,,,UNMEASURED,UNKNOWN,UNKNOWN,
climate.city-day,climate,weather,en-US,us,UNKNOWN,NO,0,,,,UNMEASURED,UNKNOWN,UNKNOWN,
climate.city-day,climate,weather,en-GB,gb,UNKNOWN,NO,0,,,,UNMEASURED,UNKNOWN,UNKNOWN,
climate.city-day,climate,weather,de-DE,de,UNKNOWN,NO,0,,,,UNMEASURED,UNKNOWN,UNKNOWN,
climate.city-day,climate,weather,fr-FR,fr,UNKNOWN,NO,0,,,,UNMEASURED,UNKNOWN,UNKNOWN,
climate.city-day,climate,weather,es-ES,es,UNKNOWN,NO,0,,,,UNMEASURED,UNKNOWN,UNKNOWN,
climate.city-day,climate,weather,it-IT,it,UNKNOWN,NO,0,,,,UNMEASURED,UNKNOWN,UNKNOWN,
climate.city-day,climate,weather,nl-NL,nl,UNKNOWN,NO,0,,,,UNMEASURED,UNKNOWN,UNKNOWN,
climate.city-day,climate,weather,pl-PL,pl,UNKNOWN,NO,0,,,,UNMEASURED,UNKNOWN,UNKNOWN,
climate.city-day,climate,weather,ja-JP,jp,UNKNOWN,NO,0,,,,UNMEASURED,UNKNOWN,UNKNOWN,
climate.city-day,climate,weather,zh-Hant-TW,tw,UNKNOWN,NO,0,,,,UNMEASURED,UNKNOWN,UNKNOWN,
climate.city-day,climate,weather,pt-BR,br,UNKNOWN,NO,0,,,,UNMEASURED,UNKNOWN,UNKNOWN,
