keyword,market,family,city_tier,volume,kd,ai_overview,serp_features,top_domain,top_dr,top_traffic,weakest_top10_domain,weakest_dr,weakest_refdomains,weakest_position,weakest_traffic,aggregator_dominance,official_local_winners,winnability,pass
ristoranti milano,it-IT,places.city-category,1,10000,5,NO,people also ask,tripadvisor.it,90,8376,italysegreta.com,61,,9,68,HIGH tripadvisor michelin thefork opentable quandoo,none,AGGREGATOR_LOCKED,2026-09-30
restaurants berlin,de-DE,places.city-category,1,4900,0,NO,people also ask,tripadvisor.de,89,2194,befifty.de,10,0,7,33,MEDIUM tripadvisor at 1 only 2194 traffic,iheartberlin.de DR 52 at 2 with 1075,OPEN,2026-09-30
que ver en segovia,es-ES,activities.city-things-to-do,3,7600,2,NO,people also ask,viajeroscallejeros.com,60,3078,elsilencioboutiqueroom.es,3,0,4,1410,LOW tripadvisor only 8th with 280,turismodesegovia.com DR 61 at 5,OPEN,2026-09-30
things to do in lincoln,en-GB,activities.city-things-to-do,3,3700,0,YES,AI overview 6 sitelinks plus people also ask,tripadvisor.co.uk,91,632,lincoln-rocks.co.uk,4,0,5,311,LOW tripadvisor 3rd with 632,visitlincoln.com in AI overview only,OPEN,2026-09-30
京都 観光,ja-JP,activities.city-things-to-do,1,78000,0,YES,AI overview 4 sitelinks plus people also ask,ja.kyoto.travel,77,14410,pref.kyoto.jp,83,0,10,2418,HIGH all winners DR 70 to 83,ja.kyoto.travel and pref.kyoto.jp,COMPETITIVE,2026-09-30
eventi milano,it-IT,events.city-type,1,7600,0,NO,people also ask,happyticket.com,19,5879,ilikemilano.com,3,,6,2,LOW eventbrite only 4th with 54,comune.milano.it 5th with 11,OPEN,2026-09-30
イベント 東京,ja-JP,events.city-type,1,12000,0,YES,AI overview 4 sitelinks plus people also ask,walkerplus.com,81,2663,event.navy,2,,4,6269,LOW,city.ome.tokyo.jp 10th,OPEN,2026-09-30
veranstaltungen bayreuth,de-DE,events.city-type,3,1300,0,YES,AI overview 3 sitelinks plus people also ask,klima.landkreis-bayreuth.de,62,669,unichor-bayreuth.de,5,,5,84,LOW eventfrog 7th with 24,landkreis and uni-bayreuth dominate,OPEN_OFFICIAL_FAVOURED,2026-09-30
jobs lincoln,en-GB,work.city-jobs,3,1900,0,NO,none,simplyhired.co.uk,45,1866,simplyhired.co.uk,45,,6,1,TOTAL 100 percent job boards,none,AGGREGATOR_LOCKED,2026-09-30
wohnung mieten konstanz,de-DE,rents.city,3,4300,0,NO,people also ask,immowelt.de,85,4686,horta-immobilien.de,0,,8,304,HIGH immowelt immoscout kleinanzeigen wg-gesucht,leben-am-bodensee.de DR 20 at 3 with 1884,COMPETITIVE_PARTIAL_OPENING,2026-09-30
bank holidays 2026,en-GB,pulse.country-holidays,0,415000,0,YES,AI overview 6 sitelinks plus people also ask,essexlive.news,71,150498,movingtotheuk.co.uk,15,2,8,19925,LOW gov.uk only in AI overview,gov.uk in AI overview only,OPEN,2026-09-30
weather in rome in may,en-US,climate.city-month,1,1000,0,YES,AI overview plus knowledge card plus people also ask,accuweather.com,90,,romewise.com,45,1,4,,MEDIUM accuweather weatherspark,none,SERP_FEATURE_SUPPRESSED,2026-09-29
weather in lisbon in march,en-US,climate.city-month,1,700,0,YES,AI overview 9 sitelinks plus knowledge card plus people also ask,accuweather.com,90,446,lisbonguru.com,30,1,7,268,MEDIUM,none,SERP_FEATURE_SUPPRESSED,2026-09-29
weather in paris in october,en-US,climate.city-month,1,1400,0,YES,AI overview plus knowledge card plus people also ask,accuweather.com,90,98,weather-and-climate.com,72,,8,34,LOW nothing relevant ranks,none,SERP_FEATURE_SUPPRESSED,2026-09-29
dublin airport to city centre,en-GB,transport.airport-to-city,1,4400,0,YES,AI overview 9 sitelinks plus people also ask,rome2rio.com,80,1871,belfasttransfersandtours.com,0,0,6,99,MEDIUM rome2rio at 2 and 7,dublinexpress and aircoach in AI overview,OPEN,2026-09-29
krakow airport to city centre,en-GB,transport.airport-to-city,1,2700,0,YES,AI overview 7 sitelinks plus people also ask,visitkrakow.com,49,1068,hellocracow.com,10,2,7,239,LOW hoppa 5th flixbus 6th,visitkrakow.com DR 49 at 3,OPEN,2026-09-29
wetter konstanz,de-DE,weather.city-best-time,3,9200,0,no,knowledge_card,wetter.de,80,923,wetter33.de,19,2,10,0,SPECIALIST_WEATHER_DOMAINS,none,SERP_FEATURE_SUPPRESSED,no
spokane weather,en-US,weather.city-best-time,3,68000,13,no,knowledge_card+question,weather.gov,91,10905,kxly.com,72,15,10,323,NATIONAL_WEATHER_SERVICES,local TV stations only,SERP_FEATURE_SUPPRESSED,no
restaurants lincoln,en-GB,places.city-category,3,2700,0,no,local_pack+question,visitlincoln.com,61,7164,whitehorselincoln.co.uk,13,244,5,2148,LOW_TRIPADVISOR_337,visitlincoln DMO wins at 7164,OPEN,yes
houses for sale carlisle,en-GB,property.city-buy,3,7000,0,yes,ai_overview,rightmove.co.uk,85,6322,homesearch-direct.co.uk,7,0,3,1591,PORTALS_TOP2_BUT_AGENTS_RANK,local estate agents at DR 7-12,OPEN_BUT_SOURCE_BLOCKED,no
lincoln to nottingham,en-GB,route.city-pair,3,1100,0,yes,ai_overview+question,thetrainline.com,84,426,mytrainpal.com,53,0,9,27,RAIL_OPERATORS_AND_AGGREGATORS,none,AGGREGATOR_LOCKED,no
