surface,families,raw_all_markets,raw_single_market,source_obtainable_raw,source_backed_today_raw,validated,promising,experiment_only,missing_data,blocked_licence,not_implemented,reject,publishable_now_families,measured_keywords,serp_samples
climate,4,1175538,106867,1175538,1175538,2,0,2,0,0,0,0,2,7,0
areas,9,674084,61280,674084,349474,0,1,2,1,0,5,0,1,74,1
move,20,582988,52999,582988,5229,0,0,1,17,0,2,0,0,39,0
pulse,12,380714,34611,4194,3435,5,0,1,1,5,0,0,5,49,1
stay,5,375470,34134,168900,0,0,0,0,3,2,0,0,0,29,0
work,4,324839,29531,324839,29510,0,0,0,4,0,0,0,0,13,0
sport,2,295100,26827,295100,0,0,0,1,0,0,1,0,0,16,0
transport,4,93915,8538,93915,34395,0,0,0,2,0,2,0,0,10,1
tools,11,79331,7212,79331,46870,8,0,0,1,0,2,0,8,20,0
connectivity,2,32249,2932,0,0,0,0,0,0,0,0,2,0,0,0
safety,2,32249,2932,32249,0,0,0,0,2,0,0,0,0,6,0
community,1,6720,611,0,0,0,0,0,0,1,0,0,0,0,0
