searcher_market,language,city,city_country,city_id,volume,source_keyword,how_resolved
tr-TR,tr,Urla,TR,298316,5400,urlada gezilecek yerler,tr_stripped_-da:unique
tr-TR,tr,İzmir,TR,311046,5200,izmirde gezilecek yerler,tr_stripped_-de:unique
tr-TR,tr,Antalya,TR,323777,3000,antalyada gezilecek yerler,tr_stripped_-da:unique
tr-TR,tr,Samsun,TR,740264,2000,samsunda gezilecek yerler,tr_stripped_-da:unique
tr-TR,tr,Bolu,TR,750516,1900,boluda gezilecek yerler,tr_stripped_-da:unique
tr-TR,tr,Şile,TR,739636,1800,şilede gezilecek yerler,tr_stripped_-de:unique
tr-TR,tr,Konya,TR,306571,1500,konyada gezilecek yerler,tr_stripped_-da:unique
tr-TR,tr,Fethiye,TR,314967,1300,fethiyede gezilecek yerler,tr_stripped_-de:unique
tr-TR,tr,Adalar,TR,750249,1300,adalarda gezilecek yerler,tr_stripped_-da:unique
tr-TR,tr,Denizli,TR,317109,1200,denizlide gezilecek yerler,tr_stripped_-de:unique
tr-TR,tr,Çorum,TR,748879,1200,çorumda gezilecek yerler,tr_stripped_-da:unique
tr-TR,tr,Eskişehir,TR,315202,1100,eskişehirde gezilecek yerler,tr_stripped_-de:unique
tr-TR,tr,Mardin,TR,304797,1100,mardinde gezilecek yerler,tr_stripped_-de:unique
tr-TR,tr,Adana,TR,325363,1000,adanada gezilecek yerler,tr_stripped_-da:unique
tr-TR,tr,Tarsus,TR,299817,1000,tarsusta gezilecek yerler,tr_stripped_-ta:unique
tr-TR,tr,Üsküdar,TR,738329,1000,üsküdarda gezilecek yerler,tr_stripped_-da:unique
tr-TR,tr,Niğde,TR,303827,1000,niğdede gezilecek yerler,tr_stripped_-de:unique
tr-TR,tr,Dikili,TR,316726,900,dikilide gezilecek yerler,tr_stripped_-de:unique
tr-TR,tr,Trabzon,TR,738648,800,trabzonda gezilecek yerler,tr_stripped_-da:unique
tr-TR,tr,Manavgat,TR,304854,700,manavgatta gezilecek yerler,tr_stripped_-ta:unique
tr-TR,tr,Bodrum,TR,320995,600,bodrumda gezilecek yerler,tr_stripped_-da:unique
tr-TR,tr,Ürgüp,TR,298326,600,ürgüpte gezilecek yerler,tr_stripped_-te:unique
tr-TR,tr,Beypazarı,TR,750637,600,beypazarında gezilecek yerler,tr_stripped_-nda:unique
tr-TR,tr,Manisa,TR,304827,600,manisada gezilecek yerler,tr_stripped_-da:unique
tr-TR,tr,Uşak,TR,298299,500,uşakta gezilecek yerler,tr_stripped_-ta:unique
tr-TR,tr,Silifke,TR,300808,500,silifkede gezilecek yerler,tr_stripped_-de:unique
tr-TR,tr,Erdek,TR,747482,500,erdekte gezilecek yerler,tr_stripped_-te:unique
tr-TR,tr,Tuzla,BA,3188582,500,tuzlada gezilecek yerler,tr_stripped_-da:dominant_142486_vs_6292
tr-TR,tr,İznik,TR,745026,500,iznikte gezilecek yerler,tr_stripped_-te:unique
tr-TR,tr,Merzifon,TR,741609,450,merzifonda gezilecek yerler,tr_stripped_-da:unique
tr-TR,tr,Belek,TR,321580,450,belekte gezilecek yerler,tr_stripped_-te:unique
tr-TR,tr,Berlin,DE,2950159,450,berlinde gezilecek yerler,tr_stripped_-de:dominant_3426354_vs_11313
tr-TR,tr,Çatalca,TR,749644,400,çatalcada gezilecek yerler,tr_stripped_-da:unique
tr-TR,tr,Fatih,TR,747158,400,fatihte gezilecek yerler,tr_stripped_-te:unique
tr-TR,tr,Kilis,TR,307864,400,kiliste gezilecek yerler,tr_stripped_-te:unique
tr-TR,tr,Edirne,TR,747712,400,edirnede gezilecek yerler,tr_stripped_-de:unique
tr-TR,tr,Silivri,TR,739634,400,silivride gezilecek yerler,tr_stripped_-de:unique
tr-TR,tr,Midyat,TR,304382,400,midyatta gezilecek yerler,tr_stripped_-ta:unique
tr-TR,tr,Kırıkkale,TR,307654,400,kırıkkalede gezilecek yerler,tr_stripped_-de:unique
tr-TR,tr,Develi,TR,316795,400,develide gezilecek yerler,tr_stripped_-de:unique
tr-TR,tr,Kartal,HU,3050526,350,kartalda gezilecek yerler,tr_stripped_-da:unique
tr-TR,tr,Karabük,TR,744562,350,karabükte gezilecek yerler,tr_stripped_-te:unique
tr-TR,tr,Karasu,TR,744092,350,karasuda gezilecek yerler,tr_stripped_-da:unique
tr-TR,tr,Sivrihisar,TR,300593,350,sivrihisarda gezilecek yerler,tr_stripped_-da:unique
tr-TR,tr,Muğla,TR,304184,350,muglada gezilecek yerler,tr_stripped_-da:unique
tr-TR,tr,Bartın,TR,751057,350,bartında gezilecek yerler,tr_stripped_-da:unique
tr-TR,tr,Bingöl,TR,321082,350,bingölde gezilecek yerler,tr_stripped_-de:unique
tr-TR,tr,Konak,TR,306641,350,konakta gezilecek yerler,tr_stripped_-ta:unique
tr-TR,tr,Sapanca,TR,740230,300,sapancada gezilecek yerler,tr_stripped_-da:unique
tr-TR,tr,Finike,TR,314923,300,finikede gezilecek yerler,tr_stripped_-de:unique
