language,entity,volume,source_keyword,note
de,travemünde,3000,travemünde sehenswürdigkeiten,small town
it,assisi,9000,assisi cosa vedere,small town
it,siviglia,6400,siviglia cosa vedere,foreign exonym
it,san gimignano,4800,san gimignano cosa vedere,small town
nl,keulen,600,bezienswaardigheden keulen,foreign exonym
pl,karpacz,8100,karpacz atrakcje,small town
pl,warszawa,6000,warszawa atrakcje,
pl,kazimierz dolny,5100,kazimierz dolny atrakcje,small town
pl,świeradów zdrój,4800,świeradów zdrój atrakcje,small town
pl,łeba,3000,łeba atrakcje,small town
pl,białka tatrzańska,2800,białka tatrzańska atrakcje,small town
pl,zwierzyniec,2800,zwierzyniec atrakcje,small town
pt,monte verde,7500,o que fazer em monte verde,small town
pt,porto de galinhas,5600,o que fazer em porto de galinhas,small town
