source_licensing_status	candidates	measured	measured_volume_sum	best_measured_volume	avg_kd_measured	already_live	validated	rejected	needs_data
no licence needed	378	39	2306687	627451	5.7	0	25	0	0
unverified	8	3	293067	283339	0.0	0	0	0	8
blocked	2	1	257000	257000		0	0	0	0
no additional licence needed	117	5	148947	143332	29.8	0	5	0	9
ODbL 1.0, share-alike on the database, attribution required	3752	520	1092182	137005	3.2	54	176	0	0
Eurostat reuse policy, commercial reuse permitted with attribution	639	21	74702	31061	4.4	63	69	0	0
ODbL 1.0 for the holiday input; working-time rules need a second source	630	350	827925	17291	0.5	0	260	0	162
CC BY 4.0, commercial reuse permitted with attribution	351	14	13575	5410	2.2	0	0	0	0
Eurostat reuse policy plus CC BY 4.0, commercial reuse permitted	1791	23	6183	2290	2.8	193	193	0	0
CC BY 4.0 for climate, CC0 1.0 for venues	1044	0	0			29	29	0	0
CC BY 4.0 for climate; no venue data for this country	936	0	0			0	0	0	936
CC BY 4.0, no restrictions on reuse	495	0	0			0	0	495	0
tax-rules-verified licence to be established	9	0	0			0	0	0	9
